timestamp,PM2.5,humidity,temperature,month,day_of_month,day_of_year,week_of_year,day_of_week,year,is_wknd,is_month_start,is_month_end
2020-05-27 12:00:00,32.85,74.03,31.53,5,27,148,22,3,2020,0,0,0
2020-05-27 13:00:00,32.12,73.32,31.48,5,27,148,22,3,2020,0,0,0
2020-05-27 14:00:00,36.83,78.8,30.88,5,27,148,22,3,2020,0,0,0
2020-05-27 15:00:00,38.48,81.32,30.34,5,27,148,22,3,2020,0,0,0
2020-05-27 16:00:00,40.46,81.35,30.4,5,27,148,22,3,2020,0,0,0
2020-05-27 17:00:00,46.4,84.61,29.87,5,27,148,22,3,2020,0,0,0
2020-05-27 18:00:00,47.94,86.23,29.65,5,27,148,22,3,2020,0,0,0
2020-05-27 19:00:00,48.08,87.21,29.23,5,27,148,22,3,2020,0,0,0
2020-05-27 20:00:00,50.16,87.67,28.92,5,27,148,22,3,2020,0,0,0
2020-05-27 21:00:00,47.88,87.73,28.93,5,27,148,22,3,2020,0,0,0
2020-05-27 22:00:00,51.08,88.08,28.97,5,27,148,22,3,2020,0,0,0
2020-05-27 23:00:00,55.09,89.86,28.77,5,27,148,22,3,2020,0,0,0
2020-05-28 00:00:00,55.0,90.91,28.69,5,28,149,22,4,2020,0,0,0
2020-05-28 01:00:00,54.78,92.88,28.43,5,28,149,22,4,2020,0,0,0
2020-05-28 02:00:00,49.85,93.41,28.33,5,28,149,22,4,2020,0,0,0
2020-05-28 03:00:00,60.53,92.42,28.21,5,28,149,22,4,2020,0,0,0
2020-05-28 04:00:00,84.43,91.41,28.19,5,28,149,22,4,2020,0,0,0
2020-05-28 05:00:00,62.2,88.73,28.14,5,28,149,22,4,2020,0,0,0
2020-05-28 06:00:00,52.93,88.21,28.08,5,28,149,22,4,2020,0,0,0
2020-05-28 07:00:00,60.22,89.07,28.34,5,28,149,22,4,2020,0,0,0
2020-05-28 08:00:00,59.53,88.73,29.09,5,28,149,22,4,2020,0,0,0
2020-05-28 09:00:00,57.55,84.58,29.7,5,28,149,22,4,2020,0,0,0
2020-05-28 10:00:00,48.25,81.3,30.65,5,28,149,22,4,2020,0,0,0
2020-05-28 11:00:00,46.07,79.42,31.35,5,28,149,22,4,2020,0,0,0
2020-05-28 12:00:00,47.48,75.03,31.92,5,28,149,22,4,2020,0,0,0
2020-05-28 13:00:00,45.41,76.56,31.65,5,28,149,22,4,2020,0,0,0
2020-05-28 14:00:00,49.83,76.17,31.98,5,28,149,22,4,2020,0,0,0
2020-05-28 15:00:00,49.71,75.11,32.23,5,28,149,22,4,2020,0,0,0
2020-05-28 16:00:00,50.68,74.93,32.45,5,28,149,22,4,2020,0,0,0
2020-05-28 17:00:00,50.07,76.84,32.33,5,28,149,22,4,2020,0,0,0
2020-05-28 18:00:00,53.98,76.66,32.26,5,28,149,22,4,2020,0,0,0
2020-05-28 19:00:00,58.19,79.02,31.87,5,28,149,22,4,2020,0,0,0
2020-05-28 20:00:00,48.66,79.23,31.33,5,28,149,22,4,2020,0,0,0
2020-05-28 21:00:00,47.78,80.81,30.91,5,28,149,22,4,2020,0,0,0
2020-05-28 22:00:00,50.67,83.92,30.36,5,28,149,22,4,2020,0,0,0
2020-05-28 23:00:00,47.12,87.66,29.88,5,28,149,22,4,2020,0,0,0
2020-05-29 00:00:00,39.71,92.33,29.39,5,29,150,22,5,2020,1,0,0
2020-05-29 01:00:00,43.14,96.89,28.74,5,29,150,22,5,2020,1,0,0
2020-05-29 02:00:00,47.74,96.44,28.84,5,29,150,22,5,2020,1,0,0
2020-05-29 03:00:00,51.96,98.13,28.67,5,29,150,22,5,2020,1,0,0
2020-05-29 04:00:00,56.8,99.28,28.52,5,29,150,22,5,2020,1,0,0
2020-05-29 05:00:00,55.63,98.67,28.53,5,29,150,22,5,2020,1,0,0
2020-05-29 06:00:00,55.41,98.74,28.5,5,29,150,22,5,2020,1,0,0
2020-05-29 07:00:00,53.28,96.78,28.88,5,29,150,22,5,2020,1,0,0
2020-05-29 08:00:00,56.08,95.2,29.33,5,29,150,22,5,2020,1,0,0
2020-05-29 09:00:00,57.64,93.03,29.33,5,29,150,22,5,2020,1,0,0
2020-05-29 10:00:00,50.49,90.44,30.63,5,29,150,22,5,2020,1,0,0
2020-05-29 11:00:00,47.9,84.96,31.95,5,29,150,22,5,2020,1,0,0
2020-05-29 12:00:00,47.0,81.29,33.12,5,29,150,22,5,2020,1,0,0
2020-05-29 13:00:00,44.62,75.53,34.22,5,29,150,22,5,2020,1,0,0
2020-05-29 14:00:00,39.86,74.65,34.16,5,29,150,22,5,2020,1,0,0
2020-05-29 15:00:00,36.99,73.03,34.63,5,29,150,22,5,2020,1,0,0
2020-05-29 16:00:00,37.05,72.04,34.45,5,29,150,22,5,2020,1,0,0
2020-05-29 17:00:00,37.81,75.78,34.25,5,29,150,22,5,2020,1,0,0
2020-05-29 18:00:00,38.39,79.14,33.64,5,29,150,22,5,2020,1,0,0
2020-05-29 19:00:00,39.88,82.32,32.78,5,29,150,22,5,2020,1,0,0
2020-05-29 20:00:00,39.63,83.28,31.92,5,29,150,22,5,2020,1,0,0
2020-05-29 21:00:00,38.84,84.1,31.41,5,29,150,22,5,2020,1,0,0
2020-05-29 22:00:00,42.18,80.49,30.95,5,29,150,22,5,2020,1,0,0
2020-05-29 23:00:00,42.27,91.13,30.68,5,29,150,22,5,2020,1,0,0
2020-05-30 00:00:00,38.04,94.22,30.08,5,30,151,22,6,2020,1,0,0
2020-05-30 01:00:00,39.77,98.86,29.44,5,30,151,22,6,2020,1,0,0
2020-05-30 02:00:00,36.39,99.96,29.23,5,30,151,22,6,2020,1,0,0
2020-05-30 03:00:00,33.09,100.0,28.98,5,30,151,22,6,2020,1,0,0
2020-05-30 04:00:00,29.28,100.0,28.83,5,30,151,22,6,2020,1,0,0
2020-05-30 05:00:00,27.93,100.0,28.85,5,30,151,22,6,2020,1,0,0
2020-05-30 06:00:00,27.83,100.0,29.07,5,30,151,22,6,2020,1,0,0
2020-05-30 07:00:00,29.65,99.75,29.66,5,30,151,22,6,2020,1,0,0
2020-05-30 08:00:00,36.65,94.73,30.85,5,30,151,22,6,2020,1,0,0
2020-05-30 09:00:00,40.7,86.6,32.18,5,30,151,22,6,2020,1,0,0
2020-05-30 10:00:00,41.26,83.47,33.18,5,30,151,22,6,2020,1,0,0
2020-05-30 11:00:00,39.63,78.93,33.77,5,30,151,22,6,2020,1,0,0
2020-05-30 12:00:00,33.9,68.48,35.41,5,30,151,22,6,2020,1,0,0
2020-05-30 13:00:00,31.03,64.08,36.24,5,30,151,22,6,2020,1,0,0
2020-05-30 14:00:00,30.56,63.54,36.42,5,30,151,22,6,2020,1,0,0
2020-05-30 15:00:00,31.34,64.58,36.15,5,30,151,22,6,2020,1,0,0
2020-05-30 16:00:00,30.27,64.96,36.08,5,30,151,22,6,2020,1,0,0
2020-05-30 17:00:00,32.84,65.9,35.89,5,30,151,22,6,2020,1,0,0
2020-05-30 18:00:00,35.55,72.05,34.52,5,30,151,22,6,2020,1,0,0
2020-05-30 19:00:00,48.87,75.64,33.48,5,30,151,22,6,2020,1,0,0
2020-05-30 20:00:00,51.67,78.31,32.53,5,30,151,22,6,2020,1,0,0
2020-05-30 21:00:00,62.32,81.09,32.28,5,30,151,22,6,2020,1,0,0
2020-05-30 22:00:00,51.69,95.95,29.88,5,30,151,22,6,2020,1,0,0
2020-05-30 23:00:00,40.48,99.94,28.76,5,30,151,22,6,2020,1,0,0
2020-05-31 00:00:00,61.16,100.0,29.14,5,31,152,22,7,2020,1,0,1
2020-05-31 01:00:00,40.19,100.0,29.48,5,31,152,22,7,2020,1,0,1
2020-05-31 02:00:00,29.07,100.0,29.44,5,31,152,22,7,2020,1,0,1
2020-05-31 03:00:00,25.93,100.0,29.27,5,31,152,22,7,2020,1,0,1
2020-05-31 04:00:00,28.9,100.0,29.21,5,31,152,22,7,2020,1,0,1
2020-05-31 05:00:00,35.91,100.0,29.18,5,31,152,22,7,2020,1,0,1
2020-05-31 06:00:00,32.75,100.0,29.27,5,31,152,22,7,2020,1,0,1
2020-05-31 07:00:00,35.3,100.0,29.61,5,31,152,22,7,2020,1,0,1
2020-05-31 08:00:00,51.99,98.58,30.6,5,31,152,22,7,2020,1,0,1
2020-05-31 09:00:00,72.41,90.2,32.31,5,31,152,22,7,2020,1,0,1
2020-05-31 10:00:00,62.16,82.68,34.08,5,31,152,22,7,2020,1,0,1
2020-05-31 11:00:00,46.68,74.98,35.53,5,31,152,22,7,2020,1,0,1
2020-05-31 12:00:00,38.19,67.16,36.63,5,31,152,22,7,2020,1,0,1
2020-05-31 13:00:00,29.78,61.41,37.06,5,31,152,22,7,2020,1,0,1
2020-05-31 14:00:00,28.7,63.79,36.6,5,31,152,22,7,2020,1,0,1
2020-05-31 15:00:00,27.68,64.88,36.42,5,31,152,22,7,2020,1,0,1
2020-05-31 16:00:00,27.34,65.06,36.19,5,31,152,22,7,2020,1,0,1
2020-05-31 17:00:00,28.44,66.02,36.1,5,31,152,22,7,2020,1,0,1
2020-05-31 18:00:00,31.28,68.37,35.75,5,31,152,22,7,2020,1,0,1
2020-05-31 19:00:00,34.14,69.23,35.16,5,31,152,22,7,2020,1,0,1
2020-05-31 20:00:00,49.81,76.78,34.43,5,31,152,22,7,2020,1,0,1
2020-05-31 21:00:00,56.58,80.58,33.53,5,31,152,22,7,2020,1,0,1
2020-05-31 22:00:00,60.65,79.65,33.29,5,31,152,22,7,2020,1,0,1
2020-05-31 23:00:00,49.29,79.37,32.78,5,31,152,22,7,2020,1,0,1
2020-01-06 00:00:00,38.05,82.93,31.99,1,6,6,2,1,2020,0,0,0
2020-01-06 01:00:00,30.88,86.63,31.33,1,6,6,2,1,2020,0,0,0
2020-01-06 02:00:00,29.23,87.43,31.12,1,6,6,2,1,2020,0,0,0
2020-01-06 03:00:00,30.05,89.74,30.83,1,6,6,2,1,2020,0,0,0
2020-01-06 04:00:00,30.4,92.16,30.57,1,6,6,2,1,2020,0,0,0
2020-01-06 05:00:00,32.86,93.66,30.36,1,6,6,2,1,2020,0,0,0
2020-01-06 06:00:00,34.95,97.55,29.98,1,6,6,2,1,2020,0,0,0
2020-01-06 07:00:00,39.39,97.97,30.01,1,6,6,2,1,2020,0,0,0
2020-01-06 08:00:00,36.62,91.37,31.36,1,6,6,2,1,2020,0,0,0
2020-01-06 09:00:00,33.26,78.65,33.22,1,6,6,2,1,2020,0,0,0
2020-01-06 10:00:00,34.03,73.05,34.48,1,6,6,2,1,2020,0,0,0
2020-01-06 11:00:00,31.97,68.57,35.62,1,6,6,2,1,2020,0,0,0
2020-01-06 12:00:00,30.89,64.86,36.78,1,6,6,2,1,2020,0,0,0
2020-01-06 13:00:00,30.58,65.21,36.55,1,6,6,2,1,2020,0,0,0
2020-01-06 14:00:00,30.77,66.5,36.23,1,6,6,2,1,2020,0,0,0
2020-01-06 15:00:00,29.48,66.21,36.03,1,6,6,2,1,2020,0,0,0
2020-01-06 16:00:00,29.59,65.56,36.43,1,6,6,2,1,2020,0,0,0
2020-01-06 17:00:00,28.73,64.25,36.31,1,6,6,2,1,2020,0,0,0
2020-01-06 18:00:00,28.2,70.72,32.4,1,6,6,2,1,2020,0,0,0
2020-01-06 19:00:00,29.92,80.98,30.93,1,6,6,2,1,2020,0,0,0
2020-01-06 20:00:00,35.55,91.97,29.0,1,6,6,2,1,2020,0,0,0
2020-01-06 21:00:00,37.48,99.32,28.18,1,6,6,2,1,2020,0,0,0
2020-01-06 22:00:00,31.79,97.45,28.03,1,6,6,2,1,2020,0,0,0
2020-01-06 23:00:00,34.34,98.21,28.2,1,6,6,2,1,2020,0,0,0
2020-02-06 00:00:00,39.07,99.66,28.46,2,6,37,6,4,2020,0,0,0
2020-02-06 01:00:00,38.07,100.0,28.52,2,6,37,6,4,2020,0,0,0
2020-02-06 02:00:00,45.24,100.0,28.72,2,6,37,6,4,2020,0,0,0
2020-02-06 03:00:00,51.13,100.0,28.68,2,6,37,6,4,2020,0,0,0
2020-02-06 04:00:00,62.74,100.0,28.83,2,6,37,6,4,2020,0,0,0
2020-02-06 05:00:00,66.6,100.0,28.82,2,6,37,6,4,2020,0,0,0
2020-02-06 06:00:00,49.03,99.97,29.27,2,6,37,6,4,2020,0,0,0
2020-02-06 07:00:00,45.67,98.33,29.77,2,6,37,6,4,2020,0,0,0
2020-02-06 08:00:00,45.97,89.96,30.93,2,6,37,6,4,2020,0,0,0
2020-02-06 09:00:00,39.55,77.09,32.76,2,6,37,6,4,2020,0,0,0
2020-02-06 10:00:00,35.25,68.18,34.72,2,6,37,6,4,2020,0,0,0
2020-02-06 11:00:00,29.8,62.68,36.05,2,6,37,6,4,2020,0,0,0
2020-02-06 12:00:00,28.29,59.58,37.3,2,6,37,6,4,2020,0,0,0
2020-02-06 13:00:00,28.2,60.43,37.26,2,6,37,6,4,2020,0,0,0
2020-02-06 14:00:00,27.83,61.1,37.2,2,6,37,6,4,2020,0,0,0
2020-02-06 15:00:00,28.41,60.13,37.48,2,6,37,6,4,2020,0,0,0
2020-02-06 16:00:00,28.48,59.9,37.41,2,6,37,6,4,2020,0,0,0
2020-02-06 17:00:00,29.45,64.27,36.42,2,6,37,6,4,2020,0,0,0
2020-02-06 18:00:00,30.09,73.83,32.83,2,6,37,6,4,2020,0,0,0
2020-02-06 19:00:00,32.6,69.01,32.22,2,6,37,6,4,2020,0,0,0
2020-02-06 20:00:00,45.17,75.88,31.29,2,6,37,6,4,2020,0,0,0
2020-02-06 21:00:00,67.08,83.17,31.11,2,6,37,6,4,2020,0,0,0
2020-02-06 22:00:00,69.03,87.86,30.7,2,6,37,6,4,2020,0,0,0
2020-02-06 23:00:00,74.41,92.29,30.56,2,6,37,6,4,2020,0,0,0
2020-03-06 00:00:00,53.18,92.77,30.79,3,6,66,10,5,2020,1,0,0
2020-03-06 01:00:00,34.67,90.21,30.94,3,6,66,10,5,2020,1,0,0
2020-03-06 02:00:00,32.51,91.44,30.72,3,6,66,10,5,2020,1,0,0
2020-03-06 03:00:00,35.68,92.63,30.68,3,6,66,10,5,2020,1,0,0
2020-03-06 04:00:00,73.63,93.83,30.78,3,6,66,10,5,2020,1,0,0
2020-03-06 05:00:00,43.48,93.78,30.9,3,6,66,10,5,2020,1,0,0
2020-03-06 06:00:00,35.15,95.78,30.68,3,6,66,10,5,2020,1,0,0
2020-03-06 07:00:00,33.67,95.54,30.48,3,6,66,10,5,2020,1,0,0
2020-03-06 08:00:00,36.16,86.93,31.89,3,6,66,10,5,2020,1,0,0
2020-03-06 09:00:00,37.18,80.19,33.51,3,6,66,10,5,2020,1,0,0
2020-03-06 10:00:00,37.99,72.73,34.94,3,6,66,10,5,2020,1,0,0
2020-03-06 11:00:00,36.68,68.71,36.02,3,6,66,10,5,2020,1,0,0
2020-03-06 12:00:00,34.51,63.34,37.08,3,6,66,10,5,2020,1,0,0
2020-03-06 13:00:00,34.53,64.2,36.88,3,6,66,10,5,2020,1,0,0
2020-03-06 14:00:00,33.57,64.31,36.86,3,6,66,10,5,2020,1,0,0
2020-03-06 15:00:00,32.89,64.64,36.68,3,6,66,10,5,2020,1,0,0
2020-03-06 16:00:00,35.33,68.68,35.58,3,6,66,10,5,2020,1,0,0
2020-03-06 17:00:00,36.54,70.1,35.16,3,6,66,10,5,2020,1,0,0
2020-03-06 18:00:00,46.42,75.0,35.18,3,6,66,10,5,2020,1,0,0
2020-03-06 19:00:00,49.23,75.91,34.4,3,6,66,10,5,2020,1,0,0
2020-03-06 20:00:00,64.21,78.57,33.24,3,6,66,10,5,2020,1,0,0
2020-03-06 21:00:00,63.95,80.86,32.47,3,6,66,10,5,2020,1,0,0
2020-03-06 22:00:00,59.78,84.73,31.92,3,6,66,10,5,2020,1,0,0
2020-03-06 23:00:00,44.64,85.98,31.6,3,6,66,10,5,2020,1,0,0
2020-04-06 00:00:00,35.28,88.33,31.3,4,6,97,15,1,2020,0,0,0
2020-04-06 01:00:00,29.88,92.32,30.88,4,6,97,15,1,2020,0,0,0
2020-04-06 02:00:00,29.23,95.06,30.6,4,6,97,15,1,2020,0,0,0
2020-04-06 03:00:00,29.03,95.79,30.42,4,6,97,15,1,2020,0,0,0
2020-04-06 04:00:00,27.95,96.24,30.24,4,6,97,15,1,2020,0,0,0
2020-04-06 05:00:00,27.72,96.01,30.13,4,6,97,15,1,2020,0,0,0
2020-04-06 06:00:00,30.03,96.9,30.08,4,6,97,15,1,2020,0,0,0
2020-04-06 07:00:00,33.44,97.08,30.41,4,6,97,15,1,2020,0,0,0
2020-04-06 08:00:00,35.58,92.6,31.58,4,6,97,15,1,2020,0,0,0
2020-04-06 09:00:00,38.36,87.13,32.83,4,6,97,15,1,2020,0,0,0
2020-04-06 10:00:00,38.72,81.58,34.09,4,6,97,15,1,2020,0,0,0
2020-04-06 11:00:00,37.03,75.52,35.5,4,6,97,15,1,2020,0,0,0
2020-04-06 12:00:00,36.14,69.38,37.08,4,6,97,15,1,2020,0,0,0
2020-04-06 13:00:00,39.58,70.73,37.02,4,6,97,15,1,2020,0,0,0
2020-04-06 14:00:00,35.29,65.98,37.46,4,6,97,15,1,2020,0,0,0
2020-04-06 15:00:00,31.44,62.18,37.91,4,6,97,15,1,2020,0,0,0
2020-04-06 16:00:00,32.53,63.08,37.88,4,6,97,15,1,2020,0,0,0
2020-04-06 17:00:00,35.35,68.35,37.09,4,6,97,15,1,2020,0,0,0
2020-04-06 18:00:00,49.08,70.02,35.76,4,6,97,15,1,2020,0,0,0
2020-04-06 19:00:00,70.34,72.68,34.78,4,6,97,15,1,2020,0,0,0
2020-04-06 20:00:00,94.21,74.63,34.07,4,6,97,15,1,2020,0,0,0
2020-04-06 21:00:00,82.14,74.96,33.31,4,6,97,15,1,2020,0,0,0
2020-04-06 22:00:00,67.73,78.46,32.82,4,6,97,15,1,2020,0,0,0
2020-04-06 23:00:00,58.94,81.21,32.45,4,6,97,15,1,2020,0,0,0
2020-05-06 00:00:00,49.49,84.2,31.93,5,6,127,19,3,2020,0,0,0
2020-05-06 01:00:00,38.35,88.14,31.4,5,6,127,19,3,2020,0,0,0
2020-05-06 02:00:00,29.8,92.06,30.98,5,6,127,19,3,2020,0,0,0
2020-05-06 03:00:00,28.32,94.7,30.8,5,6,127,19,3,2020,0,0,0
2020-05-06 04:00:00,29.31,96.69,30.52,5,6,127,19,3,2020,0,0,0
2020-05-06 05:00:00,29.38,96.37,30.42,5,6,127,19,3,2020,0,0,0
2020-05-06 06:00:00,31.41,96.46,30.31,5,6,127,19,3,2020,0,0,0
2020-05-06 07:00:00,37.5,95.33,30.74,5,6,127,19,3,2020,0,0,0
2020-05-06 08:00:00,41.26,93.7,31.34,5,6,127,19,3,2020,0,0,0
2020-05-06 09:00:00,45.19,86.78,32.09,5,6,127,19,3,2020,0,0,0
2020-05-06 10:00:00,48.98,88.29,32.82,5,6,127,19,3,2020,0,0,0
2020-05-06 11:00:00,71.43,85.26,33.58,5,6,127,19,3,2020,0,0,0
2020-05-06 12:00:00,65.88,78.32,34.94,5,6,127,19,3,2020,0,0,0
2020-05-06 13:00:00,56.34,76.43,35.23,5,6,127,19,3,2020,0,0,0
2020-05-06 14:00:00,45.84,70.11,36.18,5,6,127,19,3,2020,0,0,0
2020-05-06 15:00:00,40.99,67.7,36.21,5,6,127,19,3,2020,0,0,0
2020-05-06 16:00:00,36.93,65.58,36.28,5,6,127,19,3,2020,0,0,0
2020-05-06 17:00:00,36.37,66.89,36.36,5,6,127,19,3,2020,0,0,0
2020-05-06 18:00:00,36.15,67.41,36.04,5,6,127,19,3,2020,0,0,0
2020-05-06 19:00:00,61.24,74.03,35.44,5,6,127,19,3,2020,0,0,0
2020-05-06 20:00:00,95.63,77.63,34.4,5,6,127,19,3,2020,0,0,0
2020-05-06 21:00:00,93.42,76.33,33.83,5,6,127,19,3,2020,0,0,0
2020-05-06 22:00:00,76.28,78.52,33.17,5,6,127,19,3,2020,0,0,0
2020-05-06 23:00:00,58.82,80.88,32.83,5,6,127,19,3,2020,0,0,0
2020-06-06 00:00:00,52.16,85.17,32.05,6,6,158,23,6,2020,1,0,0
2020-06-06 01:00:00,50.86,90.08,31.35,6,6,158,23,6,2020,1,0,0
2020-06-06 02:00:00,40.37,92.9,30.8,6,6,158,23,6,2020,1,0,0
2020-06-06 03:00:00,41.38,93.47,30.73,6,6,158,23,6,2020,1,0,0
2020-06-06 04:00:00,48.73,95.16,30.55,6,6,158,23,6,2020,1,0,0
2020-06-06 05:00:00,35.12,95.94,30.36,6,6,158,23,6,2020,1,0,0
2020-06-06 06:00:00,36.51,96.23,30.36,6,6,158,23,6,2020,1,0,0
2020-06-06 07:00:00,45.71,95.17,30.71,6,6,158,23,6,2020,1,0,0
2020-06-06 08:00:00,40.47,92.43,31.37,6,6,158,23,6,2020,1,0,0
2020-06-06 09:00:00,55.85,88.23,32.62,6,6,158,23,6,2020,1,0,0
2020-06-06 10:00:00,52.41,81.14,34.23,6,6,158,23,6,2020,1,0,0
2020-06-06 11:00:00,44.91,71.97,35.84,6,6,158,23,6,2020,1,0,0
2020-06-06 12:00:00,34.39,64.18,36.88,6,6,158,23,6,2020,1,0,0
2020-06-06 13:00:00,30.09,63.88,36.23,6,6,158,23,6,2020,1,0,0
2020-06-06 14:00:00,29.49,66.3,36.04,6,6,158,23,6,2020,1,0,0
2020-06-06 15:00:00,29.8,66.46,36.03,6,6,158,23,6,2020,1,0,0
2020-06-06 16:00:00,27.93,64.97,36.26,6,6,158,23,6,2020,1,0,0
2020-06-06 17:00:00,29.59,64.79,36.44,6,6,158,23,6,2020,1,0,0
2020-06-06 18:00:00,33.93,66.87,36.1,6,6,158,23,6,2020,1,0,0
2020-06-06 19:00:00,69.47,72.07,35.37,6,6,158,23,6,2020,1,0,0
2020-06-06 20:00:00,156.17,76.06,34.58,6,6,158,23,6,2020,1,0,0
2020-06-06 21:00:00,178.48,76.7,34.15,6,6,158,23,6,2020,1,0,0
2020-06-06 22:00:00,112.1,78.08,33.81,6,6,158,23,6,2020,1,0,0
2020-06-06 23:00:00,93.18,81.21,33.22,6,6,158,23,6,2020,1,0,0
2020-07-06 00:00:00,71.94,82.7,32.9,7,6,188,28,1,2020,0,0,0
2020-07-06 01:00:00,55.24,82.41,32.72,7,6,188,28,1,2020,0,0,0
2020-07-06 02:00:00,44.89,82.59,32.48,7,6,188,28,1,2020,0,0,0
2020-07-06 03:00:00,37.58,82.54,32.28,7,6,188,28,1,2020,0,0,0
2020-07-06 04:00:00,32.54,82.02,32.09,7,6,188,28,1,2020,0,0,0
2020-07-06 05:00:00,31.92,82.67,31.88,7,6,188,28,1,2020,0,0,0
2020-07-06 06:00:00,30.6,82.25,31.87,7,6,188,28,1,2020,0,0,0
2020-07-06 07:00:00,31.16,78.67,32.38,7,6,188,28,1,2020,0,0,0
2020-07-06 08:00:00,31.42,73.65,33.45,7,6,188,28,1,2020,0,0,0
2020-07-06 09:00:00,35.73,70.58,34.53,7,6,188,28,1,2020,0,0,0
2020-07-06 10:00:00,31.22,67.86,35.31,7,6,188,28,1,2020,0,0,0
2020-07-06 11:00:00,30.34,66.03,35.83,7,6,188,28,1,2020,0,0,0
2020-07-06 12:00:00,28.59,63.81,36.68,7,6,188,28,1,2020,0,0,0
2020-07-06 13:00:00,28.12,60.33,37.88,7,6,188,28,1,2020,0,0,0
2020-07-06 14:00:00,27.34,55.1,39.04,7,6,188,28,1,2020,0,0,0
2020-07-06 15:00:00,28.31,54.27,38.87,7,6,188,28,1,2020,0,0,0
2020-07-06 16:00:00,28.67,57.54,38.11,7,6,188,28,1,2020,0,0,0
2020-07-06 17:00:00,29.56,59.27,37.73,7,6,188,28,1,2020,0,0,0
2020-07-06 18:00:00,29.5,60.18,37.27,7,6,188,28,1,2020,0,0,0
2020-07-06 19:00:00,40.23,64.38,36.48,7,6,188,28,1,2020,0,0,0
2020-07-06 20:00:00,69.82,71.58,35.33,7,6,188,28,1,2020,0,0,0
2020-07-06 21:00:00,94.69,72.61,34.91,7,6,188,28,1,2020,0,0,0
2020-07-06 22:00:00,107.58,73.65,34.58,7,6,188,28,1,2020,0,0,0
2020-07-06 23:00:00,102.76,76.31,34.22,7,6,188,28,1,2020,0,0,0
2020-08-06 00:00:00,94.28,78.2,33.6,8,6,219,32,4,2020,0,0,0
2020-08-06 01:00:00,55.55,75.22,33.58,8,6,219,32,4,2020,0,0,0
2020-08-06 02:00:00,32.75,74.03,33.43,8,6,219,32,4,2020,0,0,0
2020-08-06 03:00:00,28.29,72.63,33.28,8,6,219,32,4,2020,0,0,0
2020-08-06 04:00:00,27.36,73.73,32.96,8,6,219,32,4,2020,0,0,0
2020-08-06 05:00:00,27.16,73.62,32.78,8,6,219,32,4,2020,0,0,0
2020-08-06 06:00:00,27.25,73.81,32.54,8,6,219,32,4,2020,0,0,0
2020-08-06 07:00:00,28.96,72.7,32.88,8,6,219,32,4,2020,0,0,0
2020-08-06 08:00:00,31.17,68.58,34.1,8,6,219,32,4,2020,0,0,0
2020-08-06 09:00:00,27.37,62.08,35.53,8,6,219,32,4,2020,0,0,0
2020-08-06 10:00:00,27.28,56.98,37.15,8,6,219,32,4,2020,0,0,0
2020-08-06 11:00:00,27.03,55.13,37.81,8,6,219,32,4,2020,0,0,0
2020-08-06 12:00:00,25.58,53.31,39.04,8,6,219,32,4,2020,0,0,0
2020-08-06 13:00:00,26.26,51.78,39.48,8,6,219,32,4,2020,0,0,0
2020-08-06 14:00:00,24.61,51.09,39.63,8,6,219,32,4,2020,0,0,0
2020-08-06 15:00:00,26.23,50.47,39.92,8,6,219,32,4,2020,0,0,0
2020-08-06 16:00:00,25.84,51.98,39.58,8,6,219,32,4,2020,0,0,0
2020-08-06 17:00:00,27.03,52.56,39.18,8,6,219,32,4,2020,0,0,0
2020-08-06 18:00:00,33.61,59.58,38.11,8,6,219,32,4,2020,0,0,0
2020-08-06 19:00:00,46.83,65.14,36.77,8,6,219,32,4,2020,0,0,0
2020-08-06 20:00:00,67.25,68.54,35.82,8,6,219,32,4,2020,0,0,0
2020-08-06 21:00:00,74.54,70.58,35.23,8,6,219,32,4,2020,0,0,0
2020-08-06 22:00:00,77.68,72.27,34.55,8,6,219,32,4,2020,0,0,0
2020-08-06 23:00:00,76.51,76.08,33.48,8,6,219,32,4,2020,0,0,0
2020-09-06 00:00:00,64.09,77.39,32.92,9,6,250,36,7,2020,1,0,0
2020-09-06 01:00:00,45.11,78.91,32.35,9,6,250,36,7,2020,1,0,0
2020-09-06 02:00:00,35.16,80.92,31.91,9,6,250,36,7,2020,1,0,0
2020-09-06 03:00:00,29.47,81.28,31.77,9,6,250,36,7,2020,1,0,0
2020-09-06 04:00:00,29.8,80.93,31.66,9,6,250,36,7,2020,1,0,0
2020-09-06 05:00:00,29.53,82.48,31.48,9,6,250,36,7,2020,1,0,0
2020-09-06 06:00:00,31.96,82.85,31.36,9,6,250,36,7,2020,1,0,0
2020-09-06 07:00:00,35.91,80.42,31.93,9,6,250,36,7,2020,1,0,0
2020-09-06 08:00:00,35.98,76.13,33.45,9,6,250,36,7,2020,1,0,0
2020-09-06 09:00:00,38.27,73.22,34.43,9,6,250,36,7,2020,1,0,0
2020-09-06 10:00:00,35.23,66.83,36.03,9,6,250,36,7,2020,1,0,0
2020-09-06 11:00:00,34.13,63.37,36.8,9,6,250,36,7,2020,1,0,0
2020-09-06 12:00:00,31.26,60.03,37.96,9,6,250,36,7,2020,1,0,0
2020-09-06 13:00:00,28.87,58.95,38.16,9,6,250,36,7,2020,1,0,0
2020-09-06 14:00:00,27.18,58.41,38.22,9,6,250,36,7,2020,1,0,0
2020-09-06 15:00:00,26.53,57.69,38.28,9,6,250,36,7,2020,1,0,0
2020-09-06 16:00:00,28.26,58.03,37.98,9,6,250,36,7,2020,1,0,0
2020-09-06 17:00:00,28.6,53.82,37.89,9,6,250,36,7,2020,1,0,0
2020-09-06 18:00:00,35.05,63.12,36.77,9,6,250,36,7,2020,1,0,0
2020-09-06 19:00:00,46.93,68.6,35.65,9,6,250,36,7,2020,1,0,0
2020-09-06 20:00:00,57.73,71.92,34.58,9,6,250,36,7,2020,1,0,0
2020-09-06 21:00:00,66.47,73.42,33.89,9,6,250,36,7,2020,1,0,0
2020-09-06 22:00:00,71.45,75.37,33.39,9,6,250,36,7,2020,1,0,0
2020-09-06 23:00:00,64.48,78.9,32.78,9,6,250,36,7,2020,1,0,0
2020-10-06 00:00:00,59.69,82.5,32.24,10,6,280,41,2,2020,0,0,0
2020-10-06 01:00:00,56.23,84.03,32.05,10,6,280,41,2,2020,0,0,0
2020-10-06 02:00:00,42.92,85.82,31.88,10,6,280,41,2,2020,0,0,0
2020-10-06 03:00:00,36.39,89.07,31.57,10,6,280,41,2,2020,0,0,0
2020-10-06 04:00:00,31.72,92.53,31.3,10,6,280,41,2,2020,0,0,0
2020-10-06 05:00:00,30.92,94.93,31.06,10,6,280,41,2,2020,0,0,0
2020-10-06 06:00:00,30.97,96.76,30.86,10,6,280,41,2,2020,0,0,0
2020-10-06 07:00:00,32.88,95.2,31.07,10,6,280,41,2,2020,0,0,0
2020-10-06 08:00:00,33.82,89.07,32.27,10,6,280,41,2,2020,0,0,0
2020-10-06 09:00:00,34.09,83.58,33.29,10,6,280,41,2,2020,0,0,0
2020-10-06 10:00:00,33.52,77.33,34.67,10,6,280,41,2,2020,0,0,0
2020-10-06 11:00:00,32.88,72.56,35.91,10,6,280,41,2,2020,0,0,0
2020-10-06 12:00:00,31.04,65.67,37.07,10,6,280,41,2,2020,0,0,0
2020-10-06 13:00:00,28.0,59.53,37.88,10,6,280,41,2,2020,0,0,0
2020-10-06 14:00:00,28.03,61.48,37.68,10,6,280,41,2,2020,0,0,0
2020-10-06 15:00:00,28.68,61.13,37.43,10,6,280,41,2,2020,0,0,0
2020-10-06 16:00:00,30.13,61.58,37.42,10,6,280,41,2,2020,0,0,0
2020-10-06 17:00:00,29.26,65.53,35.93,10,6,280,41,2,2020,0,0,0
2020-10-06 18:00:00,36.83,75.17,35.65,10,6,280,41,2,2020,0,0,0
2020-10-06 19:00:00,30.88,91.48,29.54,10,6,280,41,2,2020,0,0,0
2020-10-06 20:00:00,26.01,100.0,26.1,10,6,280,41,2,2020,0,0,0
2020-10-06 21:00:00,28.06,100.0,26.97,10,6,280,41,2,2020,0,0,0
2020-10-06 22:00:00,26.82,100.0,27.08,10,6,280,41,2,2020,0,0,0
2020-10-06 23:00:00,28.76,100.0,27.52,10,6,280,41,2,2020,0,0,0
2020-11-06 00:00:00,29.61,100.0,27.57,11,6,311,45,5,2020,1,0,0
2020-11-06 01:00:00,32.0,100.0,27.73,11,6,311,45,5,2020,1,0,0
2020-11-06 02:00:00,23.47,98.87,27.11,11,6,311,45,5,2020,1,0,0
2020-11-06 03:00:00,24.05,97.93,27.26,11,6,311,45,5,2020,1,0,0
2020-11-06 04:00:00,26.65,98.88,27.26,11,6,311,45,5,2020,1,0,0
2020-11-06 05:00:00,32.52,99.53,27.38,11,6,311,45,5,2020,1,0,0
2020-11-06 06:00:00,29.38,99.84,27.43,11,6,311,45,5,2020,1,0,0
2020-11-06 07:00:00,28.91,97.03,27.89,11,6,311,45,5,2020,1,0,0
2020-11-06 08:00:00,30.42,94.78,29.02,11,6,311,45,5,2020,1,0,0
2020-11-06 09:00:00,36.69,92.1,30.3,11,6,311,45,5,2020,1,0,0
2020-11-06 10:00:00,42.16,91.77,31.38,11,6,311,45,5,2020,1,0,0
2020-11-06 11:00:00,41.53,88.82,32.17,11,6,311,45,5,2020,1,0,0
2020-11-06 12:00:00,37.68,81.33,34.15,11,6,311,45,5,2020,1,0,0
2020-11-06 13:00:00,35.47,76.83,35.29,11,6,311,45,5,2020,1,0,0
2020-11-06 14:00:00,33.07,72.54,35.83,11,6,311,45,5,2020,1,0,0
2020-11-06 15:00:00,33.31,71.21,36.01,11,6,311,45,5,2020,1,0,0
2020-11-06 16:00:00,33.02,72.1,35.63,11,6,311,45,5,2020,1,0,0
2020-11-06 17:00:00,32.16,75.19,35.44,11,6,311,45,5,2020,1,0,0
2020-11-06 18:00:00,34.55,80.8,34.8,11,6,311,45,5,2020,1,0,0
2020-11-06 19:00:00,41.79,99.59,30.25,11,6,311,45,5,2020,1,0,0
2020-11-06 20:00:00,58.06,99.41,31.12,11,6,311,45,5,2020,1,0,0
2020-11-06 21:00:00,61.54,97.17,31.32,11,6,311,45,5,2020,1,0,0
2020-11-06 22:00:00,45.43,98.88,29.53,11,6,311,45,5,2020,1,0,0
2020-11-06 23:00:00,25.5,99.38,27.7,11,6,311,45,5,2020,1,0,0
2020-12-06 00:00:00,26.23,100.0,27.16,12,6,341,49,7,2020,1,0,0
2020-12-06 01:00:00,39.11,100.0,27.2,12,6,341,49,7,2020,1,0,0
2020-12-06 02:00:00,80.08,100.0,27.63,12,6,341,49,7,2020,1,0,0
2020-12-06 03:00:00,64.03,100.0,28.49,12,6,341,49,7,2020,1,0,0
2020-12-06 04:00:00,54.26,100.0,28.89,12,6,341,49,7,2020,1,0,0
2020-12-06 05:00:00,39.84,99.86,28.87,12,6,341,49,7,2020,1,0,0
2020-12-06 06:00:00,30.42,98.87,28.75,12,6,341,49,7,2020,1,0,0
2020-12-06 07:00:00,28.43,94.77,29.23,12,6,341,49,7,2020,1,0,0
2020-12-06 08:00:00,29.34,90.63,30.41,12,6,341,49,7,2020,1,0,0
2020-12-06 09:00:00,30.3,86.07,31.92,12,6,341,49,7,2020,1,0,0
2020-12-06 10:00:00,30.52,78.19,34.04,12,6,341,49,7,2020,1,0,0
2020-12-06 11:00:00,30.73,74.39,34.59,12,6,341,49,7,2020,1,0,0
2020-12-06 12:00:00,32.01,73.25,34.63,12,6,341,49,7,2020,1,0,0
2020-12-06 13:00:00,32.49,69.78,35.66,12,6,341,49,7,2020,1,0,0
2020-12-06 14:00:00,29.33,64.49,36.41,12,6,341,49,7,2020,1,0,0
2020-12-06 15:00:00,30.13,66.12,36.68,12,6,341,49,7,2020,1,0,0
2020-12-06 16:00:00,30.59,70.76,36.44,12,6,341,49,7,2020,1,0,0
2020-12-06 17:00:00,32.6,77.89,35.63,12,6,341,49,7,2020,1,0,0
2020-12-06 18:00:00,31.28,74.73,34.32,12,6,341,49,7,2020,1,0,0
2020-12-06 19:00:00,27.48,79.52,31.72,12,6,341,49,7,2020,1,0,0
2020-12-06 20:00:00,25.78,84.31,30.56,12,6,341,49,7,2020,1,0,0
2020-12-06 21:00:00,25.6,81.91,30.43,12,6,341,49,7,2020,1,0,0
2020-12-06 22:00:00,27.71,85.14,30.33,12,6,341,49,7,2020,1,0,0
2020-12-06 23:00:00,28.79,85.49,30.6,12,6,341,49,7,2020,1,0,0
2020-06-13 00:00:00,39.41,91.04,29.99,6,13,165,24,6,2020,1,0,0
2020-06-13 01:00:00,48.68,93.72,29.83,6,13,165,24,6,2020,1,0,0
2020-06-13 02:00:00,48.42,93.82,29.71,6,13,165,24,6,2020,1,0,0
2020-06-13 03:00:00,39.52,94.75,29.33,6,13,165,24,6,2020,1,0,0
2020-06-13 04:00:00,28.22,90.81,29.28,6,13,165,24,6,2020,1,0,0
2020-06-13 05:00:00,29.64,92.21,29.16,6,13,165,24,6,2020,1,0,0
2020-06-13 06:00:00,31.04,94.38,29.19,6,13,165,24,6,2020,1,0,0
2020-06-13 07:00:00,31.37,94.33,29.74,6,13,165,24,6,2020,1,0,0
2020-06-13 08:00:00,30.31,88.33,31.02,6,13,165,24,6,2020,1,0,0
2020-06-13 09:00:00,31.58,84.59,32.35,6,13,165,24,6,2020,1,0,0
2020-06-13 10:00:00,29.18,80.29,33.63,6,13,165,24,6,2020,1,0,0
2020-06-13 11:00:00,27.53,76.23,34.66,6,13,165,24,6,2020,1,0,0
2020-06-13 12:00:00,27.94,72.68,35.7,6,13,165,24,6,2020,1,0,0
2020-06-13 13:00:00,27.63,70.51,36.04,6,13,165,24,6,2020,1,0,0
2020-06-13 14:00:00,30.88,70.36,36.08,6,13,165,24,6,2020,1,0,0
2020-06-13 15:00:00,29.61,68.59,36.25,6,13,165,24,6,2020,1,0,0
2020-06-13 16:00:00,28.3,70.4,36.26,6,13,165,24,6,2020,1,0,0
2020-06-13 17:00:00,30.08,78.24,35.17,6,13,165,24,6,2020,1,0,0
2020-06-13 18:00:00,33.41,82.71,34.19,6,13,165,24,6,2020,1,0,0
2020-06-13 19:00:00,37.56,85.24,33.56,6,13,165,24,6,2020,1,0,0
2020-06-13 20:00:00,41.52,87.12,32.95,6,13,165,24,6,2020,1,0,0
2020-06-13 21:00:00,42.68,88.87,32.74,6,13,165,24,6,2020,1,0,0
2020-06-13 22:00:00,42.31,90.39,32.54,6,13,165,24,6,2020,1,0,0
2020-06-13 23:00:00,44.06,94.19,31.89,6,13,165,24,6,2020,1,0,0
2020-06-14 00:00:00,41.03,96.33,31.35,6,14,166,24,7,2020,1,0,0
2020-06-14 01:00:00,34.07,97.1,31.16,6,14,166,24,7,2020,1,0,0
2020-06-14 02:00:00,35.29,98.72,31.03,6,14,166,24,7,2020,1,0,0
2020-06-14 03:00:00,29.6,93.41,31.12,6,14,166,24,7,2020,1,0,0
2020-06-14 04:00:00,29.72,98.06,30.73,6,14,166,24,7,2020,1,0,0
2020-06-14 05:00:00,30.8,98.43,30.63,6,14,166,24,7,2020,1,0,0
2020-06-14 06:00:00,30.62,98.72,30.53,6,14,166,24,7,2020,1,0,0
2020-06-14 07:00:00,38.91,99.56,30.5,6,14,166,24,7,2020,1,0,0
2020-06-14 08:00:00,32.86,92.98,31.63,6,14,166,24,7,2020,1,0,0
2020-06-14 09:00:00,32.51,87.27,32.73,6,14,166,24,7,2020,1,0,0
2020-06-14 10:00:00,32.55,76.4,34.83,6,14,166,24,7,2020,1,0,0
2020-06-14 11:00:00,32.58,73.78,35.26,6,14,166,24,7,2020,1,0,0
2020-06-14 12:00:00,33.22,76.96,34.38,6,14,166,24,7,2020,1,0,0
2020-06-14 13:00:00,40.75,85.41,33.27,6,14,166,24,7,2020,1,0,0
2020-06-14 14:00:00,48.06,96.2,31.08,6,14,166,24,7,2020,1,0,0
2020-06-14 15:00:00,41.32,96.99,30.5,6,14,166,24,7,2020,1,0,0
2020-06-14 16:00:00,30.89,98.49,27.85,6,14,166,24,7,2020,1,0,0
2020-06-14 17:00:00,52.97,100.0,28.44,6,14,166,24,7,2020,1,0,0
2020-06-14 18:00:00,57.98,100.0,28.88,6,14,166,24,7,2020,1,0,0
2020-06-14 19:00:00,39.72,98.38,28.88,6,14,166,24,7,2020,1,0,0
2020-06-14 20:00:00,31.58,94.43,29.03,6,14,166,24,7,2020,1,0,0
2020-06-14 21:00:00,47.92669639671784,88.37511055336446,26.37755945978244,6,14,166,24,7,2020,1,0,0
2020-06-14 22:00:00,47.92669639671784,88.37511055336446,26.37755945978244,6,14,166,24,7,2020,1,0,0
2020-06-14 23:00:00,47.92669639671784,88.37511055336446,26.37755945978244,6,14,166,24,7,2020,1,0,0
2020-06-15 00:00:00,47.92669639671784,88.37511055336446,26.37755945978244,6,15,167,25,1,2020,0,0,0
2020-06-15 01:00:00,47.92669639671784,88.37511055336446,26.37755945978244,6,15,167,25,1,2020,0,0,0
2020-06-15 02:00:00,47.92669639671784,88.37511055336446,26.37755945978244,6,15,167,25,1,2020,0,0,0
2020-06-15 03:00:00,47.92669639671784,88.37511055336446,26.37755945978244,6,15,167,25,1,2020,0,0,0
2020-06-15 04:00:00,47.92669639671784,88.37511055336446,26.37755945978244,6,15,167,25,1,2020,0,0,0
2020-06-15 05:00:00,47.92669639671784,88.37511055336446,26.37755945978244,6,15,167,25,1,2020,0,0,0
2020-06-15 06:00:00,47.92669639671784,88.37511055336446,26.37755945978244,6,15,167,25,1,2020,0,0,0
2020-06-15 07:00:00,47.92669639671784,88.37511055336446,26.37755945978244,6,15,167,25,1,2020,0,0,0
2020-06-15 08:00:00,47.92669639671784,88.37511055336446,26.37755945978244,6,15,167,25,1,2020,0,0,0
2020-06-15 09:00:00,47.92669639671784,88.37511055336446,26.37755945978244,6,15,167,25,1,2020,0,0,0
2020-06-15 10:00:00,47.92669639671784,88.37511055336446,26.37755945978244,6,15,167,25,1,2020,0,0,0
2020-06-15 11:00:00,47.92669639671784,88.37511055336446,26.37755945978244,6,15,167,25,1,2020,0,0,0
2020-06-15 12:00:00,47.92669639671784,88.37511055336446,26.37755945978244,6,15,167,25,1,2020,0,0,0
2020-06-15 13:00:00,47.92669639671784,88.37511055336446,26.37755945978244,6,15,167,25,1,2020,0,0,0
2020-06-15 14:00:00,47.92669639671784,88.37511055336446,26.37755945978244,6,15,167,25,1,2020,0,0,0
2020-06-15 15:00:00,47.92669639671784,88.37511055336446,26.37755945978244,6,15,167,25,1,2020,0,0,0
2020-06-15 16:00:00,47.92669639671784,88.37511055336446,26.37755945978244,6,15,167,25,1,2020,0,0,0
2020-06-15 17:00:00,42.9,88.07,31.85,6,15,167,25,1,2020,0,0,0
2020-06-15 18:00:00,42.01,88.69,31.55,6,15,167,25,1,2020,0,0,0
2020-06-15 19:00:00,40.27,90.51,31.49,6,15,167,25,1,2020,0,0,0
2020-06-15 20:00:00,37.12,89.88,31.19,6,15,167,25,1,2020,0,0,0
2020-06-15 21:00:00,33.02,92.51,30.93,6,15,167,25,1,2020,0,0,0
2020-06-15 22:00:00,32.63,94.43,30.62,6,15,167,25,1,2020,0,0,0
2020-06-15 23:00:00,31.71,95.88,30.28,6,15,167,25,1,2020,0,0,0
2020-06-16 00:00:00,31.63,98.08,29.96,6,16,168,25,2,2020,0,0,0
2020-06-16 01:00:00,32.54,99.77,29.69,6,16,168,25,2,2020,0,0,0
2020-06-16 02:00:00,30.6,99.97,29.71,6,16,168,25,2,2020,0,0,0
2020-06-16 03:00:00,29.01,99.93,29.62,6,16,168,25,2,2020,0,0,0
2020-06-16 04:00:00,27.19,98.28,29.52,6,16,168,25,2,2020,0,0,0
2020-06-16 05:00:00,28.05,99.81,29.21,6,16,168,25,2,2020,0,0,0
2020-06-16 06:00:00,28.25,100.0,29.07,6,16,168,25,2,2020,0,0,0
2020-06-16 07:00:00,29.98,99.14,29.63,6,16,168,25,2,2020,0,0,0
2020-06-16 08:00:00,34.26,94.97,30.6,6,16,168,25,2,2020,0,0,0
2020-06-16 09:00:00,30.73,88.11,31.9,6,16,168,25,2,2020,0,0,0
2020-06-16 10:00:00,28.86,82.28,32.92,6,16,168,25,2,2020,0,0,0
2020-06-16 11:00:00,27.39,75.44,34.58,6,16,168,25,2,2020,0,0,0
2020-06-16 12:00:00,24.97,67.72,36.08,6,16,168,25,2,2020,0,0,0
2020-06-16 13:00:00,24.15,64.74,36.28,6,16,168,25,2,2020,0,0,0
2020-06-16 14:00:00,25.35,66.8,36.23,6,16,168,25,2,2020,0,0,0
2020-06-16 15:00:00,26.29,69.29,35.57,6,16,168,25,2,2020,0,0,0
2020-06-16 16:00:00,27.41,75.01,34.86,6,16,168,25,2,2020,0,0,0
2020-06-16 17:00:00,27.24,78.44,34.15,6,16,168,25,2,2020,0,0,0
2020-06-16 18:00:00,29.34,77.86,33.18,6,16,168,25,2,2020,0,0,0
2020-06-16 19:00:00,33.03,80.63,32.56,6,16,168,25,2,2020,0,0,0
2020-06-16 20:00:00,35.0,82.34,32.12,6,16,168,25,2,2020,0,0,0
2020-06-16 21:00:00,33.68,85.23,31.7,6,16,168,25,2,2020,0,0,0
2020-06-16 22:00:00,32.03,85.81,31.51,6,16,168,25,2,2020,0,0,0
2020-06-16 23:00:00,29.41,88.18,31.18,6,16,168,25,2,2020,0,0,0
2020-06-17 00:00:00,26.8,90.75,30.75,6,17,169,25,3,2020,0,0,0
2020-06-17 01:00:00,26.27,94.08,30.35,6,17,169,25,3,2020,0,0,0
2020-06-17 02:00:00,26.97,94.57,30.29,6,17,169,25,3,2020,0,0,0
2020-06-17 03:00:00,27.63,95.28,30.16,6,17,169,25,3,2020,0,0,0
2020-06-17 04:00:00,28.63,98.53,29.61,6,17,169,25,3,2020,0,0,0
2020-06-17 05:00:00,28.0,99.27,29.44,6,17,169,25,3,2020,0,0,0
2020-06-17 06:00:00,27.86,97.47,29.68,6,17,169,25,3,2020,0,0,0
2020-06-17 07:00:00,29.08,93.6,30.19,6,17,169,25,3,2020,0,0,0
2020-06-17 08:00:00,32.2,87.5,31.26,6,17,169,25,3,2020,0,0,0
2020-06-17 09:00:00,31.3,80.84,32.68,6,17,169,25,3,2020,0,0,0
2020-06-17 10:00:00,29.63,77.58,33.51,6,17,169,25,3,2020,0,0,0
2020-06-17 11:00:00,27.99,72.68,34.52,6,17,169,25,3,2020,0,0,0
2020-06-17 12:00:00,27.28,70.83,34.78,6,17,169,25,3,2020,0,0,0
2020-06-17 13:00:00,26.09,69.37,34.93,6,17,169,25,3,2020,0,0,0
2020-06-17 14:00:00,26.83,69.37,35.28,6,17,169,25,3,2020,0,0,0
2020-06-17 15:00:00,26.56,70.26,34.89,6,17,169,25,3,2020,0,0,0
2020-06-17 16:00:00,26.97,70.59,34.92,6,17,169,25,3,2020,0,0,0
2020-06-17 17:00:00,26.98,69.63,34.76,6,17,169,25,3,2020,0,0,0
2020-06-17 18:00:00,30.02,74.16,34.56,6,17,169,25,3,2020,0,0,0
2020-06-17 19:00:00,34.75,78.78,33.81,6,17,169,25,3,2020,0,0,0
2020-06-17 20:00:00,36.55,83.53,32.72,6,17,169,25,3,2020,0,0,0
2020-06-17 21:00:00,33.97,84.75,31.98,6,17,169,25,3,2020,0,0,0
2020-06-17 22:00:00,31.21,85.93,31.51,6,17,169,25,3,2020,0,0,0
2020-06-17 23:00:00,28.65,88.73,31.03,6,17,169,25,3,2020,0,0,0
2020-06-18 00:00:00,27.12,90.57,30.84,6,18,170,25,4,2020,0,0,0
2020-06-18 01:00:00,27.1,94.57,30.2,6,18,170,25,4,2020,0,0,0
2020-06-18 02:00:00,26.07,95.42,29.98,6,18,170,25,4,2020,0,0,0
2020-06-18 03:00:00,26.27,96.16,29.94,6,18,170,25,4,2020,0,0,0
2020-06-18 04:00:00,26.78,95.78,29.99,6,18,170,25,4,2020,0,0,0
2020-06-18 05:00:00,26.72,95.86,29.83,6,18,170,25,4,2020,0,0,0
2020-06-18 06:00:00,25.9,96.93,29.77,6,18,170,25,4,2020,0,0,0
2020-06-18 07:00:00,27.23,94.28,30.33,6,18,170,25,4,2020,0,0,0
2020-06-18 08:00:00,30.97,86.63,31.86,6,18,170,25,4,2020,0,0,0
2020-06-18 09:00:00,31.21,80.5,33.58,6,18,170,25,4,2020,0,0,0
2020-06-18 10:00:00,28.95,75.04,34.88,6,18,170,25,4,2020,0,0,0
2020-06-18 11:00:00,29.04,72.51,35.62,6,18,170,25,4,2020,0,0,0
2020-06-18 12:00:00,28.04,69.68,36.28,6,18,170,25,4,2020,0,0,0
2020-06-18 13:00:00,27.78,70.43,35.97,6,18,170,25,4,2020,0,0,0
2020-06-18 14:00:00,26.37,68.82,35.95,6,18,170,25,4,2020,0,0,0
2020-06-18 15:00:00,25.78,71.53,36.0,6,18,170,25,4,2020,0,0,0
2020-06-18 16:00:00,25.41,73.53,35.29,6,18,170,25,4,2020,0,0,0
2020-06-18 17:00:00,25.88,76.15,34.87,6,18,170,25,4,2020,0,0,0
2020-06-18 18:00:00,27.38,74.48,34.12,6,18,170,25,4,2020,0,0,0
2020-06-18 19:00:00,30.48,76.92,33.57,6,18,170,25,4,2020,0,0,0
2020-06-18 20:00:00,30.4,79.7,32.83,6,18,170,25,4,2020,0,0,0
2020-06-18 21:00:00,31.12,81.0,32.2,6,18,170,25,4,2020,0,0,0
2020-06-18 22:00:00,32.06,84.85,31.61,6,18,170,25,4,2020,0,0,0
2020-06-18 23:00:00,29.12,86.53,31.26,6,18,170,25,4,2020,0,0,0
2020-06-19 00:00:00,29.96,91.5,30.73,6,19,171,25,5,2020,1,0,0
2020-06-19 01:00:00,28.91,94.93,30.17,6,19,171,25,5,2020,1,0,0
2020-06-19 02:00:00,28.31,96.82,29.95,6,19,171,25,5,2020,1,0,0
2020-06-19 03:00:00,28.5,97.64,29.89,6,19,171,25,5,2020,1,0,0
2020-06-19 04:00:00,28.4,98.1,29.89,6,19,171,25,5,2020,1,0,0
2020-06-19 05:00:00,31.06,98.09,30.03,6,19,171,25,5,2020,1,0,0
2020-06-19 06:00:00,25.42,97.58,30.13,6,19,171,25,5,2020,1,0,0
2020-06-19 07:00:00,25.78,96.48,30.22,6,19,171,25,5,2020,1,0,0
2020-06-19 08:00:00,29.08,92.73,30.87,6,19,171,25,5,2020,1,0,0
2020-06-19 09:00:00,29.7,86.64,32.05,6,19,171,25,5,2020,1,0,0
2020-06-19 10:00:00,28.96,82.94,33.26,6,19,171,25,5,2020,1,0,0
2020-06-19 11:00:00,29.61,77.61,34.14,6,19,171,25,5,2020,1,0,0
2020-06-19 12:00:00,28.53,74.9,34.69,6,19,171,25,5,2020,1,0,0
2020-06-19 13:00:00,27.76,73.33,35.0,6,19,171,25,5,2020,1,0,0
2020-06-19 14:00:00,27.24,72.35,35.16,6,19,171,25,5,2020,1,0,0
2020-06-19 15:00:00,26.54,70.3,35.63,6,19,171,25,5,2020,1,0,0
2020-06-19 16:00:00,25.01,71.62,35.49,6,19,171,25,5,2020,1,0,0
2020-06-19 17:00:00,25.68,76.49,34.7,6,19,171,25,5,2020,1,0,0
2020-06-19 18:00:00,27.83,80.51,33.68,6,19,171,25,5,2020,1,0,0
2020-06-19 19:00:00,28.48,83.42,32.87,6,19,171,25,5,2020,1,0,0
2020-06-19 20:00:00,31.48,85.85,32.43,6,19,171,25,5,2020,1,0,0
2020-06-19 21:00:00,32.78,87.63,32.04,6,19,171,25,5,2020,1,0,0
2020-06-19 22:00:00,34.48,87.56,31.95,6,19,171,25,5,2020,1,0,0
2020-06-19 23:00:00,33.83,89.28,31.53,6,19,171,25,5,2020,1,0,0
2020-06-20 00:00:00,31.43,90.71,31.0,6,20,172,25,6,2020,1,0,0
2020-06-20 01:00:00,29.77,91.36,30.79,6,20,172,25,6,2020,1,0,0
2020-06-20 02:00:00,26.76,95.16,30.37,6,20,172,25,6,2020,1,0,0
2020-06-20 03:00:00,25.78,97.88,30.08,6,20,172,25,6,2020,1,0,0
2020-06-20 04:00:00,25.48,99.36,30.08,6,20,172,25,6,2020,1,0,0
2020-06-20 05:00:00,25.31,99.99,29.9,6,20,172,25,6,2020,1,0,0
2020-06-20 06:00:00,26.34,99.95,30.08,6,20,172,25,6,2020,1,0,0
2020-06-20 07:00:00,29.13,98.07,30.32,6,20,172,25,6,2020,1,0,0
2020-06-20 08:00:00,30.94,93.98,30.94,6,20,172,25,6,2020,1,0,0
2020-06-20 09:00:00,31.98,86.62,32.38,6,20,172,25,6,2020,1,0,0
2020-06-20 10:00:00,34.38,81.28,33.67,6,20,172,25,6,2020,1,0,0
2020-06-20 11:00:00,31.99,77.03,34.83,6,20,172,25,6,2020,1,0,0
2020-06-20 12:00:00,30.23,73.89,35.52,6,20,172,25,6,2020,1,0,0
2020-06-20 13:00:00,29.93,72.7,35.63,6,20,172,25,6,2020,1,0,0
2020-06-20 14:00:00,28.43,68.21,36.56,6,20,172,25,6,2020,1,0,0
2020-06-20 15:00:00,27.85,66.68,36.65,6,20,172,25,6,2020,1,0,0
2020-06-20 16:00:00,27.08,66.76,36.58,6,20,172,25,6,2020,1,0,0
2020-06-20 17:00:00,28.28,70.26,36.13,6,20,172,25,6,2020,1,0,0
2020-06-20 18:00:00,29.2,77.44,34.88,6,20,172,25,6,2020,1,0,0
2020-06-20 19:00:00,30.41,78.69,33.98,6,20,172,25,6,2020,1,0,0
2020-06-20 20:00:00,32.07,80.75,33.2,6,20,172,25,6,2020,1,0,0
2020-06-20 21:00:00,31.4,83.99,32.73,6,20,172,25,6,2020,1,0,0
2020-06-20 22:00:00,31.61,87.37,32.2,6,20,172,25,6,2020,1,0,0
2020-06-20 23:00:00,31.21,87.99,32.13,6,20,172,25,6,2020,1,0,0
2020-06-21 00:00:00,30.1,88.9,31.84,6,21,173,25,7,2020,1,0,0
2020-06-21 01:00:00,28.67,90.45,31.55,6,21,173,25,7,2020,1,0,0
2020-06-21 02:00:00,27.33,90.2,31.52,6,21,173,25,7,2020,1,0,0
2020-06-21 03:00:00,27.62,92.28,30.95,6,21,173,25,7,2020,1,0,0
2020-06-21 04:00:00,30.25,93.84,30.6,6,21,173,25,7,2020,1,0,0
2020-06-21 05:00:00,29.78,95.36,30.43,6,21,173,25,7,2020,1,0,0
2020-06-21 06:00:00,30.31,96.58,30.33,6,21,173,25,7,2020,1,0,0
2020-06-21 07:00:00,30.65,95.73,30.64,6,21,173,25,7,2020,1,0,0
2020-06-21 08:00:00,30.89,92.01,31.39,6,21,173,25,7,2020,1,0,0
2020-06-21 09:00:00,32.32,84.03,33.31,6,21,173,25,7,2020,1,0,0
2020-06-21 10:00:00,31.03,77.18,35.03,6,21,173,25,7,2020,1,0,0
2020-06-21 11:00:00,31.44,70.17,36.49,6,21,173,25,7,2020,1,0,0
2020-06-21 12:00:00,29.53,64.33,37.97,6,21,173,25,7,2020,1,0,0
2020-06-21 13:00:00,28.33,62.88,38.01,6,21,173,25,7,2020,1,0,0
2020-06-21 14:00:00,28.51,65.03,37.7,6,21,173,25,7,2020,1,0,0
2020-06-21 15:00:00,47.92669639671784,88.37511055336446,26.37755945978244,6,21,173,25,7,2020,1,0,0
2020-06-21 16:00:00,47.92669639671784,88.37511055336446,26.37755945978244,6,21,173,25,7,2020,1,0,0
2020-06-21 17:00:00,47.92669639671784,88.37511055336446,26.37755945978244,6,21,173,25,7,2020,1,0,0
2020-06-21 18:00:00,47.92669639671784,88.37511055336446,26.37755945978244,6,21,173,25,7,2020,1,0,0
2020-06-21 19:00:00,47.92669639671784,88.37511055336446,26.37755945978244,6,21,173,25,7,2020,1,0,0
2020-06-21 20:00:00,47.92669639671784,88.37511055336446,26.37755945978244,6,21,173,25,7,2020,1,0,0
2020-06-21 21:00:00,47.92669639671784,88.37511055336446,26.37755945978244,6,21,173,25,7,2020,1,0,0
2020-06-21 22:00:00,47.92669639671784,88.37511055336446,26.37755945978244,6,21,173,25,7,2020,1,0,0
2020-06-21 23:00:00,47.92669639671784,88.37511055336446,26.37755945978244,6,21,173,25,7,2020,1,0,0
2020-06-22 00:00:00,47.92669639671784,88.37511055336446,26.37755945978244,6,22,174,26,1,2020,0,0,0
2020-06-22 01:00:00,47.92669639671784,88.37511055336446,26.37755945978244,6,22,174,26,1,2020,0,0,0
2020-06-22 02:00:00,47.92669639671784,88.37511055336446,26.37755945978244,6,22,174,26,1,2020,0,0,0
2020-06-22 03:00:00,47.92669639671784,88.37511055336446,26.37755945978244,6,22,174,26,1,2020,0,0,0
2020-06-22 04:00:00,47.92669639671784,88.37511055336446,26.37755945978244,6,22,174,26,1,2020,0,0,0
2020-06-22 05:00:00,47.92669639671784,88.37511055336446,26.37755945978244,6,22,174,26,1,2020,0,0,0
2020-06-22 06:00:00,47.92669639671784,88.37511055336446,26.37755945978244,6,22,174,26,1,2020,0,0,0
2020-06-22 07:00:00,47.92669639671784,88.37511055336446,26.37755945978244,6,22,174,26,1,2020,0,0,0
2020-06-22 08:00:00,47.92669639671784,88.37511055336446,26.37755945978244,6,22,174,26,1,2020,0,0,0
2020-06-22 09:00:00,47.92669639671784,88.37511055336446,26.37755945978244,6,22,174,26,1,2020,0,0,0
2020-06-22 10:00:00,47.92669639671784,88.37511055336446,26.37755945978244,6,22,174,26,1,2020,0,0,0
2020-06-22 11:00:00,47.92669639671784,88.37511055336446,26.37755945978244,6,22,174,26,1,2020,0,0,0
2020-06-22 12:00:00,47.92669639671784,88.37511055336446,26.37755945978244,6,22,174,26,1,2020,0,0,0
2020-06-22 13:00:00,47.92669639671784,88.37511055336446,26.37755945978244,6,22,174,26,1,2020,0,0,0
2020-06-22 14:00:00,47.92669639671784,88.37511055336446,26.37755945978244,6,22,174,26,1,2020,0,0,0
2020-06-22 15:00:00,25.0,57.8,38.6,6,22,174,26,1,2020,0,0,0
2020-06-22 16:00:00,26.55,57.99,38.74,6,22,174,26,1,2020,0,0,0
2020-06-22 17:00:00,27.22,57.97,38.64,6,22,174,26,1,2020,0,0,0
2020-06-22 18:00:00,29.35,65.23,37.9,6,22,174,26,1,2020,0,0,0
2020-06-22 19:00:00,33.83,73.11,36.34,6,22,174,26,1,2020,0,0,0
2020-06-22 20:00:00,36.0,77.93,34.99,6,22,174,26,1,2020,0,0,0
2020-06-22 21:00:00,35.92,77.41,34.33,6,22,174,26,1,2020,0,0,0
2020-06-22 22:00:00,32.97,79.14,33.68,6,22,174,26,1,2020,0,0,0
2020-06-22 23:00:00,28.93,76.77,33.44,6,22,174,26,1,2020,0,0,0
2020-06-23 00:00:00,24.93,76.13,32.23,6,23,175,26,2,2020,0,0,0
2020-06-23 01:00:00,24.27,74.36,32.14,6,23,175,26,2,2020,0,0,0
2020-06-23 02:00:00,26.67,79.43,31.83,6,23,175,26,2,2020,0,0,0
2020-06-23 03:00:00,27.33,85.57,31.28,6,23,175,26,2,2020,0,0,0
2020-06-23 04:00:00,29.38,89.27,31.2,6,23,175,26,2,2020,0,0,0
2020-06-23 05:00:00,29.66,91.97,30.88,6,23,175,26,2,2020,0,0,0
2020-06-23 06:00:00,32.42,93.95,30.63,6,23,175,26,2,2020,0,0,0
2020-06-23 07:00:00,32.93,93.1,30.98,6,23,175,26,2,2020,0,0,0
2020-06-23 08:00:00,34.48,86.55,32.48,6,23,175,26,2,2020,0,0,0
2020-06-23 09:00:00,34.79,79.5,34.31,6,23,175,26,2,2020,0,0,0
2020-06-23 10:00:00,31.64,69.44,36.09,6,23,175,26,2,2020,0,0,0
2020-06-23 11:00:00,30.29,62.64,37.75,6,23,175,26,2,2020,0,0,0
2020-06-23 12:00:00,28.7,58.34,38.9,6,23,175,26,2,2020,0,0,0
2020-06-23 13:00:00,27.8,58.67,38.57,6,23,175,26,2,2020,0,0,0
2020-06-23 14:00:00,28.3,58.53,38.81,6,23,175,26,2,2020,0,0,0
2020-06-23 15:00:00,27.17,59.76,38.53,6,23,175,26,2,2020,0,0,0
2020-06-23 16:00:00,26.92,60.11,38.58,6,23,175,26,2,2020,0,0,0
2020-06-23 17:00:00,26.98,60.19,38.43,6,23,175,26,2,2020,0,0,0
2020-06-23 18:00:00,30.04,69.86,37.37,6,23,175,26,2,2020,0,0,0
2020-06-23 19:00:00,32.72,72.92,36.1,6,23,175,26,2,2020,0,0,0
2020-06-23 20:00:00,32.04,74.84,34.2,6,23,175,26,2,2020,0,0,0
2020-06-23 21:00:00,25.77,73.75,32.72,6,23,175,26,2,2020,0,0,0
2020-06-23 22:00:00,25.81,69.95,33.14,6,23,175,26,2,2020,0,0,0
2020-06-23 23:00:00,26.63,71.41,33.11,6,23,175,26,2,2020,0,0,0
2020-06-24 00:00:00,29.84,76.51,32.82,6,24,176,26,3,2020,0,0,0
2020-06-24 01:00:00,29.24,79.3,32.65,6,24,176,26,3,2020,0,0,0
2020-06-24 02:00:00,32.34,82.12,32.27,6,24,176,26,3,2020,0,0,0
2020-06-24 03:00:00,31.61,83.55,32.07,6,24,176,26,3,2020,0,0,0
2020-06-24 04:00:00,29.74,86.83,31.73,6,24,176,26,3,2020,0,0,0
2020-06-24 05:00:00,29.58,87.04,31.54,6,24,176,26,3,2020,0,0,0
2020-06-24 06:00:00,30.19,83.73,31.76,6,24,176,26,3,2020,0,0,0
2020-06-24 07:00:00,29.68,78.91,32.25,6,24,176,26,3,2020,0,0,0
2020-06-24 08:00:00,28.33,70.93,33.64,6,24,176,26,3,2020,0,0,0
2020-06-24 09:00:00,27.24,64.48,35.24,6,24,176,26,3,2020,0,0,0
2020-06-24 10:00:00,27.28,60.73,36.5,6,24,176,26,3,2020,0,0,0
2020-06-24 11:00:00,27.99,58.32,37.49,6,24,176,26,3,2020,0,0,0
2020-06-24 12:00:00,26.49,57.36,38.06,6,24,176,26,3,2020,0,0,0
2020-06-24 13:00:00,26.12,58.03,38.21,6,24,176,26,3,2020,0,0,0
2020-06-24 14:00:00,25.45,59.62,37.92,6,24,176,26,3,2020,0,0,0
2020-06-24 15:00:00,26.3,59.02,38.22,6,24,176,26,3,2020,0,0,0
2020-06-24 16:00:00,27.51,61.12,37.82,6,24,176,26,3,2020,0,0,0
2020-06-24 17:00:00,28.65,60.82,37.55,6,24,176,26,3,2020,0,0,0
2020-06-24 18:00:00,27.79,61.28,37.33,6,24,176,26,3,2020,0,0,0
2020-06-24 19:00:00,31.66,66.33,36.83,6,24,176,26,3,2020,0,0,0
2020-06-24 20:00:00,32.49,72.45,35.71,6,24,176,26,3,2020,0,0,0
2020-06-24 21:00:00,26.43,69.01,34.27,6,24,176,26,3,2020,0,0,0
2020-06-24 22:00:00,29.72,75.51,33.41,6,24,176,26,3,2020,0,0,0
2020-06-24 23:00:00,28.74,78.59,32.98,6,24,176,26,3,2020,0,0,0
2020-06-25 00:00:00,28.25,84.68,32.43,6,25,177,26,4,2020,0,0,0
2020-06-25 01:00:00,28.78,88.9,32.13,6,25,177,26,4,2020,0,0,0
2020-06-25 02:00:00,29.23,89.83,31.95,6,25,177,26,4,2020,0,0,0
2020-06-25 03:00:00,29.52,91.68,31.63,6,25,177,26,4,2020,0,0,0
2020-06-25 04:00:00,31.47,92.89,31.57,6,25,177,26,4,2020,0,0,0
2020-06-25 05:00:00,33.42,93.54,31.48,6,25,177,26,4,2020,0,0,0
2020-06-25 06:00:00,35.88,93.18,31.6,6,25,177,26,4,2020,0,0,0
2020-06-25 07:00:00,35.29,91.82,32.03,6,25,177,26,4,2020,0,0,0
2020-06-25 08:00:00,36.7,84.49,32.88,6,25,177,26,4,2020,0,0,0
2020-06-25 09:00:00,32.53,78.48,33.84,6,25,177,26,4,2020,0,0,0
2020-06-25 10:00:00,42.43,78.84,34.48,6,25,177,26,4,2020,0,0,0
2020-06-25 11:00:00,58.49,87.08,33.63,6,25,177,26,4,2020,0,0,0
2020-06-25 12:00:00,55.33,88.27,33.18,6,25,177,26,4,2020,0,0,0
2020-06-25 13:00:00,52.13,86.14,33.24,6,25,177,26,4,2020,0,0,0
2020-06-25 14:00:00,59.6,87.78,33.28,6,25,177,26,4,2020,0,0,0
2020-06-25 15:00:00,67.49,86.32,33.59,6,25,177,26,4,2020,0,0,0
2020-06-25 16:00:00,65.99,84.46,33.79,6,25,177,26,4,2020,0,0,0
2020-06-25 17:00:00,68.13,84.73,33.56,6,25,177,26,4,2020,0,0,0
2020-06-25 18:00:00,65.47,84.29,33.7,6,25,177,26,4,2020,0,0,0
2020-06-25 19:00:00,66.89,85.31,33.5,6,25,177,26,4,2020,0,0,0
2020-06-25 20:00:00,67.93,86.38,33.39,6,25,177,26,4,2020,0,0,0
2020-06-25 21:00:00,38.3,76.38,33.41,6,25,177,26,4,2020,0,0,0
2020-06-25 22:00:00,36.58,78.0,32.94,6,25,177,26,4,2020,0,0,0
2020-06-25 23:00:00,37.68,83.14,32.51,6,25,177,26,4,2020,0,0,0
2020-06-26 00:00:00,36.28,91.74,31.38,6,26,178,26,5,2020,1,0,0
2020-06-26 01:00:00,30.74,94.52,30.33,6,26,178,26,5,2020,1,0,0
2020-06-26 02:00:00,31.91,100.0,29.26,6,26,178,26,5,2020,1,0,0
2020-06-26 03:00:00,30.47,99.77,29.69,6,26,178,26,5,2020,1,0,0
2020-06-26 04:00:00,31.25,99.58,30.05,6,26,178,26,5,2020,1,0,0
2020-06-26 05:00:00,32.03,96.26,30.39,6,26,178,26,5,2020,1,0,0
2020-06-26 06:00:00,29.46,92.44,30.61,6,26,178,26,5,2020,1,0,0
2020-06-26 07:00:00,29.27,89.35,30.93,6,26,178,26,5,2020,1,0,0
2020-06-26 08:00:00,30.45,85.48,31.63,6,26,178,26,5,2020,1,0,0
2020-06-26 09:00:00,30.59,79.08,32.95,6,26,178,26,5,2020,1,0,0
2020-06-26 10:00:00,28.97,72.21,34.78,6,26,178,26,5,2020,1,0,0
2020-06-26 11:00:00,27.95,64.78,36.29,6,26,178,26,5,2020,1,0,0
2020-06-26 12:00:00,27.8,58.21,37.97,6,26,178,26,5,2020,1,0,0
2020-06-26 13:00:00,25.22,57.88,38.3,6,26,178,26,5,2020,1,0,0
2020-06-26 14:00:00,24.97,57.11,38.62,6,26,178,26,5,2020,1,0,0
2020-06-26 15:00:00,25.88,56.16,38.58,6,26,178,26,5,2020,1,0,0
2020-06-26 16:00:00,25.8,59.5,38.03,6,26,178,26,5,2020,1,0,0
2020-06-26 17:00:00,28.33,68.49,36.49,6,26,178,26,5,2020,1,0,0
2020-06-26 18:00:00,28.54,66.66,35.87,6,26,178,26,5,2020,1,0,0
2020-06-26 19:00:00,28.58,68.28,34.83,6,26,178,26,5,2020,1,0,0
2020-06-26 20:00:00,30.73,70.43,34.08,6,26,178,26,5,2020,1,0,0
2020-06-26 21:00:00,29.98,76.73,33.21,6,26,178,26,5,2020,1,0,0
2020-06-26 22:00:00,29.36,82.42,32.74,6,26,178,26,5,2020,1,0,0
2020-06-26 23:00:00,29.52,84.27,32.43,6,26,178,26,5,2020,1,0,0
2020-06-27 00:00:00,29.57,85.88,32.03,6,27,179,26,6,2020,1,0,0
2020-06-27 01:00:00,29.05,88.21,31.54,6,27,179,26,6,2020,1,0,0
2020-06-27 02:00:00,27.88,87.52,31.32,6,27,179,26,6,2020,1,0,0
2020-06-27 03:00:00,27.18,88.13,31.14,6,27,179,26,6,2020,1,0,0
2020-06-27 04:00:00,27.22,89.74,30.75,6,27,179,26,6,2020,1,0,0
2020-06-27 05:00:00,27.57,91.0,30.43,6,27,179,26,6,2020,1,0,0
2020-06-27 06:00:00,28.31,91.81,30.35,6,27,179,26,6,2020,1,0,0
2020-06-27 07:00:00,30.99,90.98,30.84,6,27,179,26,6,2020,1,0,0
2020-06-27 08:00:00,30.62,85.39,32.03,6,27,179,26,6,2020,1,0,0
2020-06-27 09:00:00,30.68,79.1,33.68,6,27,179,26,6,2020,1,0,0
2020-06-27 10:00:00,29.12,74.22,35.36,6,27,179,26,6,2020,1,0,0
2020-06-27 11:00:00,27.98,65.3,36.63,6,27,179,26,6,2020,1,0,0
2020-06-27 12:00:00,27.22,61.5,37.92,6,27,179,26,6,2020,1,0,0
2020-06-27 13:00:00,26.27,60.28,38.07,6,27,179,26,6,2020,1,0,0
2020-06-27 14:00:00,26.01,61.49,37.79,6,27,179,26,6,2020,1,0,0
2020-06-27 15:00:00,26.44,61.66,37.84,6,27,179,26,6,2020,1,0,0
2020-06-27 16:00:00,27.7,64.38,37.55,6,27,179,26,6,2020,1,0,0
2020-06-27 17:00:00,28.14,66.11,37.01,6,27,179,26,6,2020,1,0,0
2020-06-27 18:00:00,28.13,69.56,35.93,6,27,179,26,6,2020,1,0,0
2020-06-27 19:00:00,28.19,73.03,34.78,6,27,179,26,6,2020,1,0,0
2020-06-27 20:00:00,29.31,75.0,33.98,6,27,179,26,6,2020,1,0,0
2020-06-27 21:00:00,31.01,77.29,33.52,6,27,179,26,6,2020,1,0,0
2020-06-27 22:00:00,30.84,81.39,33.19,6,27,179,26,6,2020,1,0,0
2020-06-27 23:00:00,30.26,86.25,32.73,6,27,179,26,6,2020,1,0,0
2020-06-28 00:00:00,28.32,85.96,32.28,6,28,180,26,7,2020,1,0,0
2020-06-28 01:00:00,28.32,86.62,31.83,6,28,180,26,7,2020,1,0,0
2020-06-28 02:00:00,28.47,88.23,31.45,6,28,180,26,7,2020,1,0,0
2020-06-28 03:00:00,28.14,89.57,31.12,6,28,180,26,7,2020,1,0,0
2020-06-28 04:00:00,28.77,90.92,30.86,6,28,180,26,7,2020,1,0,0
2020-06-28 05:00:00,29.71,92.94,30.58,6,28,180,26,7,2020,1,0,0
2020-06-28 06:00:00,30.99,93.89,30.53,6,28,180,26,7,2020,1,0,0
2020-06-28 07:00:00,31.42,92.28,30.93,6,28,180,26,7,2020,1,0,0
2020-06-28 08:00:00,30.64,87.84,31.82,6,28,180,26,7,2020,1,0,0
2020-06-28 09:00:00,31.19,80.95,33.49,6,28,180,26,7,2020,1,0,0
2020-06-28 10:00:00,31.87,77.28,34.88,6,28,180,26,7,2020,1,0,0
2020-06-28 11:00:00,31.28,71.21,36.18,6,28,180,26,7,2020,1,0,0
2020-06-28 12:00:00,28.43,63.16,37.73,6,28,180,26,7,2020,1,0,0
2020-06-28 13:00:00,28.13,63.04,37.44,6,28,180,26,7,2020,1,0,0
2020-06-28 14:00:00,47.92669639671784,88.37511055336446,26.37755945978244,6,28,180,26,7,2020,1,0,0
2020-06-28 15:00:00,47.92669639671784,88.37511055336446,26.37755945978244,6,28,180,26,7,2020,1,0,0
2020-06-28 16:00:00,27.2,70.9,36.3,6,28,180,26,7,2020,1,0,0
2020-06-28 17:00:00,26.96,70.61,36.17,6,28,180,26,7,2020,1,0,0
2020-06-28 18:00:00,28.19,72.38,35.47,6,28,180,26,7,2020,1,0,0
2020-06-28 19:00:00,29.64,77.06,34.4,6,28,180,26,7,2020,1,0,0
2020-06-28 20:00:00,32.11,81.11,33.66,6,28,180,26,7,2020,1,0,0
2020-06-28 21:00:00,33.71,85.65,32.89,6,28,180,26,7,2020,1,0,0
2020-06-28 22:00:00,34.42,87.26,32.64,6,28,180,26,7,2020,1,0,0
2020-06-28 23:00:00,32.43,87.78,32.31,6,28,180,26,7,2020,1,0,0
2020-06-29 00:00:00,30.9,88.18,32.0,6,29,181,27,1,2020,0,0,0
2020-06-29 01:00:00,29.93,89.42,31.54,6,29,181,27,1,2020,0,0,0
2020-06-29 02:00:00,29.13,90.08,31.37,6,29,181,27,1,2020,0,0,0
2020-06-29 03:00:00,28.61,91.18,31.05,6,29,181,27,1,2020,0,0,0
2020-06-29 04:00:00,29.75,93.36,30.63,6,29,181,27,1,2020,0,0,0
2020-06-29 05:00:00,30.77,97.39,30.24,6,29,181,27,1,2020,0,0,0
2020-06-29 06:00:00,29.85,98.68,30.23,6,29,181,27,1,2020,0,0,0
2020-06-29 07:00:00,29.98,95.78,30.79,6,29,181,27,1,2020,0,0,0
2020-06-29 08:00:00,30.68,90.75,31.74,6,29,181,27,1,2020,0,0,0
2020-06-29 09:00:00,34.44,85.43,32.8,6,29,181,27,1,2020,0,0,0
2020-06-29 10:00:00,31.93,80.48,33.93,6,29,181,27,1,2020,0,0,0
2020-06-29 11:00:00,31.68,78.63,34.54,6,29,181,27,1,2020,0,0,0
2020-06-29 12:00:00,31.13,76.85,35.2,6,29,181,27,1,2020,0,0,0
2020-06-29 13:00:00,30.89,76.03,35.41,6,29,181,27,1,2020,0,0,0
2020-06-29 14:00:00,30.2,71.4,36.38,6,29,181,27,1,2020,0,0,0
2020-06-29 15:00:00,30.18,71.59,36.55,6,29,181,27,1,2020,0,0,0
2020-06-29 16:00:00,29.68,72.39,36.48,6,29,181,27,1,2020,0,0,0
2020-06-29 17:00:00,29.9,74.99,36.09,6,29,181,27,1,2020,0,0,0
2020-06-29 18:00:00,30.4,80.91,34.93,6,29,181,27,1,2020,0,0,0
2020-06-29 19:00:00,30.97,83.53,34.2,6,29,181,27,1,2020,0,0,0
2020-06-29 20:00:00,35.17,83.63,33.79,6,29,181,27,1,2020,0,0,0
2020-06-29 21:00:00,34.65,77.48,33.16,6,29,181,27,1,2020,0,0,0
2020-06-29 22:00:00,33.71,89.62,32.38,6,29,181,27,1,2020,0,0,0
2020-06-29 23:00:00,34.51,89.23,32.21,6,29,181,27,1,2020,0,0,0
2020-06-30 00:00:00,34.79,89.93,31.82,6,30,182,27,2,2020,0,0,1
2020-06-30 01:00:00,34.03,92.09,31.58,6,30,182,27,2,2020,0,0,1
2020-06-30 02:00:00,32.59,93.15,31.29,6,30,182,27,2,2020,0,0,1
2020-06-30 03:00:00,31.13,92.87,31.09,6,30,182,27,2,2020,0,0,1
2020-06-30 04:00:00,30.6,93.0,31.0,6,30,182,27,2,2020,0,0,1
2020-06-30 05:00:00,47.92669639671784,88.37511055336446,26.37755945978244,6,30,182,27,2,2020,0,0,1
2020-06-30 06:00:00,47.92669639671784,88.37511055336446,26.37755945978244,6,30,182,27,2,2020,0,0,1
2020-06-30 07:00:00,47.92669639671784,88.37511055336446,26.37755945978244,6,30,182,27,2,2020,0,0,1
2020-06-30 08:00:00,47.92669639671784,88.37511055336446,26.37755945978244,6,30,182,27,2,2020,0,0,1
2020-06-30 09:00:00,47.92669639671784,88.37511055336446,26.37755945978244,6,30,182,27,2,2020,0,0,1
2020-06-30 10:00:00,47.92669639671784,88.37511055336446,26.37755945978244,6,30,182,27,2,2020,0,0,1
2020-06-30 11:00:00,47.92669639671784,88.37511055336446,26.37755945978244,6,30,182,27,2,2020,0,0,1
2020-06-30 12:00:00,47.92669639671784,88.37511055336446,26.37755945978244,6,30,182,27,2,2020,0,0,1
2020-06-30 13:00:00,47.92669639671784,88.37511055336446,26.37755945978244,6,30,182,27,2,2020,0,0,1
2020-06-30 14:00:00,47.92669639671784,88.37511055336446,26.37755945978244,6,30,182,27,2,2020,0,0,1
2020-06-30 15:00:00,47.92669639671784,88.37511055336446,26.37755945978244,6,30,182,27,2,2020,0,0,1
2020-06-30 16:00:00,47.92669639671784,88.37511055336446,26.37755945978244,6,30,182,27,2,2020,0,0,1
2020-06-30 17:00:00,33.2,73.18,36.4,6,30,182,27,2,2020,0,0,1
2020-06-30 18:00:00,33.34,82.27,34.95,6,30,182,27,2,2020,0,0,1
2020-06-30 19:00:00,34.21,85.51,33.69,6,30,182,27,2,2020,0,0,1
2020-06-30 20:00:00,35.77,85.35,33.18,6,30,182,27,2,2020,0,0,1
2020-06-30 21:00:00,33.0,77.28,32.88,6,30,182,27,2,2020,0,0,1
2020-06-30 22:00:00,33.15,77.29,32.8,6,30,182,27,2,2020,0,0,1
2020-06-30 23:00:00,35.44,80.09,32.4,6,30,182,27,2,2020,0,0,1
2020-01-07 00:00:00,35.02,79.74,31.97,1,7,7,2,2,2020,0,0,0
2020-01-07 01:00:00,36.39,84.03,31.42,1,7,7,2,2,2020,0,0,0
2020-01-07 02:00:00,38.76,87.73,30.73,1,7,7,2,2,2020,0,0,0
2020-01-07 03:00:00,38.38,86.45,30.71,1,7,7,2,2,2020,0,0,0
2020-01-07 04:00:00,41.53,89.07,30.8,1,7,7,2,2,2020,0,0,0
2020-01-07 05:00:00,42.61,96.75,30.58,1,7,7,2,2,2020,0,0,0
2020-01-07 06:00:00,37.73,99.38,30.56,1,7,7,2,2,2020,0,0,0
2020-01-07 07:00:00,35.67,97.66,31.08,1,7,7,2,2,2020,0,0,0
2020-01-07 08:00:00,29.39,94.13,32.03,1,7,7,2,2,2020,0,0,0
2020-01-07 09:00:00,28.31,87.28,33.34,1,7,7,2,2,2020,0,0,0
2020-01-07 10:00:00,28.43,81.82,34.43,1,7,7,2,2,2020,0,0,0
2020-01-07 11:00:00,29.86,79.13,34.88,1,7,7,2,2,2020,0,0,0
2020-01-07 12:00:00,29.0,77.88,35.17,1,7,7,2,2,2020,0,0,0
2020-01-07 13:00:00,30.13,79.72,34.6,1,7,7,2,2,2020,0,0,0
2020-01-07 14:00:00,36.16,97.69,30.53,1,7,7,2,2,2020,0,0,0
2020-01-07 15:00:00,30.9,99.64,29.6,1,7,7,2,2,2020,0,0,0
2020-01-07 16:00:00,28.38,96.23,29.46,1,7,7,2,2,2020,0,0,0
2020-01-07 17:00:00,35.17,89.25,30.45,1,7,7,2,2,2020,0,0,0
2020-01-07 18:00:00,39.54,85.8,31.28,1,7,7,2,2,2020,0,0,0
2020-01-07 19:00:00,30.07,84.53,30.73,1,7,7,2,2,2020,0,0,0
2020-01-07 20:00:00,31.14,90.8,29.63,1,7,7,2,2,2020,0,0,0
2020-01-07 21:00:00,30.32,88.89,29.73,1,7,7,2,2,2020,0,0,0
2020-01-07 22:00:00,29.32,91.06,29.69,1,7,7,2,2,2020,0,0,0
2020-01-07 23:00:00,30.68,90.28,29.67,1,7,7,2,2,2020,0,0,0
2020-02-07 00:00:00,33.69,91.2,29.72,2,7,38,6,5,2020,1,0,0
2020-02-07 01:00:00,30.95,91.34,29.42,2,7,38,6,5,2020,1,0,0
2020-02-07 02:00:00,34.01,94.86,29.13,2,7,38,6,5,2020,1,0,0
2020-02-07 03:00:00,34.43,95.28,28.95,2,7,38,6,5,2020,1,0,0
2020-02-07 04:00:00,40.91,97.73,28.88,2,7,38,6,5,2020,1,0,0
2020-02-07 05:00:00,51.42,99.81,28.81,2,7,38,6,5,2020,1,0,0
2020-02-07 06:00:00,57.66,99.81,28.92,2,7,38,6,5,2020,1,0,0
2020-02-07 07:00:00,62.71,99.93,29.27,2,7,38,6,5,2020,1,0,0
2020-02-07 08:00:00,52.55,94.85,30.53,2,7,38,6,5,2020,1,0,0
2020-02-07 09:00:00,35.69,88.85,31.8,2,7,38,6,5,2020,1,0,0
2020-02-07 10:00:00,31.34,84.7,32.92,2,7,38,6,5,2020,1,0,0
2020-02-07 11:00:00,30.19,80.38,33.94,2,7,38,6,5,2020,1,0,0
2020-02-07 12:00:00,29.7,73.21,35.38,2,7,38,6,5,2020,1,0,0
2020-02-07 13:00:00,32.37,74.8,35.38,2,7,38,6,5,2020,1,0,0
2020-02-07 14:00:00,31.53,77.38,34.63,2,7,38,6,5,2020,1,0,0
2020-02-07 15:00:00,30.69,81.29,34.29,2,7,38,6,5,2020,1,0,0
2020-02-07 16:00:00,28.32,83.66,33.77,2,7,38,6,5,2020,1,0,0
2020-02-07 17:00:00,27.25,78.23,33.93,2,7,38,6,5,2020,1,0,0
2020-02-07 18:00:00,26.42,79.78,33.65,2,7,38,6,5,2020,1,0,0
2020-02-07 19:00:00,27.34,85.98,32.88,2,7,38,6,5,2020,1,0,0
2020-02-07 20:00:00,28.52,91.64,32.3,2,7,38,6,5,2020,1,0,0
2020-02-07 21:00:00,29.55,92.31,32.12,2,7,38,6,5,2020,1,0,0
2020-02-07 22:00:00,33.78,90.05,32.24,2,7,38,6,5,2020,1,0,0
2020-02-07 23:00:00,33.62,92.81,31.76,2,7,38,6,5,2020,1,0,0
2020-03-07 00:00:00,32.53,95.42,31.31,3,7,67,10,6,2020,1,0,0
2020-03-07 01:00:00,30.4,98.63,30.79,3,7,67,10,6,2020,1,0,0
2020-03-07 02:00:00,31.24,99.95,30.45,3,7,67,10,6,2020,1,0,0
2020-03-07 03:00:00,30.71,100.0,30.28,3,7,67,10,6,2020,1,0,0
2020-03-07 04:00:00,30.55,100.0,30.13,3,7,67,10,6,2020,1,0,0
2020-03-07 05:00:00,28.95,100.0,30.26,3,7,67,10,6,2020,1,0,0
2020-03-07 06:00:00,30.25,100.0,30.06,3,7,67,10,6,2020,1,0,0
2020-03-07 07:00:00,33.94,100.0,29.89,3,7,67,10,6,2020,1,0,0
2020-03-07 08:00:00,30.86,97.84,30.66,3,7,67,10,6,2020,1,0,0
2020-03-07 09:00:00,29.5,92.73,31.49,3,7,67,10,6,2020,1,0,0
2020-03-07 10:00:00,29.58,91.13,32.14,3,7,67,10,6,2020,1,0,0
2020-03-07 11:00:00,28.95,85.58,32.94,3,7,67,10,6,2020,1,0,0
2020-03-07 12:00:00,29.08,79.42,34.14,3,7,67,10,6,2020,1,0,0
2020-03-07 13:00:00,27.57,77.6,34.35,3,7,67,10,6,2020,1,0,0
2020-03-07 14:00:00,27.53,79.74,33.86,3,7,67,10,6,2020,1,0,0
2020-03-07 15:00:00,26.43,80.76,32.92,3,7,67,10,6,2020,1,0,0
2020-03-07 16:00:00,29.98,96.83,31.12,3,7,67,10,6,2020,1,0,0
2020-03-07 17:00:00,28.68,89.07,32.23,3,7,67,10,6,2020,1,0,0
2020-03-07 18:00:00,27.82,83.63,32.88,3,7,67,10,6,2020,1,0,0
2020-03-07 19:00:00,28.01,85.73,32.48,3,7,67,10,6,2020,1,0,0
2020-03-07 20:00:00,29.33,88.48,32.06,3,7,67,10,6,2020,1,0,0
2020-03-07 21:00:00,29.06,89.69,31.87,3,7,67,10,6,2020,1,0,0
2020-03-07 22:00:00,29.57,89.82,31.67,3,7,67,10,6,2020,1,0,0
2020-03-07 23:00:00,29.62,92.82,31.03,3,7,67,10,6,2020,1,0,0
2020-04-07 00:00:00,29.56,95.08,30.59,4,7,98,15,2,2020,0,0,0
2020-04-07 01:00:00,28.9,95.86,30.41,4,7,98,15,2,2020,0,0,0
2020-04-07 02:00:00,29.72,95.68,30.36,4,7,98,15,2,2020,0,0,0
2020-04-07 03:00:00,25.48,99.97,28.51,4,7,98,15,2,2020,0,0,0
2020-04-07 04:00:00,27.69,100.0,28.37,4,7,98,15,2,2020,0,0,0
2020-04-07 05:00:00,28.18,100.0,27.4,4,7,98,15,2,2020,0,0,0
2020-04-07 06:00:00,28.22,100.0,27.73,4,7,98,15,2,2020,0,0,0
2020-04-07 07:00:00,30.21,100.0,27.85,4,7,98,15,2,2020,0,0,0
2020-04-07 08:00:00,32.25,100.0,28.39,4,7,98,15,2,2020,0,0,0
2020-04-07 09:00:00,29.1,99.53,29.49,4,7,98,15,2,2020,0,0,0
2020-04-07 10:00:00,48.69,100.0,29.51,4,7,98,15,2,2020,0,0,0
2020-04-07 11:00:00,31.28,100.0,28.26,4,7,98,15,2,2020,0,0,0
2020-04-07 12:00:00,32.79,98.88,30.0,4,7,98,15,2,2020,0,0,0
2020-04-07 13:00:00,33.17,94.27,31.17,4,7,98,15,2,2020,0,0,0
2020-04-07 14:00:00,32.65,90.58,32.07,4,7,98,15,2,2020,0,0,0
2020-04-07 15:00:00,30.83,87.93,32.48,4,7,98,15,2,2020,0,0,0
2020-04-07 16:00:00,29.04,88.05,32.63,4,7,98,15,2,2020,0,0,0
2020-04-07 17:00:00,30.13,87.72,32.73,4,7,98,15,2,2020,0,0,0
2020-04-07 18:00:00,27.37,88.41,32.38,4,7,98,15,2,2020,0,0,0
2020-04-07 19:00:00,25.73,97.72,29.68,4,7,98,15,2,2020,0,0,0
2020-04-07 20:00:00,27.33,99.94,29.52,4,7,98,15,2,2020,0,0,0
2020-04-07 21:00:00,35.86,97.23,30.46,4,7,98,15,2,2020,0,0,0
2020-04-07 22:00:00,35.03,99.15,30.43,4,7,98,15,2,2020,0,0,0
2020-04-07 23:00:00,29.98,97.9,30.66,4,7,98,15,2,2020,0,0,0
2020-05-07 00:00:00,29.39,98.44,30.4,5,7,128,19,4,2020,0,0,0
2020-05-07 01:00:00,31.68,99.23,30.13,5,7,128,19,4,2020,0,0,0
2020-05-07 02:00:00,31.18,99.83,29.85,5,7,128,19,4,2020,0,0,0
2020-05-07 03:00:00,31.72,100.0,29.53,5,7,128,19,4,2020,0,0,0
2020-05-07 04:00:00,31.74,100.0,29.45,5,7,128,19,4,2020,0,0,0
2020-05-07 05:00:00,34.78,100.0,29.33,5,7,128,19,4,2020,0,0,0
2020-05-07 06:00:00,38.36,100.0,29.39,5,7,128,19,4,2020,0,0,0
2020-05-07 07:00:00,40.44,100.0,29.68,5,7,128,19,4,2020,0,0,0
2020-05-07 08:00:00,29.46,97.43,30.9,5,7,128,19,4,2020,0,0,0
2020-05-07 09:00:00,27.8,90.08,32.34,5,7,128,19,4,2020,0,0,0
2020-05-07 10:00:00,29.0,84.71,33.38,5,7,128,19,4,2020,0,0,0
2020-05-07 11:00:00,29.36,81.09,34.39,5,7,128,19,4,2020,0,0,0
2020-05-07 12:00:00,28.86,80.47,34.38,5,7,128,19,4,2020,0,0,0
2020-05-07 13:00:00,27.88,81.08,34.26,5,7,128,19,4,2020,0,0,0
2020-05-07 14:00:00,27.99,80.14,34.38,5,7,128,19,4,2020,0,0,0
2020-05-07 15:00:00,28.25,77.66,34.75,5,7,128,19,4,2020,0,0,0
2020-05-07 16:00:00,28.03,76.95,34.93,5,7,128,19,4,2020,0,0,0
2020-05-07 17:00:00,28.25,82.47,33.23,5,7,128,19,4,2020,0,0,0
2020-05-07 18:00:00,41.43,86.61,32.47,5,7,128,19,4,2020,0,0,0
2020-05-07 19:00:00,36.67,89.65,32.26,5,7,128,19,4,2020,0,0,0
2020-05-07 20:00:00,31.71,90.35,32.23,5,7,128,19,4,2020,0,0,0
2020-05-07 21:00:00,29.89,88.42,32.13,5,7,128,19,4,2020,0,0,0
2020-05-07 22:00:00,28.76,89.14,31.82,5,7,128,19,4,2020,0,0,0
2020-05-07 23:00:00,29.05,91.31,31.43,5,7,128,19,4,2020,0,0,0
2020-06-07 00:00:00,28.48,93.54,31.13,6,7,159,23,7,2020,1,0,0
2020-06-07 01:00:00,29.09,95.53,30.72,6,7,159,23,7,2020,1,0,0
2020-06-07 02:00:00,28.54,96.33,30.59,6,7,159,23,7,2020,1,0,0
2020-06-07 03:00:00,28.28,97.33,30.42,6,7,159,23,7,2020,1,0,0
2020-06-07 04:00:00,28.13,98.16,30.2,6,7,159,23,7,2020,1,0,0
2020-06-07 05:00:00,27.14,96.33,30.33,6,7,159,23,7,2020,1,0,0
2020-06-07 06:00:00,28.83,98.2,30.18,6,7,159,23,7,2020,1,0,0
2020-06-07 07:00:00,31.13,97.18,30.36,6,7,159,23,7,2020,1,0,0
2020-06-07 08:00:00,28.69,91.5,31.53,6,7,159,23,7,2020,1,0,0
2020-06-07 09:00:00,28.43,86.64,32.67,6,7,159,23,7,2020,1,0,0
2020-06-07 10:00:00,30.23,84.17,33.43,6,7,159,23,7,2020,1,0,0
2020-06-07 11:00:00,29.87,81.71,34.19,6,7,159,23,7,2020,1,0,0
2020-06-07 12:00:00,29.02,76.28,35.43,6,7,159,23,7,2020,1,0,0
2020-06-07 13:00:00,27.36,72.76,36.16,6,7,159,23,7,2020,1,0,0
2020-06-07 14:00:00,26.21,69.34,36.49,6,7,159,23,7,2020,1,0,0
2020-06-07 15:00:00,27.58,71.83,36.47,6,7,159,23,7,2020,1,0,0
2020-06-07 16:00:00,26.78,75.86,35.73,6,7,159,23,7,2020,1,0,0
2020-06-07 17:00:00,27.43,79.58,34.99,6,7,159,23,7,2020,1,0,0
2020-06-07 18:00:00,27.78,80.72,34.37,6,7,159,23,7,2020,1,0,0
2020-06-07 19:00:00,29.25,83.72,33.72,6,7,159,23,7,2020,1,0,0
2020-06-07 20:00:00,28.65,85.55,33.05,6,7,159,23,7,2020,1,0,0
2020-06-07 21:00:00,29.38,88.88,32.58,6,7,159,23,7,2020,1,0,0
2020-06-07 22:00:00,32.12,91.69,32.27,6,7,159,23,7,2020,1,0,0
2020-06-07 23:00:00,30.53,92.4,31.86,6,7,159,23,7,2020,1,0,0
2020-07-07 00:00:00,30.72,93.42,31.57,7,7,189,28,2,2020,0,0,0
2020-07-07 01:00:00,29.45,93.46,31.5,7,7,189,28,2,2020,0,0,0
2020-07-07 02:00:00,30.07,95.63,31.18,7,7,189,28,2,2020,0,0,0
2020-07-07 03:00:00,30.03,98.44,30.8,7,7,189,28,2,2020,0,0,0
2020-07-07 04:00:00,28.76,98.97,30.66,7,7,189,28,2,2020,0,0,0
2020-07-07 05:00:00,27.92,98.56,30.63,7,7,189,28,2,2020,0,0,0
2020-07-07 06:00:00,28.52,99.48,30.6,7,7,189,28,2,2020,0,0,0
2020-07-07 07:00:00,29.75,97.83,30.84,7,7,189,28,2,2020,0,0,0
2020-07-07 08:00:00,31.78,94.29,31.57,7,7,189,28,2,2020,0,0,0
2020-07-07 09:00:00,34.98,89.5,32.72,7,7,189,28,2,2020,0,0,0
2020-07-07 10:00:00,36.88,85.48,33.54,7,7,189,28,2,2020,0,0,0
2020-07-07 11:00:00,34.67,81.02,34.61,7,7,189,28,2,2020,0,0,0
2020-07-07 12:00:00,31.51,78.09,35.76,7,7,189,28,2,2020,0,0,0
2020-07-07 13:00:00,30.02,74.26,36.49,7,7,189,28,2,2020,0,0,0
2020-07-07 14:00:00,29.53,73.38,36.73,7,7,189,28,2,2020,0,0,0
2020-07-07 15:00:00,29.73,72.58,36.81,7,7,189,28,2,2020,0,0,0
2020-07-07 16:00:00,29.62,74.08,36.58,7,7,189,28,2,2020,0,0,0
2020-07-07 17:00:00,29.58,77.13,36.05,7,7,189,28,2,2020,0,0,0
2020-07-07 18:00:00,28.58,80.59,34.99,7,7,189,28,2,2020,0,0,0
2020-07-07 19:00:00,28.98,82.92,33.66,7,7,189,28,2,2020,0,0,0
2020-07-07 20:00:00,27.91,78.92,32.7,7,7,189,28,2,2020,0,0,0
2020-07-07 21:00:00,32.95,85.51,32.64,7,7,189,28,2,2020,0,0,0
2020-07-07 22:00:00,34.58,90.82,32.27,7,7,189,28,2,2020,0,0,0
2020-07-07 23:00:00,33.5,92.69,31.97,7,7,189,28,2,2020,0,0,0
2020-08-07 00:00:00,33.61,94.96,31.63,8,7,220,32,5,2020,1,0,0
2020-08-07 01:00:00,34.02,96.16,31.54,8,7,220,32,5,2020,1,0,0
2020-08-07 02:00:00,33.43,96.62,31.31,8,7,220,32,5,2020,1,0,0
2020-08-07 03:00:00,32.24,98.51,30.93,8,7,220,32,5,2020,1,0,0
2020-08-07 04:00:00,31.43,96.28,31.03,8,7,220,32,5,2020,1,0,0
2020-08-07 05:00:00,32.04,97.51,30.82,8,7,220,32,5,2020,1,0,0
2020-08-07 06:00:00,32.38,97.63,30.7,8,7,220,32,5,2020,1,0,0
2020-08-07 07:00:00,32.87,95.83,31.17,8,7,220,32,5,2020,1,0,0
2020-08-07 08:00:00,33.17,91.91,31.88,8,7,220,32,5,2020,1,0,0
2020-08-07 09:00:00,33.6,87.32,33.33,8,7,220,32,5,2020,1,0,0
2020-08-07 10:00:00,30.77,79.48,34.93,8,7,220,32,5,2020,1,0,0
2020-08-07 11:00:00,28.5,69.81,36.39,8,7,220,32,5,2020,1,0,0
2020-08-07 12:00:00,27.06,65.33,37.37,8,7,220,32,5,2020,1,0,0
2020-08-07 13:00:00,26.43,62.97,38.01,8,7,220,32,5,2020,1,0,0
2020-08-07 14:00:00,25.99,63.99,37.79,8,7,220,32,5,2020,1,0,0
2020-08-07 15:00:00,26.48,64.1,37.66,8,7,220,32,5,2020,1,0,0
2020-08-07 16:00:00,26.25,63.6,37.78,8,7,220,32,5,2020,1,0,0
2020-08-07 17:00:00,26.51,63.43,37.68,8,7,220,32,5,2020,1,0,0
2020-08-07 18:00:00,28.01,65.63,37.2,8,7,220,32,5,2020,1,0,0
2020-08-07 19:00:00,33.02,74.22,35.67,8,7,220,32,5,2020,1,0,0
2020-08-07 20:00:00,35.28,77.05,34.56,8,7,220,32,5,2020,1,0,0
2020-08-07 21:00:00,30.84,77.71,33.92,8,7,220,32,5,2020,1,0,0
2020-08-07 22:00:00,30.56,81.18,33.34,8,7,220,32,5,2020,1,0,0
2020-08-07 23:00:00,30.53,84.72,32.83,8,7,220,32,5,2020,1,0,0
2020-09-07 00:00:00,30.12,86.87,32.54,9,7,251,37,1,2020,0,0,0
2020-09-07 01:00:00,30.58,88.05,32.39,9,7,251,37,1,2020,0,0,0
2020-09-07 02:00:00,30.97,87.87,32.44,9,7,251,37,1,2020,0,0,0
2020-09-07 03:00:00,31.07,89.09,32.2,9,7,251,37,1,2020,0,0,0
2020-09-07 04:00:00,32.01,88.49,32.13,9,7,251,37,1,2020,0,0,0
2020-09-07 05:00:00,30.28,85.17,32.19,9,7,251,37,1,2020,0,0,0
2020-09-07 06:00:00,30.82,84.97,32.15,9,7,251,37,1,2020,0,0,0
2020-09-07 07:00:00,30.96,82.81,32.54,9,7,251,37,1,2020,0,0,0
2020-09-07 08:00:00,31.43,78.11,33.38,9,7,251,37,1,2020,0,0,0
2020-09-07 09:00:00,29.79,71.98,34.58,9,7,251,37,1,2020,0,0,0
2020-09-07 10:00:00,27.94,64.78,35.94,9,7,251,37,1,2020,0,0,0
2020-09-07 11:00:00,26.15,58.78,37.59,9,7,251,37,1,2020,0,0,0
2020-09-07 12:00:00,25.39,55.68,38.85,9,7,251,37,1,2020,0,0,0
2020-09-07 13:00:00,25.03,54.33,39.09,9,7,251,37,1,2020,0,0,0
2020-09-07 14:00:00,24.78,52.97,39.17,9,7,251,37,1,2020,0,0,0
2020-09-07 15:00:00,24.99,54.86,38.88,9,7,251,37,1,2020,0,0,0
2020-09-07 16:00:00,25.48,56.4,38.52,9,7,251,37,1,2020,0,0,0
2020-09-07 17:00:00,26.53,56.37,38.09,9,7,251,37,1,2020,0,0,0
2020-09-07 18:00:00,25.84,56.97,37.46,9,7,251,37,1,2020,0,0,0
2020-09-07 19:00:00,26.76,60.9,36.83,9,7,251,37,1,2020,0,0,0
2020-09-07 20:00:00,33.36,69.73,36.15,9,7,251,37,1,2020,0,0,0
2020-09-07 21:00:00,34.26,75.65,35.16,9,7,251,37,1,2020,0,0,0
2020-09-07 22:00:00,32.47,75.8,34.73,9,7,251,37,1,2020,0,0,0
2020-09-07 23:00:00,33.24,80.22,33.93,9,7,251,37,1,2020,0,0,0
2020-10-07 00:00:00,32.52,83.13,33.32,10,7,281,41,3,2020,0,0,0
2020-10-07 01:00:00,31.63,85.31,32.99,10,7,281,41,3,2020,0,0,0
2020-10-07 02:00:00,31.86,83.98,33.07,10,7,281,41,3,2020,0,0,0
2020-10-07 03:00:00,28.86,84.67,32.97,10,7,281,41,3,2020,0,0,0
2020-10-07 04:00:00,28.32,82.74,32.93,10,7,281,41,3,2020,0,0,0
2020-10-07 05:00:00,28.32,82.91,32.72,10,7,281,41,3,2020,0,0,0
2020-10-07 06:00:00,29.17,82.75,32.62,10,7,281,41,3,2020,0,0,0
2020-10-07 07:00:00,29.63,80.97,32.88,10,7,281,41,3,2020,0,0,0
2020-10-07 08:00:00,30.53,77.46,33.56,10,7,281,41,3,2020,0,0,0
2020-10-07 09:00:00,29.62,71.06,34.74,10,7,281,41,3,2020,0,0,0
2020-10-07 10:00:00,28.57,65.68,35.62,10,7,281,41,3,2020,0,0,0
2020-10-07 11:00:00,27.43,61.81,36.7,10,7,281,41,3,2020,0,0,0
2020-10-07 12:00:00,26.67,59.96,36.81,10,7,281,41,3,2020,0,0,0
2020-10-07 13:00:00,25.46,59.95,36.71,10,7,281,41,3,2020,0,0,0
2020-10-07 14:00:00,25.44,61.18,37.17,10,7,281,41,3,2020,0,0,0
2020-10-07 15:00:00,25.4,59.38,37.14,10,7,281,41,3,2020,0,0,0
2020-10-07 16:00:00,25.3,59.93,37.58,10,7,281,41,3,2020,0,0,0
2020-10-07 17:00:00,26.45,63.6,36.7,10,7,281,41,3,2020,0,0,0
2020-10-07 18:00:00,27.97,65.04,36.19,10,7,281,41,3,2020,0,0,0
2020-10-07 19:00:00,28.61,66.42,35.67,10,7,281,41,3,2020,0,0,0
2020-10-07 20:00:00,30.63,67.68,35.32,10,7,281,41,3,2020,0,0,0
2020-10-07 21:00:00,30.61,68.25,35.19,10,7,281,41,3,2020,0,0,0
2020-10-07 22:00:00,32.51,71.45,34.9,10,7,281,41,3,2020,0,0,0
2020-10-07 23:00:00,28.71,72.43,34.09,10,7,281,41,3,2020,0,0,0
2020-11-07 00:00:00,27.04,71.38,33.18,11,7,312,45,6,2020,1,0,0
2020-11-07 01:00:00,26.12,70.32,32.99,11,7,312,45,6,2020,1,0,0
2020-11-07 02:00:00,28.69,73.51,32.64,11,7,312,45,6,2020,1,0,0
2020-11-07 03:00:00,26.99,74.47,32.55,11,7,312,45,6,2020,1,0,0
2020-11-07 04:00:00,26.79,76.43,32.34,11,7,312,45,6,2020,1,0,0
2020-11-07 05:00:00,26.03,75.81,32.43,11,7,312,45,6,2020,1,0,0
2020-11-07 06:00:00,26.21,74.74,32.48,11,7,312,45,6,2020,1,0,0
2020-11-07 07:00:00,27.45,75.57,32.59,11,7,312,45,6,2020,1,0,0
2020-11-07 08:00:00,28.73,75.23,33.07,11,7,312,45,6,2020,1,0,0
2020-11-07 09:00:00,31.59,72.78,33.86,11,7,312,45,6,2020,1,0,0
2020-11-07 10:00:00,27.94,67.08,35.09,11,7,312,45,6,2020,1,0,0
2020-11-07 11:00:00,31.63,69.5,35.36,11,7,312,45,6,2020,1,0,0
2020-11-07 12:00:00,27.84,65.71,35.33,11,7,312,45,6,2020,1,0,0
2020-11-07 13:00:00,28.62,75.71,33.62,11,7,312,45,6,2020,1,0,0
2020-11-07 14:00:00,28.42,82.66,32.36,11,7,312,45,6,2020,1,0,0
2020-11-07 15:00:00,27.52,70.07,33.75,11,7,312,45,6,2020,1,0,0
2020-11-07 16:00:00,25.53,66.36,34.38,11,7,312,45,6,2020,1,0,0
2020-11-07 17:00:00,25.65,64.27,34.19,11,7,312,45,6,2020,1,0,0
2020-11-07 18:00:00,26.02,63.1,34.14,11,7,312,45,6,2020,1,0,0
2020-11-07 19:00:00,28.27,68.42,33.85,11,7,312,45,6,2020,1,0,0
2020-11-07 20:00:00,36.53,73.74,33.41,11,7,312,45,6,2020,1,0,0
2020-11-07 21:00:00,39.77,76.62,33.45,11,7,312,45,6,2020,1,0,0
2020-11-07 22:00:00,41.52,79.33,33.41,11,7,312,45,6,2020,1,0,0
2020-11-07 23:00:00,36.41,80.28,33.21,11,7,312,45,6,2020,1,0,0
2020-12-07 00:00:00,31.25,79.98,32.82,12,7,342,50,1,2020,0,0,0
2020-12-07 01:00:00,35.54,83.73,32.28,12,7,342,50,1,2020,0,0,0
2020-12-07 02:00:00,37.8,86.99,31.95,12,7,342,50,1,2020,0,0,0
2020-12-07 03:00:00,31.44,86.5,32.0,12,7,342,50,1,2020,0,0,0
2020-12-07 04:00:00,29.31,87.86,31.73,12,7,342,50,1,2020,0,0,0
2020-12-07 05:00:00,29.17,91.95,31.39,12,7,342,50,1,2020,0,0,0
2020-12-07 06:00:00,31.12,93.98,31.24,12,7,342,50,1,2020,0,0,0
2020-12-07 07:00:00,33.07,93.45,31.45,12,7,342,50,1,2020,0,0,0
2020-12-07 08:00:00,33.87,90.44,32.03,12,7,342,50,1,2020,0,0,0
2020-12-07 09:00:00,39.53,85.28,32.38,12,7,342,50,1,2020,0,0,0
2020-12-07 10:00:00,39.54,86.93,32.78,12,7,342,50,1,2020,0,0,0
2020-12-07 11:00:00,39.04,79.18,33.67,12,7,342,50,1,2020,0,0,0
2020-12-07 12:00:00,32.89,74.43,34.24,12,7,342,50,1,2020,0,0,0
2020-12-07 13:00:00,32.2,73.75,33.91,12,7,342,50,1,2020,0,0,0
2020-12-07 14:00:00,31.76,72.66,33.93,12,7,342,50,1,2020,0,0,0
2020-12-07 15:00:00,35.38,74.49,34.03,12,7,342,50,1,2020,0,0,0
2020-12-07 16:00:00,36.68,75.68,34.01,12,7,342,50,1,2020,0,0,0
2020-12-07 17:00:00,30.4,69.27,34.28,12,7,342,50,1,2020,0,0,0
2020-12-07 18:00:00,26.36,67.18,33.85,12,7,342,50,1,2020,0,0,0
2020-12-07 19:00:00,27.51,69.47,33.45,12,7,342,50,1,2020,0,0,0
2020-12-07 20:00:00,28.69,71.4,33.24,12,7,342,50,1,2020,0,0,0
2020-12-07 21:00:00,30.08,72.96,33.08,12,7,342,50,1,2020,0,0,0
2020-12-07 22:00:00,30.48,74.48,32.88,12,7,342,50,1,2020,0,0,0
2020-12-07 23:00:00,31.83,76.0,32.78,12,7,342,50,1,2020,0,0,0
2020-07-13 00:00:00,35.23,78.89,32.28,7,13,195,29,1,2020,0,0,0
2020-07-13 01:00:00,41.4,86.44,31.66,7,13,195,29,1,2020,0,0,0
2020-07-13 02:00:00,43.09,92.53,31.15,7,13,195,29,1,2020,0,0,0
2020-07-13 03:00:00,38.65,95.33,30.94,7,13,195,29,1,2020,0,0,0
2020-07-13 04:00:00,41.82,98.36,30.73,7,13,195,29,1,2020,0,0,0
2020-07-13 05:00:00,42.59,99.97,30.47,7,13,195,29,1,2020,0,0,0
2020-07-13 06:00:00,37.48,98.33,30.53,7,13,195,29,1,2020,0,0,0
2020-07-13 07:00:00,32.5,92.73,30.58,7,13,195,29,1,2020,0,0,0
2020-07-13 08:00:00,30.47,80.74,32.2,7,13,195,29,1,2020,0,0,0
2020-07-13 09:00:00,27.27,78.21,33.17,7,13,195,29,1,2020,0,0,0
2020-07-13 10:00:00,27.64,73.88,34.2,7,13,195,29,1,2020,0,0,0
2020-07-13 11:00:00,27.87,68.94,35.45,7,13,195,29,1,2020,0,0,0
2020-07-13 12:00:00,27.5,63.77,36.49,7,13,195,29,1,2020,0,0,0
2020-07-13 13:00:00,27.21,62.38,36.53,7,13,195,29,1,2020,0,0,0
2020-07-13 14:00:00,27.18,61.88,36.8,7,13,195,29,1,2020,0,0,0
2020-07-13 15:00:00,27.19,63.48,36.74,7,13,195,29,1,2020,0,0,0
2020-07-13 16:00:00,28.08,64.84,36.43,7,13,195,29,1,2020,0,0,0
2020-07-13 17:00:00,27.93,67.01,36.16,7,13,195,29,1,2020,0,0,0
2020-07-13 18:00:00,29.73,78.01,34.94,7,13,195,29,1,2020,0,0,0
2020-07-13 19:00:00,29.16,80.42,33.97,7,13,195,29,1,2020,0,0,0
2020-07-13 20:00:00,31.12,84.61,33.27,7,13,195,29,1,2020,0,0,0
2020-07-13 21:00:00,31.9,87.13,32.75,7,13,195,29,1,2020,0,0,0
2020-07-13 22:00:00,33.48,89.69,32.35,7,13,195,29,1,2020,0,0,0
2020-07-13 23:00:00,33.77,92.25,31.95,7,13,195,29,1,2020,0,0,0
2020-07-14 00:00:00,29.48,90.75,31.94,7,14,196,29,2,2020,0,0,0
2020-07-14 01:00:00,31.81,95.73,30.0,7,14,196,29,2,2020,0,0,0
2020-07-14 02:00:00,29.15,99.99,28.81,7,14,196,29,2,2020,0,0,0
2020-07-14 03:00:00,26.98,97.73,28.95,7,14,196,29,2,2020,0,0,0
2020-07-14 04:00:00,26.23,95.56,29.0,7,14,196,29,2,2020,0,0,0
2020-07-14 05:00:00,28.08,95.76,28.9,7,14,196,29,2,2020,0,0,0
2020-07-14 06:00:00,33.83,94.67,28.78,7,14,196,29,2,2020,0,0,0
2020-07-14 07:00:00,39.04,94.08,29.13,7,14,196,29,2,2020,0,0,0
2020-07-14 08:00:00,43.49,90.8,30.06,7,14,196,29,2,2020,0,0,0
2020-07-14 09:00:00,43.73,86.29,31.35,7,14,196,29,2,2020,0,0,0
2020-07-14 10:00:00,48.26,83.4,32.52,7,14,196,29,2,2020,0,0,0
2020-07-14 11:00:00,45.48,79.16,33.58,7,14,196,29,2,2020,0,0,0
2020-07-14 12:00:00,35.43,75.91,34.32,7,14,196,29,2,2020,0,0,0
2020-07-14 13:00:00,32.76,72.38,35.25,7,14,196,29,2,2020,0,0,0
2020-07-14 14:00:00,31.61,72.93,35.17,7,14,196,29,2,2020,0,0,0
2020-07-14 15:00:00,30.7,70.96,35.51,7,14,196,29,2,2020,0,0,0
2020-07-14 16:00:00,31.11,71.08,35.34,7,14,196,29,2,2020,0,0,0
2020-07-14 17:00:00,32.68,71.88,35.02,7,14,196,29,2,2020,0,0,0
2020-07-14 18:00:00,32.31,70.8,34.96,7,14,196,29,2,2020,0,0,0
2020-07-14 19:00:00,37.01,74.03,34.75,7,14,196,29,2,2020,0,0,0
2020-07-14 20:00:00,38.43,81.12,34.12,7,14,196,29,2,2020,0,0,0
2020-07-14 21:00:00,35.53,83.7,33.49,7,14,196,29,2,2020,0,0,0
2020-07-14 22:00:00,33.98,88.54,32.58,7,14,196,29,2,2020,0,0,0
2020-07-14 23:00:00,31.13,90.83,31.89,7,14,196,29,2,2020,0,0,0
2020-07-15 00:00:00,34.03,95.61,31.28,7,15,197,29,3,2020,0,0,0
2020-07-15 01:00:00,33.24,96.77,31.12,7,15,197,29,3,2020,0,0,0
2020-07-15 02:00:00,34.18,97.01,31.0,7,15,197,29,3,2020,0,0,0
2020-07-15 03:00:00,36.87,98.36,30.68,7,15,197,29,3,2020,0,0,0
2020-07-15 04:00:00,40.38,99.55,30.44,7,15,197,29,3,2020,0,0,0
2020-07-15 05:00:00,37.41,98.43,30.28,7,15,197,29,3,2020,0,0,0
2020-07-15 06:00:00,44.62,99.85,30.11,7,15,197,29,3,2020,0,0,0
2020-07-15 07:00:00,39.73,96.47,30.64,7,15,197,29,3,2020,0,0,0
2020-07-15 08:00:00,33.32,87.4,31.98,7,15,197,29,3,2020,0,0,0
2020-07-15 09:00:00,33.79,80.58,33.45,7,15,197,29,3,2020,0,0,0
2020-07-15 10:00:00,31.51,74.43,35.02,7,15,197,29,3,2020,0,0,0
2020-07-15 11:00:00,29.88,70.6,36.13,7,15,197,29,3,2020,0,0,0
2020-07-15 12:00:00,28.17,66.05,37.25,7,15,197,29,3,2020,0,0,0
2020-07-15 13:00:00,28.97,67.75,36.83,7,15,197,29,3,2020,0,0,0
2020-07-15 14:00:00,28.47,67.35,36.79,7,15,197,29,3,2020,0,0,0
2020-07-15 15:00:00,28.84,66.29,36.96,7,15,197,29,3,2020,0,0,0
2020-07-15 16:00:00,29.93,67.93,36.84,7,15,197,29,3,2020,0,0,0
2020-07-15 17:00:00,30.58,74.38,36.01,7,15,197,29,3,2020,0,0,0
2020-07-15 18:00:00,29.7,77.42,35.15,7,15,197,29,3,2020,0,0,0
2020-07-15 19:00:00,30.46,81.33,34.13,7,15,197,29,3,2020,0,0,0
2020-07-15 20:00:00,31.98,85.48,33.14,7,15,197,29,3,2020,0,0,0
2020-07-15 21:00:00,31.99,89.58,32.46,7,15,197,29,3,2020,0,0,0
2020-07-15 22:00:00,31.5,91.38,32.01,7,15,197,29,3,2020,0,0,0
2020-07-15 23:00:00,30.2,93.24,31.63,7,15,197,29,3,2020,0,0,0
2020-07-16 00:00:00,30.46,95.1,31.36,7,16,198,29,4,2020,0,0,0
2020-07-16 01:00:00,31.36,96.43,31.08,7,16,198,29,4,2020,0,0,0
2020-07-16 02:00:00,31.7,97.31,30.8,7,16,198,29,4,2020,0,0,0
2020-07-16 03:00:00,32.24,97.66,30.66,7,16,198,29,4,2020,0,0,0
2020-07-16 04:00:00,31.83,99.06,30.54,7,16,198,29,4,2020,0,0,0
2020-07-16 05:00:00,33.53,100.0,30.08,7,16,198,29,4,2020,0,0,0
2020-07-16 06:00:00,36.18,100.0,30.16,7,16,198,29,4,2020,0,0,0
2020-07-16 07:00:00,44.73,98.99,30.62,7,16,198,29,4,2020,0,0,0
2020-07-16 08:00:00,33.75,93.52,31.57,7,16,198,29,4,2020,0,0,0
2020-07-16 09:00:00,33.62,87.37,32.73,7,16,198,29,4,2020,0,0,0
2020-07-16 10:00:00,36.05,81.48,33.93,7,16,198,29,4,2020,0,0,0
2020-07-16 11:00:00,30.03,77.12,35.06,7,16,198,29,4,2020,0,0,0
2020-07-16 12:00:00,28.07,73.38,35.96,7,16,198,29,4,2020,0,0,0
2020-07-16 13:00:00,27.8,72.03,36.2,7,16,198,29,4,2020,0,0,0
2020-07-16 14:00:00,29.02,66.93,36.58,7,16,198,29,4,2020,0,0,0
2020-07-16 15:00:00,26.24,67.94,36.43,7,16,198,29,4,2020,0,0,0
2020-07-16 16:00:00,25.78,73.84,35.83,7,16,198,29,4,2020,0,0,0
2020-07-16 17:00:00,25.75,74.88,35.34,7,16,198,29,4,2020,0,0,0
2020-07-16 18:00:00,25.88,74.48,34.9,7,16,198,29,4,2020,0,0,0
2020-07-16 19:00:00,27.91,79.13,33.88,7,16,198,29,4,2020,0,0,0
2020-07-16 20:00:00,30.17,82.51,33.2,7,16,198,29,4,2020,0,0,0
2020-07-16 21:00:00,31.71,86.08,32.77,7,16,198,29,4,2020,0,0,0
2020-07-16 22:00:00,30.67,88.48,32.33,7,16,198,29,4,2020,0,0,0
2020-07-16 23:00:00,29.32,89.24,32.28,7,16,198,29,4,2020,0,0,0
2020-07-17 00:00:00,29.13,90.83,31.84,7,17,199,29,5,2020,1,0,0
2020-07-17 01:00:00,29.78,93.98,31.47,7,17,199,29,5,2020,1,0,0
2020-07-17 02:00:00,30.93,96.29,31.16,7,17,199,29,5,2020,1,0,0
2020-07-17 03:00:00,28.69,98.28,31.01,7,17,199,29,5,2020,1,0,0
2020-07-17 04:00:00,27.41,97.39,31.02,7,17,199,29,5,2020,1,0,0
2020-07-17 05:00:00,27.62,97.34,30.85,7,17,199,29,5,2020,1,0,0
2020-07-17 06:00:00,28.68,98.08,30.64,7,17,199,29,5,2020,1,0,0
2020-07-17 07:00:00,29.92,96.33,31.08,7,17,199,29,5,2020,1,0,0
2020-07-17 08:00:00,32.15,90.75,32.04,7,17,199,29,5,2020,1,0,0
2020-07-17 09:00:00,31.27,84.5,33.55,7,17,199,29,5,2020,1,0,0
2020-07-17 10:00:00,30.4,77.4,34.88,7,17,199,29,5,2020,1,0,0
2020-07-17 11:00:00,28.65,68.29,36.58,7,17,199,29,5,2020,1,0,0
2020-07-17 12:00:00,28.05,62.38,37.9,7,17,199,29,5,2020,1,0,0
2020-07-17 13:00:00,27.77,60.38,38.33,7,17,199,29,5,2020,1,0,0
2020-07-17 14:00:00,26.56,60.83,37.99,7,17,199,29,5,2020,1,0,0
2020-07-17 15:00:00,27.2,60.92,38.09,7,17,199,29,5,2020,1,0,0
2020-07-17 16:00:00,26.73,69.38,36.92,7,17,199,29,5,2020,1,0,0
2020-07-17 17:00:00,28.01,70.54,36.23,7,17,199,29,5,2020,1,0,0
2020-07-17 18:00:00,28.29,70.53,35.53,7,17,199,29,5,2020,1,0,0
2020-07-17 19:00:00,29.29,71.78,34.66,7,17,199,29,5,2020,1,0,0
2020-07-17 20:00:00,32.54,74.22,34.11,7,17,199,29,5,2020,1,0,0
2020-07-17 21:00:00,31.18,75.78,33.63,7,17,199,29,5,2020,1,0,0
2020-07-17 22:00:00,32.13,78.38,33.2,7,17,199,29,5,2020,1,0,0
2020-07-17 23:00:00,31.23,84.83,32.63,7,17,199,29,5,2020,1,0,0
2020-07-18 00:00:00,29.44,90.18,32.02,7,18,200,29,6,2020,1,0,0
2020-07-18 01:00:00,28.64,93.29,31.63,7,18,200,29,6,2020,1,0,0
2020-07-18 02:00:00,28.54,94.83,31.51,7,18,200,29,6,2020,1,0,0
2020-07-18 03:00:00,29.33,95.53,31.42,7,18,200,29,6,2020,1,0,0
2020-07-18 04:00:00,30.18,96.09,31.26,7,18,200,29,6,2020,1,0,0
2020-07-18 05:00:00,31.16,96.23,31.07,7,18,200,29,6,2020,1,0,0
2020-07-18 06:00:00,31.92,96.53,31.05,7,18,200,29,6,2020,1,0,0
2020-07-18 07:00:00,32.56,94.53,31.5,7,18,200,29,6,2020,1,0,0
2020-07-18 08:00:00,31.53,87.83,32.4,7,18,200,29,6,2020,1,0,0
2020-07-18 09:00:00,30.8,80.22,33.8,7,18,200,29,6,2020,1,0,0
2020-07-18 10:00:00,30.01,73.4,35.43,7,18,200,29,6,2020,1,0,0
2020-07-18 11:00:00,27.26,62.6,36.97,7,18,200,29,6,2020,1,0,0
2020-07-18 12:00:00,27.69,59.16,37.85,7,18,200,29,6,2020,1,0,0
2020-07-18 13:00:00,27.04,59.68,38.03,7,18,200,29,6,2020,1,0,0
2020-07-18 14:00:00,27.13,60.2,38.09,7,18,200,29,6,2020,1,0,0
2020-07-18 15:00:00,27.46,61.81,37.85,7,18,200,29,6,2020,1,0,0
2020-07-18 16:00:00,26.37,61.06,37.88,7,18,200,29,6,2020,1,0,0
2020-07-18 17:00:00,27.2,62.68,37.17,7,18,200,29,6,2020,1,0,0
2020-07-18 18:00:00,32.28,73.28,36.38,7,18,200,29,6,2020,1,0,0
2020-07-18 19:00:00,34.07,75.44,35.43,7,18,200,29,6,2020,1,0,0
2020-07-18 20:00:00,34.44,79.34,34.48,7,18,200,29,6,2020,1,0,0
2020-07-18 21:00:00,37.04,80.47,34.09,7,18,200,29,6,2020,1,0,0
2020-07-18 22:00:00,35.49,80.43,33.87,7,18,200,29,6,2020,1,0,0
2020-07-18 23:00:00,32.29,83.86,33.27,7,18,200,29,6,2020,1,0,0
2020-07-19 00:00:00,32.52,88.58,32.65,7,19,201,29,7,2020,1,0,0
2020-07-19 01:00:00,32.47,91.6,32.15,7,19,201,29,7,2020,1,0,0
2020-07-19 02:00:00,31.55,92.59,31.9,7,19,201,29,7,2020,1,0,0
2020-07-19 03:00:00,31.2,93.9,31.61,7,19,201,29,7,2020,1,0,0
2020-07-19 04:00:00,31.1,93.88,31.53,7,19,201,29,7,2020,1,0,0
2020-07-19 05:00:00,31.31,94.84,31.25,7,19,201,29,7,2020,1,0,0
2020-07-19 06:00:00,32.09,94.99,31.2,7,19,201,29,7,2020,1,0,0
2020-07-19 07:00:00,33.29,94.42,31.35,7,19,201,29,7,2020,1,0,0
2020-07-19 08:00:00,33.15,90.33,32.17,7,19,201,29,7,2020,1,0,0
2020-07-19 09:00:00,32.53,85.67,33.38,7,19,201,29,7,2020,1,0,0
2020-07-19 10:00:00,31.74,80.85,34.43,7,19,201,29,7,2020,1,0,0
2020-07-19 11:00:00,30.1,72.83,35.56,7,19,201,29,7,2020,1,0,0
2020-07-19 12:00:00,28.09,66.89,36.52,7,19,201,29,7,2020,1,0,0
2020-07-19 13:00:00,27.61,66.1,36.77,7,19,201,29,7,2020,1,0,0
2020-07-19 14:00:00,27.19,65.77,36.54,7,19,201,29,7,2020,1,0,0
2020-07-19 15:00:00,26.44,66.78,36.38,7,19,201,29,7,2020,1,0,0
2020-07-19 16:00:00,25.67,64.83,36.42,7,19,201,29,7,2020,1,0,0
2020-07-19 17:00:00,24.59,62.32,36.35,7,19,201,29,7,2020,1,0,0
2020-07-19 18:00:00,27.6,65.03,36.17,7,19,201,29,7,2020,1,0,0
2020-07-19 19:00:00,34.4,71.19,35.76,7,19,201,29,7,2020,1,0,0
2020-07-19 20:00:00,44.48,81.83,34.52,7,19,201,29,7,2020,1,0,0
2020-07-19 21:00:00,42.83,82.6,34.12,7,19,201,29,7,2020,1,0,0
2020-07-19 22:00:00,43.01,85.58,33.56,7,19,201,29,7,2020,1,0,0
2020-07-19 23:00:00,39.36,87.67,33.14,7,19,201,29,7,2020,1,0,0
2020-07-20 00:00:00,31.79,88.62,31.98,7,20,202,30,1,2020,0,0,0
2020-07-20 01:00:00,25.76,95.12,29.69,7,20,202,30,1,2020,0,0,0
2020-07-20 02:00:00,27.95,98.28,30.13,7,20,202,30,1,2020,0,0,0
2020-07-20 03:00:00,29.08,98.75,31.17,7,20,202,30,1,2020,0,0,0
2020-07-20 04:00:00,29.8,98.45,31.06,7,20,202,30,1,2020,0,0,0
2020-07-20 05:00:00,30.08,98.44,30.9,7,20,202,30,1,2020,0,0,0
2020-07-20 06:00:00,30.29,99.79,30.6,7,20,202,30,1,2020,0,0,0
2020-07-20 07:00:00,30.36,97.63,30.88,7,20,202,30,1,2020,0,0,0
2020-07-20 08:00:00,31.08,93.01,31.82,7,20,202,30,1,2020,0,0,0
2020-07-20 09:00:00,32.58,88.79,32.79,7,20,202,30,1,2020,0,0,0
2020-07-20 10:00:00,32.58,81.9,34.25,7,20,202,30,1,2020,0,0,0
2020-07-20 11:00:00,29.33,78.65,35.01,7,20,202,30,1,2020,0,0,0
2020-07-20 12:00:00,29.58,81.84,34.67,7,20,202,30,1,2020,0,0,0
2020-07-20 13:00:00,29.05,80.49,34.32,7,20,202,30,1,2020,0,0,0
2020-07-20 14:00:00,28.75,78.91,33.66,7,20,202,30,1,2020,0,0,0
2020-07-20 15:00:00,25.92,87.2,30.48,7,20,202,30,1,2020,0,0,0
2020-07-20 16:00:00,25.51,93.88,29.51,7,20,202,30,1,2020,0,0,0
2020-07-20 17:00:00,26.63,93.07,29.41,7,20,202,30,1,2020,0,0,0
2020-07-20 18:00:00,26.82,93.15,29.38,7,20,202,30,1,2020,0,0,0
2020-07-20 19:00:00,27.18,90.69,29.64,7,20,202,30,1,2020,0,0,0
2020-07-20 20:00:00,30.08,91.76,29.9,7,20,202,30,1,2020,0,0,0
2020-07-20 21:00:00,35.53,93.98,30.28,7,20,202,30,1,2020,0,0,0
2020-07-20 22:00:00,41.09,95.23,30.58,7,20,202,30,1,2020,0,0,0
2020-07-20 23:00:00,36.42,94.67,29.71,7,20,202,30,1,2020,0,0,0
2020-07-21 00:00:00,39.54,96.93,29.17,7,21,203,30,2,2020,0,0,0
2020-07-21 01:00:00,40.35,99.98,29.05,7,21,203,30,2,2020,0,0,0
2020-07-21 02:00:00,38.5,100.0,29.63,7,21,203,30,2,2020,0,0,0
2020-07-21 03:00:00,34.56,100.0,29.69,7,21,203,30,2,2020,0,0,0
2020-07-21 04:00:00,32.84,100.0,29.83,7,21,203,30,2,2020,0,0,0
2020-07-21 05:00:00,31.19,100.0,29.88,7,21,203,30,2,2020,0,0,0
2020-07-21 06:00:00,29.14,100.0,29.88,7,21,203,30,2,2020,0,0,0
2020-07-21 07:00:00,28.92,99.38,30.17,7,21,203,30,2,2020,0,0,0
2020-07-21 08:00:00,29.53,99.05,29.18,7,21,203,30,2,2020,0,0,0
2020-07-21 09:00:00,31.63,100.0,28.43,7,21,203,30,2,2020,0,0,0
2020-07-21 10:00:00,31.8,97.9,30.56,7,21,203,30,2,2020,0,0,0
2020-07-21 11:00:00,29.41,90.07,32.58,7,21,203,30,2,2020,0,0,0
2020-07-21 12:00:00,29.22,81.85,34.07,7,21,203,30,2,2020,0,0,0
2020-07-21 13:00:00,26.95,79.18,34.56,7,21,203,30,2,2020,0,0,0
2020-07-21 14:00:00,26.11,83.84,33.73,7,21,203,30,2,2020,0,0,0
2020-07-21 15:00:00,27.39,85.59,33.82,7,21,203,30,2,2020,0,0,0
2020-07-21 16:00:00,26.51,80.65,34.29,7,21,203,30,2,2020,0,0,0
2020-07-21 17:00:00,26.64,81.99,33.88,7,21,203,30,2,2020,0,0,0
2020-07-21 18:00:00,26.93,83.72,33.21,7,21,203,30,2,2020,0,0,0
2020-07-21 19:00:00,27.28,85.5,32.39,7,21,203,30,2,2020,0,0,0
2020-07-21 20:00:00,28.52,87.21,31.91,7,21,203,30,2,2020,0,0,0
2020-07-21 21:00:00,28.17,89.47,31.55,7,21,203,30,2,2020,0,0,0
2020-07-21 22:00:00,28.75,91.62,31.24,7,21,203,30,2,2020,0,0,0
2020-07-21 23:00:00,27.94,93.11,31.03,7,21,203,30,2,2020,0,0,0
2020-07-22 00:00:00,28.73,94.63,30.7,7,22,204,30,3,2020,0,0,0
2020-07-22 01:00:00,28.09,95.07,30.39,7,22,204,30,3,2020,0,0,0
2020-07-22 02:00:00,28.04,94.18,30.29,7,22,204,30,3,2020,0,0,0
2020-07-22 03:00:00,29.25,97.13,30.13,7,22,204,30,3,2020,0,0,0
2020-07-22 04:00:00,28.12,95.13,30.12,7,22,204,30,3,2020,0,0,0
2020-07-22 05:00:00,30.43,99.33,29.73,7,22,204,30,3,2020,0,0,0
2020-07-22 06:00:00,29.35,97.81,29.93,7,22,204,30,3,2020,0,0,0
2020-07-22 07:00:00,31.49,99.21,29.89,7,22,204,30,3,2020,0,0,0
2020-07-22 08:00:00,29.01,93.19,30.84,7,22,204,30,3,2020,0,0,0
2020-07-22 09:00:00,28.66,84.6,31.96,7,22,204,30,3,2020,0,0,0
2020-07-22 10:00:00,28.1,81.07,33.09,7,22,204,30,3,2020,0,0,0
2020-07-22 11:00:00,29.2,77.22,33.97,7,22,204,30,3,2020,0,0,0
2020-07-22 12:00:00,27.48,75.38,34.33,7,22,204,30,3,2020,0,0,0
2020-07-22 13:00:00,26.15,72.45,35.0,7,22,204,30,3,2020,0,0,0
2020-07-22 14:00:00,26.3,71.4,35.22,7,22,204,30,3,2020,0,0,0
2020-07-22 15:00:00,26.03,70.13,35.25,7,22,204,30,3,2020,0,0,0
2020-07-22 16:00:00,25.09,76.68,34.63,7,22,204,30,3,2020,0,0,0
2020-07-22 17:00:00,25.6,77.3,34.18,7,22,204,30,3,2020,0,0,0
2020-07-22 18:00:00,26.45,77.14,33.89,7,22,204,30,3,2020,0,0,0
2020-07-22 19:00:00,26.68,78.84,33.1,7,22,204,30,3,2020,0,0,0
2020-07-22 20:00:00,27.89,79.93,32.18,7,22,204,30,3,2020,0,0,0
2020-07-22 21:00:00,28.11,84.64,31.57,7,22,204,30,3,2020,0,0,0
2020-07-22 22:00:00,27.51,88.1,31.28,7,22,204,30,3,2020,0,0,0
2020-07-22 23:00:00,26.99,91.09,30.83,7,22,204,30,3,2020,0,0,0
2020-07-23 00:00:00,28.04,94.15,30.38,7,23,205,30,4,2020,0,0,0
2020-07-23 01:00:00,28.63,96.13,30.13,7,23,205,30,4,2020,0,0,0
2020-07-23 02:00:00,28.69,96.8,29.95,7,23,205,30,4,2020,0,0,0
2020-07-23 03:00:00,28.7,97.48,29.81,7,23,205,30,4,2020,0,0,0
2020-07-23 04:00:00,30.05,99.27,29.55,7,23,205,30,4,2020,0,0,0
2020-07-23 05:00:00,28.48,100.0,29.13,7,23,205,30,4,2020,0,0,0
2020-07-23 06:00:00,29.99,100.0,29.04,7,23,205,30,4,2020,0,0,0
2020-07-23 07:00:00,31.16,99.99,29.48,7,23,205,30,4,2020,0,0,0
2020-07-23 08:00:00,34.69,92.96,30.82,7,23,205,30,4,2020,0,0,0
2020-07-23 09:00:00,37.82,84.18,32.09,7,23,205,30,4,2020,0,0,0
2020-07-23 10:00:00,30.78,76.11,33.57,7,23,205,30,4,2020,0,0,0
2020-07-23 11:00:00,29.25,71.57,34.53,7,23,205,30,4,2020,0,0,0
2020-07-23 12:00:00,26.51,65.18,35.59,7,23,205,30,4,2020,0,0,0
2020-07-23 13:00:00,26.58,62.87,36.25,7,23,205,30,4,2020,0,0,0
2020-07-23 14:00:00,26.01,65.88,35.72,7,23,205,30,4,2020,0,0,0
2020-07-23 15:00:00,25.75,67.14,35.79,7,23,205,30,4,2020,0,0,0
2020-07-23 16:00:00,26.16,68.13,35.69,7,23,205,30,4,2020,0,0,0
2020-07-23 17:00:00,26.32,71.01,35.27,7,23,205,30,4,2020,0,0,0
2020-07-23 18:00:00,27.15,73.63,34.77,7,23,205,30,4,2020,0,0,0
2020-07-23 19:00:00,27.34,79.64,33.62,7,23,205,30,4,2020,0,0,0
2020-07-23 20:00:00,28.08,79.44,33.07,7,23,205,30,4,2020,0,0,0
2020-07-23 21:00:00,29.19,81.64,32.53,7,23,205,30,4,2020,0,0,0
2020-07-23 22:00:00,30.91,85.28,31.86,7,23,205,30,4,2020,0,0,0
2020-07-23 23:00:00,29.58,88.73,31.4,7,23,205,30,4,2020,0,0,0
2020-07-24 00:00:00,28.89,91.73,31.04,7,24,206,30,5,2020,1,0,0
2020-07-24 01:00:00,27.65,93.0,30.87,7,24,206,30,5,2020,1,0,0
2020-07-24 02:00:00,28.5,95.44,30.48,7,24,206,30,5,2020,1,0,0
2020-07-24 03:00:00,30.45,99.82,29.74,7,24,206,30,5,2020,1,0,0
2020-07-24 04:00:00,31.86,100.0,29.6,7,24,206,30,5,2020,1,0,0
2020-07-24 05:00:00,31.1,100.0,29.48,7,24,206,30,5,2020,1,0,0
2020-07-24 06:00:00,31.13,100.0,29.53,7,24,206,30,5,2020,1,0,0
2020-07-24 07:00:00,32.93,99.72,29.91,7,24,206,30,5,2020,1,0,0
2020-07-24 08:00:00,30.75,93.1,31.21,7,24,206,30,5,2020,1,0,0
2020-07-24 09:00:00,31.69,85.36,32.5,7,24,206,30,5,2020,1,0,0
2020-07-24 10:00:00,37.6,81.4,33.37,7,24,206,30,5,2020,1,0,0
2020-07-24 11:00:00,33.38,77.63,34.08,7,24,206,30,5,2020,1,0,0
2020-07-24 12:00:00,30.68,74.36,34.86,7,24,206,30,5,2020,1,0,0
2020-07-24 13:00:00,28.64,74.19,34.88,7,24,206,30,5,2020,1,0,0
2020-07-24 14:00:00,29.04,72.98,34.96,7,24,206,30,5,2020,1,0,0
2020-07-24 15:00:00,28.16,72.83,35.13,7,24,206,30,5,2020,1,0,0
2020-07-24 16:00:00,28.06,73.82,35.11,7,24,206,30,5,2020,1,0,0
2020-07-24 17:00:00,27.28,74.58,34.93,7,24,206,30,5,2020,1,0,0
2020-07-24 18:00:00,28.73,75.97,34.53,7,24,206,30,5,2020,1,0,0
2020-07-24 19:00:00,29.96,78.08,33.93,7,24,206,30,5,2020,1,0,0
2020-07-24 20:00:00,30.56,81.51,33.08,7,24,206,30,5,2020,1,0,0
2020-07-24 21:00:00,30.48,82.46,32.64,7,24,206,30,5,2020,1,0,0
2020-07-24 22:00:00,31.16,84.33,32.34,7,24,206,30,5,2020,1,0,0
2020-07-24 23:00:00,31.11,86.63,31.89,7,24,206,30,5,2020,1,0,0
2020-07-25 00:00:00,29.67,88.34,31.41,7,25,207,30,6,2020,1,0,0
2020-07-25 01:00:00,28.82,91.73,30.88,7,25,207,30,6,2020,1,0,0
2020-07-25 02:00:00,30.18,95.31,30.51,7,25,207,30,6,2020,1,0,0
2020-07-25 03:00:00,31.12,98.83,30.03,7,25,207,30,6,2020,1,0,0
2020-07-25 04:00:00,31.68,100.0,29.59,7,25,207,30,6,2020,1,0,0
2020-07-25 05:00:00,33.37,100.0,29.47,7,25,207,30,6,2020,1,0,0
2020-07-25 06:00:00,32.99,100.0,29.53,7,25,207,30,6,2020,1,0,0
2020-07-25 07:00:00,32.81,99.88,29.9,7,25,207,30,6,2020,1,0,0
2020-07-25 08:00:00,31.27,96.09,30.83,7,25,207,30,6,2020,1,0,0
2020-07-25 09:00:00,32.45,88.98,32.23,7,25,207,30,6,2020,1,0,0
2020-07-25 10:00:00,31.73,81.6,33.76,7,25,207,30,6,2020,1,0,0
2020-07-25 11:00:00,30.88,74.23,35.15,7,25,207,30,6,2020,1,0,0
2020-07-25 12:00:00,28.52,70.73,35.93,7,25,207,30,6,2020,1,0,0
2020-07-25 13:00:00,28.23,70.38,35.95,7,25,207,30,6,2020,1,0,0
2020-07-25 14:00:00,27.9,70.25,35.98,7,25,207,30,6,2020,1,0,0
2020-07-25 15:00:00,27.12,72.9,35.58,7,25,207,30,6,2020,1,0,0
2020-07-25 16:00:00,27.11,74.3,35.55,7,25,207,30,6,2020,1,0,0
2020-07-25 17:00:00,27.89,77.3,35.13,7,25,207,30,6,2020,1,0,0
2020-07-25 18:00:00,28.07,76.08,34.82,7,25,207,30,6,2020,1,0,0
2020-07-25 19:00:00,28.68,79.45,34.06,7,25,207,30,6,2020,1,0,0
2020-07-25 20:00:00,30.5,84.05,32.98,7,25,207,30,6,2020,1,0,0
2020-07-25 21:00:00,30.98,86.28,32.73,7,25,207,30,6,2020,1,0,0
2020-07-25 22:00:00,31.61,87.91,32.46,7,25,207,30,6,2020,1,0,0
2020-07-25 23:00:00,30.12,88.59,32.12,7,25,207,30,6,2020,1,0,0
2020-07-26 00:00:00,28.52,90.38,31.57,7,26,208,30,7,2020,1,0,0
2020-07-26 01:00:00,28.13,94.21,30.98,7,26,208,30,7,2020,1,0,0
2020-07-26 02:00:00,28.84,97.58,30.58,7,26,208,30,7,2020,1,0,0
2020-07-26 03:00:00,28.98,98.23,30.5,7,26,208,30,7,2020,1,0,0
2020-07-26 04:00:00,29.56,99.07,30.33,7,26,208,30,7,2020,1,0,0
2020-07-26 05:00:00,29.43,100.0,30.07,7,26,208,30,7,2020,1,0,0
2020-07-26 06:00:00,29.88,100.0,30.13,7,26,208,30,7,2020,1,0,0
2020-07-26 07:00:00,30.09,99.74,30.46,7,26,208,30,7,2020,1,0,0
2020-07-26 08:00:00,34.57,96.14,31.15,7,26,208,30,7,2020,1,0,0
2020-07-26 09:00:00,35.21,89.22,32.43,7,26,208,30,7,2020,1,0,0
2020-07-26 10:00:00,35.19,82.23,33.88,7,26,208,30,7,2020,1,0,0
2020-07-26 11:00:00,30.93,78.37,34.92,7,26,208,30,7,2020,1,0,0
2020-07-26 12:00:00,29.87,75.07,35.83,7,26,208,30,7,2020,1,0,0
2020-07-26 13:00:00,28.08,78.41,35.18,7,26,208,30,7,2020,1,0,0
2020-07-26 14:00:00,28.53,77.23,35.69,7,26,208,30,7,2020,1,0,0
2020-07-26 15:00:00,28.03,75.63,36.03,7,26,208,30,7,2020,1,0,0
2020-07-26 16:00:00,28.63,77.34,35.64,7,26,208,30,7,2020,1,0,0
2020-07-26 17:00:00,29.58,79.78,33.83,7,26,208,30,7,2020,1,0,0
2020-07-26 18:00:00,31.43,100.0,27.17,7,26,208,30,7,2020,1,0,0
2020-07-26 19:00:00,30.51,100.0,27.42,7,26,208,30,7,2020,1,0,0
2020-07-26 20:00:00,30.21,100.0,27.59,7,26,208,30,7,2020,1,0,0
2020-07-26 21:00:00,29.03,100.0,27.87,7,26,208,30,7,2020,1,0,0
2020-07-26 22:00:00,30.26,99.85,28.34,7,26,208,30,7,2020,1,0,0
2020-07-26 23:00:00,36.61,99.37,28.59,7,26,208,30,7,2020,1,0,0
2020-07-27 00:00:00,35.42,99.96,28.32,7,27,209,31,1,2020,0,0,0
2020-07-27 01:00:00,35.12,100.0,28.06,7,27,209,31,1,2020,0,0,0
2020-07-27 02:00:00,44.7,100.0,28.22,7,27,209,31,1,2020,0,0,0
2020-07-27 03:00:00,49.56,100.0,28.26,7,27,209,31,1,2020,0,0,0
2020-07-27 04:00:00,44.46,99.5,28.63,7,27,209,31,1,2020,0,0,0
2020-07-27 05:00:00,49.16,99.81,28.66,7,27,209,31,1,2020,0,0,0
2020-07-27 06:00:00,45.31,98.37,29.04,7,27,209,31,1,2020,0,0,0
2020-07-27 07:00:00,45.56,97.38,29.3,7,27,209,31,1,2020,0,0,0
2020-07-27 08:00:00,47.47,95.23,29.87,7,27,209,31,1,2020,0,0,0
2020-07-27 09:00:00,52.99,93.28,30.55,7,27,209,31,1,2020,0,0,0
2020-07-27 10:00:00,60.03,90.47,31.28,7,27,209,31,1,2020,0,0,0
2020-07-27 11:00:00,71.18,88.03,31.78,7,27,209,31,1,2020,0,0,0
2020-07-27 12:00:00,67.14,86.43,32.02,7,27,209,31,1,2020,0,0,0
2020-07-27 13:00:00,61.49,87.12,31.57,7,27,209,31,1,2020,0,0,0
2020-07-27 14:00:00,57.24,87.76,31.48,7,27,209,31,1,2020,0,0,0
2020-07-27 15:00:00,52.07,88.11,31.34,7,27,209,31,1,2020,0,0,0
2020-07-27 16:00:00,47.37,85.88,31.63,7,27,209,31,1,2020,0,0,0
2020-07-27 17:00:00,45.03,85.73,31.68,7,27,209,31,1,2020,0,0,0
2020-07-27 18:00:00,45.87,87.22,31.42,7,27,209,31,1,2020,0,0,0
2020-07-27 19:00:00,38.71,86.82,30.98,7,27,209,31,1,2020,0,0,0
2020-07-27 20:00:00,48.42,88.26,30.71,7,27,209,31,1,2020,0,0,0
2020-07-27 21:00:00,66.6,95.3,30.38,7,27,209,31,1,2020,0,0,0
2020-07-27 22:00:00,54.58,94.1,30.18,7,27,209,31,1,2020,0,0,0
2020-07-27 23:00:00,47.82,91.89,30.1,7,27,209,31,1,2020,0,0,0
2020-07-28 00:00:00,58.41,95.64,29.85,7,28,210,31,2,2020,0,0,0
2020-07-28 01:00:00,83.44,97.94,29.55,7,28,210,31,2,2020,0,0,0
2020-07-28 02:00:00,74.75,100.0,29.1,7,28,210,31,2,2020,0,0,0
2020-07-28 03:00:00,75.01,100.0,28.92,7,28,210,31,2,2020,0,0,0
2020-07-28 04:00:00,94.39,100.0,29.0,7,28,210,31,2,2020,0,0,0
2020-07-28 05:00:00,152.51,100.0,28.74,7,28,210,31,2,2020,0,0,0
2020-07-28 06:00:00,119.53,100.0,28.76,7,28,210,31,2,2020,0,0,0
2020-07-28 07:00:00,89.83,99.98,28.95,7,28,210,31,2,2020,0,0,0
2020-07-28 08:00:00,73.78,99.73,29.16,7,28,210,31,2,2020,0,0,0
2020-07-28 09:00:00,73.23,95.32,30.3,7,28,210,31,2,2020,0,0,0
2020-07-28 10:00:00,78.88,93.27,30.78,7,28,210,31,2,2020,0,0,0
2020-07-28 11:00:00,102.58,89.59,31.74,7,28,210,31,2,2020,0,0,0
2020-07-28 12:00:00,118.59,84.93,33.23,7,28,210,31,2,2020,0,0,0
2020-07-28 13:00:00,115.64,82.08,33.79,7,28,210,31,2,2020,0,0,0
2020-07-28 14:00:00,108.46,80.43,33.98,7,28,210,31,2,2020,0,0,0
2020-07-28 15:00:00,91.73,78.62,34.35,7,28,210,31,2,2020,0,0,0
2020-07-28 16:00:00,104.29,96.4,32.13,7,28,210,31,2,2020,0,0,0
2020-07-28 17:00:00,51.06,89.58,32.07,7,28,210,31,2,2020,0,0,0
2020-07-28 18:00:00,43.36,88.13,31.61,7,28,210,31,2,2020,0,0,0
2020-07-28 19:00:00,51.83,89.49,31.19,7,28,210,31,2,2020,0,0,0
2020-07-28 20:00:00,46.79,91.31,31.03,7,28,210,31,2,2020,0,0,0
2020-07-28 21:00:00,47.13,89.82,30.88,7,28,210,31,2,2020,0,0,0
2020-07-28 22:00:00,49.13,89.18,30.73,7,28,210,31,2,2020,0,0,0
2020-07-28 23:00:00,49.97,91.16,30.68,7,28,210,31,2,2020,0,0,0
2020-07-29 00:00:00,56.43,94.31,30.45,7,29,211,31,3,2020,0,0,0
2020-07-29 01:00:00,59.9,96.15,30.14,7,29,211,31,3,2020,0,0,0
2020-07-29 02:00:00,63.54,98.69,29.77,7,29,211,31,3,2020,0,0,0
2020-07-29 03:00:00,60.49,100.0,29.37,7,29,211,31,3,2020,0,0,0
2020-07-29 04:00:00,54.51,100.0,29.38,7,29,211,31,3,2020,0,0,0
2020-07-29 05:00:00,59.99,100.0,29.45,7,29,211,31,3,2020,0,0,0
2020-07-29 06:00:00,66.03,100.0,29.57,7,29,211,31,3,2020,0,0,0
2020-07-29 07:00:00,75.54,100.0,29.78,7,29,211,31,3,2020,0,0,0
2020-07-29 08:00:00,60.43,99.32,30.95,7,29,211,31,3,2020,0,0,0
2020-07-29 09:00:00,51.51,91.31,32.18,7,29,211,31,3,2020,0,0,0
2020-07-29 10:00:00,44.1,84.48,33.2,7,29,211,31,3,2020,0,0,0
2020-07-29 11:00:00,38.23,79.15,34.38,7,29,211,31,3,2020,0,0,0
2020-07-29 12:00:00,35.18,75.26,35.14,7,29,211,31,3,2020,0,0,0
2020-07-29 13:00:00,38.92,78.02,34.68,7,29,211,31,3,2020,0,0,0
2020-07-29 14:00:00,59.68,92.86,32.18,7,29,211,31,3,2020,0,0,0
2020-07-29 15:00:00,48.68,99.5,29.79,7,29,211,31,3,2020,0,0,0
2020-07-29 16:00:00,43.88,96.63,30.48,7,29,211,31,3,2020,0,0,0
2020-07-29 17:00:00,39.49,93.63,30.54,7,29,211,31,3,2020,0,0,0
2020-07-29 18:00:00,39.43,90.17,30.65,7,29,211,31,3,2020,0,0,0
2020-07-29 19:00:00,35.22,85.91,30.73,7,29,211,31,3,2020,0,0,0
2020-07-29 20:00:00,40.77,88.45,30.48,7,29,211,31,3,2020,0,0,0
2020-07-29 21:00:00,48.22,91.95,30.49,7,29,211,31,3,2020,0,0,0
2020-07-29 22:00:00,45.06,91.95,30.67,7,29,211,31,3,2020,0,0,0
2020-07-29 23:00:00,48.88,93.2,30.52,7,29,211,31,3,2020,0,0,0
2020-07-30 00:00:00,51.33,94.53,30.4,7,30,212,31,4,2020,0,0,0
2020-07-30 01:00:00,49.72,97.22,30.26,7,30,212,31,4,2020,0,0,0
2020-07-30 02:00:00,49.92,99.83,29.98,7,30,212,31,4,2020,0,0,0
2020-07-30 03:00:00,51.92,100.0,29.71,7,30,212,31,4,2020,0,0,0
2020-07-30 04:00:00,54.32,100.0,29.5,7,30,212,31,4,2020,0,0,0
2020-07-30 05:00:00,59.81,100.0,29.43,7,30,212,31,4,2020,0,0,0
2020-07-30 06:00:00,59.26,100.0,29.61,7,30,212,31,4,2020,0,0,0
2020-07-30 07:00:00,60.63,100.0,30.03,7,30,212,31,4,2020,0,0,0
2020-07-30 08:00:00,52.04,96.6,31.18,7,30,212,31,4,2020,0,0,0
2020-07-30 09:00:00,35.6,86.6,32.7,7,30,212,31,4,2020,0,0,0
2020-07-30 10:00:00,29.98,77.37,34.05,7,30,212,31,4,2020,0,0,0
2020-07-30 11:00:00,29.01,71.42,35.2,7,30,212,31,4,2020,0,0,0
2020-07-30 12:00:00,31.64,69.9,36.23,7,30,212,31,4,2020,0,0,0
2020-07-30 13:00:00,32.1,68.06,36.58,7,30,212,31,4,2020,0,0,0
2020-07-30 14:00:00,33.28,68.63,36.18,7,30,212,31,4,2020,0,0,0
2020-07-30 15:00:00,35.54,67.73,36.27,7,30,212,31,4,2020,0,0,0
2020-07-30 16:00:00,32.57,65.23,36.27,7,30,212,31,4,2020,0,0,0
2020-07-30 17:00:00,32.84,64.61,36.11,7,30,212,31,4,2020,0,0,0
2020-07-30 18:00:00,31.07,62.45,35.78,7,30,212,31,4,2020,0,0,0
2020-07-30 19:00:00,31.95,76.21,34.81,7,30,212,31,4,2020,0,0,0
2020-07-30 20:00:00,32.68,81.28,33.63,7,30,212,31,4,2020,0,0,0
2020-07-30 21:00:00,31.75,85.25,32.93,7,30,212,31,4,2020,0,0,0
2020-07-30 22:00:00,33.15,86.97,32.58,7,30,212,31,4,2020,0,0,0
2020-07-30 23:00:00,34.43,90.49,32.22,7,30,212,31,4,2020,0,0,0
2020-07-31 00:00:00,30.75,91.98,31.87,7,31,213,31,5,2020,1,0,1
2020-07-31 01:00:00,29.83,93.28,31.64,7,31,213,31,5,2020,1,0,1
2020-07-31 02:00:00,28.96,93.55,31.37,7,31,213,31,5,2020,1,0,1
2020-07-31 03:00:00,29.35,94.83,31.17,7,31,213,31,5,2020,1,0,1
2020-07-31 04:00:00,30.21,95.23,31.03,7,31,213,31,5,2020,1,0,1
2020-07-31 05:00:00,29.55,96.18,30.81,7,31,213,31,5,2020,1,0,1
2020-07-31 06:00:00,29.06,96.09,30.9,7,31,213,31,5,2020,1,0,1
2020-07-31 07:00:00,54.71,97.84,30.98,7,31,213,31,5,2020,1,0,1
2020-07-31 08:00:00,53.48,93.83,31.42,7,31,213,31,5,2020,1,0,1
2020-07-31 09:00:00,54.79,90.84,32.16,7,31,213,31,5,2020,1,0,1
2020-07-31 10:00:00,50.5,84.28,33.18,7,31,213,31,5,2020,1,0,1
2020-07-31 11:00:00,44.37,78.08,34.38,7,31,213,31,5,2020,1,0,1
2020-07-31 12:00:00,37.21,73.33,34.83,7,31,213,31,5,2020,1,0,1
2020-07-31 13:00:00,29.43,66.0,36.02,7,31,213,31,5,2020,1,0,1
2020-07-31 14:00:00,42.61,75.55,34.94,7,31,213,31,5,2020,1,0,1
2020-07-31 15:00:00,43.98,81.85,33.48,7,31,213,31,5,2020,1,0,1
2020-07-31 16:00:00,50.05,95.7,30.77,7,31,213,31,5,2020,1,0,1
2020-07-31 17:00:00,44.43,93.31,30.96,7,31,213,31,5,2020,1,0,1
2020-07-31 18:00:00,42.38,88.69,31.68,7,31,213,31,5,2020,1,0,1
2020-07-31 19:00:00,44.48,87.12,31.86,7,31,213,31,5,2020,1,0,1
2020-07-31 20:00:00,59.86,90.5,31.53,7,31,213,31,5,2020,1,0,1
2020-07-31 21:00:00,58.98,90.51,31.45,7,31,213,31,5,2020,1,0,1
2020-07-31 22:00:00,43.99,85.88,31.82,7,31,213,31,5,2020,1,0,1
2020-07-31 23:00:00,51.81,88.85,31.7,7,31,213,31,5,2020,1,0,1
2020-01-08 00:00:00,57.85,91.44,31.33,1,8,8,2,3,2020,0,0,0
2020-01-08 01:00:00,62.54,93.87,31.07,1,8,8,2,3,2020,0,0,0
2020-01-08 02:00:00,58.8,93.33,31.05,1,8,8,2,3,2020,0,0,0
2020-01-08 03:00:00,55.56,94.56,30.83,1,8,8,2,3,2020,0,0,0
2020-01-08 04:00:00,43.51,91.93,30.67,1,8,8,2,3,2020,0,0,0
2020-01-08 05:00:00,35.22,88.89,30.5,1,8,8,2,3,2020,0,0,0
2020-01-08 06:00:00,30.86,86.55,30.6,1,8,8,2,3,2020,0,0,0
2020-01-08 07:00:00,31.12,86.68,30.63,1,8,8,2,3,2020,0,0,0
2020-01-08 08:00:00,31.3,84.58,31.2,1,8,8,2,3,2020,0,0,0
2020-01-08 09:00:00,29.63,81.62,31.8,1,8,8,2,3,2020,0,0,0
2020-01-08 10:00:00,29.07,80.76,31.78,1,8,8,2,3,2020,0,0,0
2020-01-08 11:00:00,31.27,80.76,31.99,1,8,8,2,3,2020,0,0,0
2020-01-08 12:00:00,34.0,92.97,30.65,1,8,8,2,3,2020,0,0,0
2020-01-08 13:00:00,25.98,80.51,32.4,1,8,8,2,3,2020,0,0,0
2020-01-08 14:00:00,25.34,76.13,33.37,1,8,8,2,3,2020,0,0,0
2020-01-08 15:00:00,27.13,85.98,32.06,1,8,8,2,3,2020,0,0,0
2020-01-08 16:00:00,28.65,97.59,30.24,1,8,8,2,3,2020,0,0,0
2020-01-08 17:00:00,29.1,97.89,30.01,1,8,8,2,3,2020,0,0,0
2020-01-08 18:00:00,29.97,100.0,28.59,1,8,8,2,3,2020,0,0,0
2020-01-08 19:00:00,31.64,100.0,29.03,1,8,8,2,3,2020,0,0,0
2020-01-08 20:00:00,32.97,99.93,29.29,1,8,8,2,3,2020,0,0,0
2020-01-08 21:00:00,31.21,99.89,28.88,1,8,8,2,3,2020,0,0,0
2020-01-08 22:00:00,29.01,98.37,29.13,1,8,8,2,3,2020,0,0,0
2020-01-08 23:00:00,29.2,97.43,29.27,1,8,8,2,3,2020,0,0,0
2020-02-08 00:00:00,27.45,95.48,29.41,2,8,39,6,6,2020,1,0,0
2020-02-08 01:00:00,27.62,95.42,29.68,2,8,39,6,6,2020,1,0,0
2020-02-08 02:00:00,32.39,98.38,29.29,2,8,39,6,6,2020,1,0,0
2020-02-08 03:00:00,28.34,100.0,27.63,2,8,39,6,6,2020,1,0,0
2020-02-08 04:00:00,29.18,100.0,27.38,2,8,39,6,6,2020,1,0,0
2020-02-08 05:00:00,28.29,100.0,26.99,2,8,39,6,6,2020,1,0,0
2020-02-08 06:00:00,29.27,100.0,26.82,2,8,39,6,6,2020,1,0,0
2020-02-08 07:00:00,32.68,100.0,26.76,2,8,39,6,6,2020,1,0,0
2020-02-08 08:00:00,31.13,100.0,27.09,2,8,39,6,6,2020,1,0,0
2020-02-08 09:00:00,25.93,100.0,27.53,2,8,39,6,6,2020,1,0,0
2020-02-08 10:00:00,24.91,100.0,28.42,2,8,39,6,6,2020,1,0,0
2020-02-08 11:00:00,26.66,100.0,27.8,2,8,39,6,6,2020,1,0,0
2020-02-08 12:00:00,27.77,100.0,28.13,2,8,39,6,6,2020,1,0,0
2020-02-08 13:00:00,25.11,97.38,29.44,2,8,39,6,6,2020,1,0,0
2020-02-08 14:00:00,24.38,96.97,29.29,2,8,39,6,6,2020,1,0,0
2020-02-08 15:00:00,25.88,100.0,27.28,2,8,39,6,6,2020,1,0,0
2020-02-08 16:00:00,29.49,100.0,27.12,2,8,39,6,6,2020,1,0,0
2020-02-08 17:00:00,24.48,100.0,26.61,2,8,39,6,6,2020,1,0,0
2020-02-08 18:00:00,23.91,100.0,26.37,2,8,39,6,6,2020,1,0,0
2020-02-08 19:00:00,24.24,100.0,26.55,2,8,39,6,6,2020,1,0,0
2020-02-08 20:00:00,26.48,100.0,26.79,2,8,39,6,6,2020,1,0,0
2020-02-08 21:00:00,27.77,100.0,27.19,2,8,39,6,6,2020,1,0,0
2020-02-08 22:00:00,37.42,100.0,27.23,2,8,39,6,6,2020,1,0,0
2020-02-08 23:00:00,38.85,100.0,27.15,2,8,39,6,6,2020,1,0,0
2020-03-08 00:00:00,36.08,100.0,26.98,3,8,68,10,7,2020,1,0,0
2020-03-08 01:00:00,35.84,100.0,26.84,3,8,68,10,7,2020,1,0,0
2020-03-08 02:00:00,26.29,100.0,26.48,3,8,68,10,7,2020,1,0,0
2020-03-08 03:00:00,41.23,100.0,26.4,3,8,68,10,7,2020,1,0,0
2020-03-08 04:00:00,50.03,100.0,26.5,3,8,68,10,7,2020,1,0,0
2020-03-08 05:00:00,46.27,100.0,26.44,3,8,68,10,7,2020,1,0,0
2020-03-08 06:00:00,38.5,100.0,26.48,3,8,68,10,7,2020,1,0,0
2020-03-08 07:00:00,36.63,100.0,26.63,3,8,68,10,7,2020,1,0,0
2020-03-08 08:00:00,39.77,100.0,26.89,3,8,68,10,7,2020,1,0,0
2020-03-08 09:00:00,43.81,100.0,27.33,3,8,68,10,7,2020,1,0,0
2020-03-08 10:00:00,49.69,100.0,27.88,3,8,68,10,7,2020,1,0,0
2020-03-08 11:00:00,42.95,100.0,28.78,3,8,68,10,7,2020,1,0,0
2020-03-08 12:00:00,27.36,99.64,29.59,3,8,68,10,7,2020,1,0,0
2020-03-08 13:00:00,28.05,99.58,29.73,3,8,68,10,7,2020,1,0,0
2020-03-08 14:00:00,30.07,100.0,28.78,3,8,68,10,7,2020,1,0,0
2020-03-08 15:00:00,31.17,100.0,28.22,3,8,68,10,7,2020,1,0,0
2020-03-08 16:00:00,32.03,100.0,28.46,3,8,68,10,7,2020,1,0,0
2020-03-08 17:00:00,31.08,100.0,28.68,3,8,68,10,7,2020,1,0,0
2020-03-08 18:00:00,29.13,100.0,28.69,3,8,68,10,7,2020,1,0,0
2020-03-08 19:00:00,27.03,100.0,28.6,3,8,68,10,7,2020,1,0,0
2020-03-08 20:00:00,30.03,100.0,28.48,3,8,68,10,7,2020,1,0,0
2020-03-08 21:00:00,29.18,100.0,28.41,3,8,68,10,7,2020,1,0,0
2020-03-08 22:00:00,28.62,100.0,28.51,3,8,68,10,7,2020,1,0,0
2020-03-08 23:00:00,28.78,100.0,28.53,3,8,68,10,7,2020,1,0,0
2020-04-08 00:00:00,30.52,100.0,28.47,4,8,99,15,3,2020,0,0,0
2020-04-08 01:00:00,30.7,100.0,28.32,4,8,99,15,3,2020,0,0,0
2020-04-08 02:00:00,30.18,100.0,28.33,4,8,99,15,3,2020,0,0,0
2020-04-08 03:00:00,45.99,100.0,28.34,4,8,99,15,3,2020,0,0,0
2020-04-08 04:00:00,57.09,100.0,28.36,4,8,99,15,3,2020,0,0,0
2020-04-08 05:00:00,43.13,100.0,28.2,4,8,99,15,3,2020,0,0,0
2020-04-08 06:00:00,31.71,100.0,27.93,4,8,99,15,3,2020,0,0,0
2020-04-08 07:00:00,29.73,100.0,27.38,4,8,99,15,3,2020,0,0,0
2020-04-08 08:00:00,35.37,100.0,27.48,4,8,99,15,3,2020,0,0,0
2020-04-08 09:00:00,33.07,100.0,27.93,4,8,99,15,3,2020,0,0,0
2020-04-08 10:00:00,32.57,100.0,27.94,4,8,99,15,3,2020,0,0,0
2020-04-08 11:00:00,31.93,100.0,28.85,4,8,99,15,3,2020,0,0,0
2020-04-08 12:00:00,37.34,100.0,29.48,4,8,99,15,3,2020,0,0,0
2020-04-08 13:00:00,35.25,99.8,29.58,4,8,99,15,3,2020,0,0,0
2020-04-08 14:00:00,25.88,99.15,29.77,4,8,99,15,3,2020,0,0,0
2020-04-08 15:00:00,25.45,98.68,29.75,4,8,99,15,3,2020,0,0,0
2020-04-08 16:00:00,34.33,99.88,29.48,4,8,99,15,3,2020,0,0,0
2020-04-08 17:00:00,32.07,100.0,29.29,4,8,99,15,3,2020,0,0,0
2020-04-08 18:00:00,28.66,100.0,29.21,4,8,99,15,3,2020,0,0,0
2020-04-08 19:00:00,29.29,100.0,28.99,4,8,99,15,3,2020,0,0,0
2020-04-08 20:00:00,29.63,100.0,28.61,4,8,99,15,3,2020,0,0,0
2020-04-08 21:00:00,33.05,100.0,28.7,4,8,99,15,3,2020,0,0,0
2020-04-08 22:00:00,35.25,100.0,28.72,4,8,99,15,3,2020,0,0,0
2020-04-08 23:00:00,34.33,100.0,28.45,4,8,99,15,3,2020,0,0,0
2020-05-08 00:00:00,34.33,100.0,27.98,5,8,129,19,5,2020,1,0,0
2020-05-08 01:00:00,32.9,100.0,27.89,5,8,129,19,5,2020,1,0,0
2020-05-08 02:00:00,35.73,100.0,27.88,5,8,129,19,5,2020,1,0,0
2020-05-08 03:00:00,45.13,100.0,27.69,5,8,129,19,5,2020,1,0,0
2020-05-08 04:00:00,49.28,100.0,27.63,5,8,129,19,5,2020,1,0,0
2020-05-08 05:00:00,42.11,100.0,27.67,5,8,129,19,5,2020,1,0,0
2020-05-08 06:00:00,33.93,100.0,27.58,5,8,129,19,5,2020,1,0,0
2020-05-08 07:00:00,30.71,100.0,27.69,5,8,129,19,5,2020,1,0,0
2020-05-08 08:00:00,38.9,100.0,28.1,5,8,129,19,5,2020,1,0,0
2020-05-08 09:00:00,41.03,100.0,28.28,5,8,129,19,5,2020,1,0,0
2020-05-08 10:00:00,38.47,100.0,28.83,5,8,129,19,5,2020,1,0,0
2020-05-08 11:00:00,34.87,100.0,29.4,5,8,129,19,5,2020,1,0,0
2020-05-08 12:00:00,33.7,100.0,29.75,5,8,129,19,5,2020,1,0,0
2020-05-08 13:00:00,38.74,100.0,29.63,5,8,129,19,5,2020,1,0,0
2020-05-08 14:00:00,37.57,100.0,29.48,5,8,129,19,5,2020,1,0,0
2020-05-08 15:00:00,35.89,100.0,28.14,5,8,129,19,5,2020,1,0,0
2020-05-08 16:00:00,38.37,100.0,28.07,5,8,129,19,5,2020,1,0,0
2020-05-08 17:00:00,38.71,100.0,27.81,5,8,129,19,5,2020,1,0,0
2020-05-08 18:00:00,42.43,100.0,28.08,5,8,129,19,5,2020,1,0,0
2020-05-08 19:00:00,39.5,100.0,28.35,5,8,129,19,5,2020,1,0,0
2020-05-08 20:00:00,42.49,100.0,28.04,5,8,129,19,5,2020,1,0,0
2020-05-08 21:00:00,37.13,100.0,27.83,5,8,129,19,5,2020,1,0,0
2020-05-08 22:00:00,26.94,100.0,27.0,5,8,129,19,5,2020,1,0,0
2020-05-08 23:00:00,24.69,100.0,26.83,5,8,129,19,5,2020,1,0,0
2020-06-08 00:00:00,23.89,100.0,26.93,6,8,160,24,1,2020,0,0,0
2020-06-08 01:00:00,24.69,100.0,27.07,6,8,160,24,1,2020,0,0,0
2020-06-08 02:00:00,23.85,100.0,27.03,6,8,160,24,1,2020,0,0,0
2020-06-08 03:00:00,26.03,100.0,26.94,6,8,160,24,1,2020,0,0,0
2020-06-08 04:00:00,25.99,100.0,26.73,6,8,160,24,1,2020,0,0,0
2020-06-08 05:00:00,33.44,100.0,26.58,6,8,160,24,1,2020,0,0,0
2020-06-08 06:00:00,36.78,100.0,26.53,6,8,160,24,1,2020,0,0,0
2020-06-08 07:00:00,40.82,100.0,26.72,6,8,160,24,1,2020,0,0,0
2020-06-08 08:00:00,38.92,100.0,27.04,6,8,160,24,1,2020,0,0,0
2020-06-08 09:00:00,35.41,100.0,27.46,6,8,160,24,1,2020,0,0,0
2020-06-08 10:00:00,34.32,100.0,27.73,6,8,160,24,1,2020,0,0,0
2020-06-08 11:00:00,35.68,100.0,27.86,6,8,160,24,1,2020,0,0,0
2020-06-08 12:00:00,32.07,100.0,28.04,6,8,160,24,1,2020,0,0,0
2020-06-08 13:00:00,28.38,100.0,28.31,6,8,160,24,1,2020,0,0,0
2020-06-08 14:00:00,28.26,100.0,28.76,6,8,160,24,1,2020,0,0,0
2020-06-08 15:00:00,28.33,100.0,28.76,6,8,160,24,1,2020,0,0,0
2020-06-08 16:00:00,26.59,100.0,29.59,6,8,160,24,1,2020,0,0,0
2020-06-08 17:00:00,27.33,100.0,29.82,6,8,160,24,1,2020,0,0,0
2020-06-08 18:00:00,26.33,100.0,29.73,6,8,160,24,1,2020,0,0,0
2020-06-08 19:00:00,27.83,100.0,29.39,6,8,160,24,1,2020,0,0,0
2020-06-08 20:00:00,28.14,100.0,29.09,6,8,160,24,1,2020,0,0,0
2020-06-08 21:00:00,30.23,100.0,28.93,6,8,160,24,1,2020,0,0,0
2020-06-08 22:00:00,31.73,100.0,28.93,6,8,160,24,1,2020,0,0,0
2020-06-08 23:00:00,35.19,100.0,28.76,6,8,160,24,1,2020,0,0,0
2020-07-08 00:00:00,47.91,100.0,28.68,7,8,190,28,3,2020,0,0,0
2020-07-08 01:00:00,29.85,100.0,28.56,7,8,190,28,3,2020,0,0,0
2020-07-08 02:00:00,27.76,100.0,27.53,7,8,190,28,3,2020,0,0,0
2020-07-08 03:00:00,25.15,100.0,27.15,7,8,190,28,3,2020,0,0,0
2020-07-08 04:00:00,26.46,100.0,27.33,7,8,190,28,3,2020,0,0,0
2020-07-08 05:00:00,24.55,100.0,27.28,7,8,190,28,3,2020,0,0,0
2020-07-08 06:00:00,25.95,100.0,27.23,7,8,190,28,3,2020,0,0,0
2020-07-08 07:00:00,27.6,100.0,27.43,7,8,190,28,3,2020,0,0,0
2020-07-08 08:00:00,26.37,100.0,27.31,7,8,190,28,3,2020,0,0,0
2020-07-08 09:00:00,26.22,100.0,27.36,7,8,190,28,3,2020,0,0,0
2020-07-08 10:00:00,28.36,100.0,28.11,7,8,190,28,3,2020,0,0,0
2020-07-08 11:00:00,29.63,100.0,28.77,7,8,190,28,3,2020,0,0,0
2020-07-08 12:00:00,33.13,100.0,28.8,7,8,190,28,3,2020,0,0,0
2020-07-08 13:00:00,28.47,100.0,28.83,7,8,190,28,3,2020,0,0,0
2020-07-08 14:00:00,29.27,100.0,29.94,7,8,190,28,3,2020,0,0,0
2020-07-08 15:00:00,29.3,100.0,30.11,7,8,190,28,3,2020,0,0,0
2020-07-08 16:00:00,29.49,100.0,29.96,7,8,190,28,3,2020,0,0,0
2020-07-08 17:00:00,28.13,100.0,29.73,7,8,190,28,3,2020,0,0,0
2020-07-08 18:00:00,28.15,100.0,29.56,7,8,190,28,3,2020,0,0,0
2020-07-08 19:00:00,30.86,100.0,29.03,7,8,190,28,3,2020,0,0,0
2020-07-08 20:00:00,31.83,100.0,28.83,7,8,190,28,3,2020,0,0,0
2020-07-08 21:00:00,34.26,100.0,28.71,7,8,190,28,3,2020,0,0,0
2020-07-08 22:00:00,41.03,100.0,28.83,7,8,190,28,3,2020,0,0,0
2020-07-08 23:00:00,34.59,100.0,28.92,7,8,190,28,3,2020,0,0,0
2020-08-08 00:00:00,47.92669639671784,88.37511055336446,26.37755945978244,8,8,221,32,6,2020,1,0,0
2020-08-08 01:00:00,47.92669639671784,88.37511055336446,26.37755945978244,8,8,221,32,6,2020,1,0,0
2020-08-08 02:00:00,47.92669639671784,88.37511055336446,26.37755945978244,8,8,221,32,6,2020,1,0,0
2020-08-08 03:00:00,47.92669639671784,88.37511055336446,26.37755945978244,8,8,221,32,6,2020,1,0,0
2020-08-08 04:00:00,47.92669639671784,88.37511055336446,26.37755945978244,8,8,221,32,6,2020,1,0,0
2020-08-08 05:00:00,47.92669639671784,88.37511055336446,26.37755945978244,8,8,221,32,6,2020,1,0,0
2020-08-08 06:00:00,47.92669639671784,88.37511055336446,26.37755945978244,8,8,221,32,6,2020,1,0,0
2020-08-08 07:00:00,47.92669639671784,88.37511055336446,26.37755945978244,8,8,221,32,6,2020,1,0,0
2020-08-08 08:00:00,47.92669639671784,88.37511055336446,26.37755945978244,8,8,221,32,6,2020,1,0,0
2020-08-08 09:00:00,47.92669639671784,88.37511055336446,26.37755945978244,8,8,221,32,6,2020,1,0,0
2020-08-08 10:00:00,47.92669639671784,88.37511055336446,26.37755945978244,8,8,221,32,6,2020,1,0,0
2020-08-08 11:00:00,47.92669639671784,88.37511055336446,26.37755945978244,8,8,221,32,6,2020,1,0,0
2020-08-08 12:00:00,47.92669639671784,88.37511055336446,26.37755945978244,8,8,221,32,6,2020,1,0,0
2020-08-08 13:00:00,47.92669639671784,88.37511055336446,26.37755945978244,8,8,221,32,6,2020,1,0,0
2020-08-08 14:00:00,47.92669639671784,88.37511055336446,26.37755945978244,8,8,221,32,6,2020,1,0,0
2020-08-08 15:00:00,47.92669639671784,88.37511055336446,26.37755945978244,8,8,221,32,6,2020,1,0,0
2020-08-08 16:00:00,47.92669639671784,88.37511055336446,26.37755945978244,8,8,221,32,6,2020,1,0,0
2020-08-08 17:00:00,47.92669639671784,88.37511055336446,26.37755945978244,8,8,221,32,6,2020,1,0,0
2020-08-08 18:00:00,47.92669639671784,88.37511055336446,26.37755945978244,8,8,221,32,6,2020,1,0,0
2020-08-08 19:00:00,47.92669639671784,88.37511055336446,26.37755945978244,8,8,221,32,6,2020,1,0,0
2020-08-08 20:00:00,47.92669639671784,88.37511055336446,26.37755945978244,8,8,221,32,6,2020,1,0,0
2020-08-08 21:00:00,47.92669639671784,88.37511055336446,26.37755945978244,8,8,221,32,6,2020,1,0,0
2020-08-08 22:00:00,47.92669639671784,88.37511055336446,26.37755945978244,8,8,221,32,6,2020,1,0,0
2020-08-08 23:00:00,47.92669639671784,88.37511055336446,26.37755945978244,8,8,221,32,6,2020,1,0,0
2020-09-08 00:00:00,47.92669639671784,88.37511055336446,26.37755945978244,9,8,252,37,2,2020,0,0,0
2020-09-08 01:00:00,47.92669639671784,88.37511055336446,26.37755945978244,9,8,252,37,2,2020,0,0,0
2020-09-08 02:00:00,47.92669639671784,88.37511055336446,26.37755945978244,9,8,252,37,2,2020,0,0,0
2020-09-08 03:00:00,47.92669639671784,88.37511055336446,26.37755945978244,9,8,252,37,2,2020,0,0,0
2020-09-08 04:00:00,47.92669639671784,88.37511055336446,26.37755945978244,9,8,252,37,2,2020,0,0,0
2020-09-08 05:00:00,47.92669639671784,88.37511055336446,26.37755945978244,9,8,252,37,2,2020,0,0,0
2020-09-08 06:00:00,47.92669639671784,88.37511055336446,26.37755945978244,9,8,252,37,2,2020,0,0,0
2020-09-08 07:00:00,47.92669639671784,88.37511055336446,26.37755945978244,9,8,252,37,2,2020,0,0,0
2020-09-08 08:00:00,47.92669639671784,88.37511055336446,26.37755945978244,9,8,252,37,2,2020,0,0,0
2020-09-08 09:00:00,47.92669639671784,88.37511055336446,26.37755945978244,9,8,252,37,2,2020,0,0,0
2020-09-08 10:00:00,47.92669639671784,88.37511055336446,26.37755945978244,9,8,252,37,2,2020,0,0,0
2020-09-08 11:00:00,47.92669639671784,88.37511055336446,26.37755945978244,9,8,252,37,2,2020,0,0,0
2020-09-08 12:00:00,47.92669639671784,88.37511055336446,26.37755945978244,9,8,252,37,2,2020,0,0,0
2020-09-08 13:00:00,47.92669639671784,88.37511055336446,26.37755945978244,9,8,252,37,2,2020,0,0,0
2020-09-08 14:00:00,47.92669639671784,88.37511055336446,26.37755945978244,9,8,252,37,2,2020,0,0,0
2020-09-08 15:00:00,47.92669639671784,88.37511055336446,26.37755945978244,9,8,252,37,2,2020,0,0,0
2020-09-08 16:00:00,47.92669639671784,88.37511055336446,26.37755945978244,9,8,252,37,2,2020,0,0,0
2020-09-08 17:00:00,47.92669639671784,88.37511055336446,26.37755945978244,9,8,252,37,2,2020,0,0,0
2020-09-08 18:00:00,47.92669639671784,88.37511055336446,26.37755945978244,9,8,252,37,2,2020,0,0,0
2020-09-08 19:00:00,47.92669639671784,88.37511055336446,26.37755945978244,9,8,252,37,2,2020,0,0,0
2020-09-08 20:00:00,47.92669639671784,88.37511055336446,26.37755945978244,9,8,252,37,2,2020,0,0,0
2020-09-08 21:00:00,47.92669639671784,88.37511055336446,26.37755945978244,9,8,252,37,2,2020,0,0,0
2020-09-08 22:00:00,47.92669639671784,88.37511055336446,26.37755945978244,9,8,252,37,2,2020,0,0,0
2020-09-08 23:00:00,47.92669639671784,88.37511055336446,26.37755945978244,9,8,252,37,2,2020,0,0,0
2020-10-08 00:00:00,47.92669639671784,88.37511055336446,26.37755945978244,10,8,282,41,4,2020,0,0,0
2020-10-08 01:00:00,47.92669639671784,88.37511055336446,26.37755945978244,10,8,282,41,4,2020,0,0,0
2020-10-08 02:00:00,47.92669639671784,88.37511055336446,26.37755945978244,10,8,282,41,4,2020,0,0,0
2020-10-08 03:00:00,47.92669639671784,88.37511055336446,26.37755945978244,10,8,282,41,4,2020,0,0,0
2020-10-08 04:00:00,47.92669639671784,88.37511055336446,26.37755945978244,10,8,282,41,4,2020,0,0,0
2020-10-08 05:00:00,47.92669639671784,88.37511055336446,26.37755945978244,10,8,282,41,4,2020,0,0,0
2020-10-08 06:00:00,47.92669639671784,88.37511055336446,26.37755945978244,10,8,282,41,4,2020,0,0,0
2020-10-08 07:00:00,47.92669639671784,88.37511055336446,26.37755945978244,10,8,282,41,4,2020,0,0,0
2020-10-08 08:00:00,47.92669639671784,88.37511055336446,26.37755945978244,10,8,282,41,4,2020,0,0,0
2020-10-08 09:00:00,47.92669639671784,88.37511055336446,26.37755945978244,10,8,282,41,4,2020,0,0,0
2020-10-08 10:00:00,47.92669639671784,88.37511055336446,26.37755945978244,10,8,282,41,4,2020,0,0,0
2020-10-08 11:00:00,47.92669639671784,88.37511055336446,26.37755945978244,10,8,282,41,4,2020,0,0,0
2020-10-08 12:00:00,47.92669639671784,88.37511055336446,26.37755945978244,10,8,282,41,4,2020,0,0,0
2020-10-08 13:00:00,47.92669639671784,88.37511055336446,26.37755945978244,10,8,282,41,4,2020,0,0,0
2020-10-08 14:00:00,47.92669639671784,88.37511055336446,26.37755945978244,10,8,282,41,4,2020,0,0,0
2020-10-08 15:00:00,47.92669639671784,88.37511055336446,26.37755945978244,10,8,282,41,4,2020,0,0,0
2020-10-08 16:00:00,31.69,80.59,35.2,10,8,282,41,4,2020,0,0,0
2020-10-08 17:00:00,33.86,84.48,34.68,10,8,282,41,4,2020,0,0,0
2020-10-08 18:00:00,40.4,89.04,34.02,10,8,282,41,4,2020,0,0,0
2020-10-08 19:00:00,26.48,89.64,32.31,10,8,282,41,4,2020,0,0,0
2020-10-08 20:00:00,28.03,99.17,30.78,10,8,282,41,4,2020,0,0,0
2020-10-08 21:00:00,28.0,93.92,30.81,10,8,282,41,4,2020,0,0,0
2020-10-08 22:00:00,24.38,94.08,29.23,10,8,282,41,4,2020,0,0,0
2020-10-08 23:00:00,23.93,96.42,28.79,10,8,282,41,4,2020,0,0,0
2020-11-08 00:00:00,24.22,100.0,27.1,11,8,313,45,7,2020,1,0,0
2020-11-08 01:00:00,24.32,100.0,27.02,11,8,313,45,7,2020,1,0,0
2020-11-08 02:00:00,24.28,100.0,26.88,11,8,313,45,7,2020,1,0,0
2020-11-08 03:00:00,25.63,100.0,26.96,11,8,313,45,7,2020,1,0,0
2020-11-08 04:00:00,25.1,100.0,27.23,11,8,313,45,7,2020,1,0,0
2020-11-08 05:00:00,25.23,100.0,27.46,11,8,313,45,7,2020,1,0,0
2020-11-08 06:00:00,32.0,100.0,27.48,11,8,313,45,7,2020,1,0,0
2020-11-08 07:00:00,32.14,100.0,27.77,11,8,313,45,7,2020,1,0,0
2020-11-08 08:00:00,28.33,99.88,28.71,11,8,313,45,7,2020,1,0,0
2020-11-08 09:00:00,28.43,96.29,30.11,11,8,313,45,7,2020,1,0,0
2020-11-08 10:00:00,28.18,88.34,32.28,11,8,313,45,7,2020,1,0,0
2020-11-08 11:00:00,30.93,84.12,33.4,11,8,313,45,7,2020,1,0,0
2020-11-08 12:00:00,31.23,80.45,34.25,11,8,313,45,7,2020,1,0,0
2020-11-08 13:00:00,28.82,74.38,35.48,11,8,313,45,7,2020,1,0,0
2020-11-08 14:00:00,26.49,71.78,35.61,11,8,313,45,7,2020,1,0,0
2020-11-08 15:00:00,26.28,70.57,35.87,11,8,313,45,7,2020,1,0,0
2020-11-08 16:00:00,25.76,70.19,36.13,11,8,313,45,7,2020,1,0,0
2020-11-08 17:00:00,24.92,73.35,35.81,11,8,313,45,7,2020,1,0,0
2020-11-08 18:00:00,26.42,78.88,34.84,11,8,313,45,7,2020,1,0,0
2020-11-08 19:00:00,24.83,99.67,28.42,11,8,313,45,7,2020,1,0,0
2020-11-08 20:00:00,25.71,99.4,28.66,11,8,313,45,7,2020,1,0,0
2020-11-08 21:00:00,25.55,96.69,28.55,11,8,313,45,7,2020,1,0,0
2020-11-08 22:00:00,24.28,99.01,28.55,11,8,313,45,7,2020,1,0,0
2020-11-08 23:00:00,24.98,100.0,27.84,11,8,313,45,7,2020,1,0,0
2020-12-08 00:00:00,24.88,100.0,27.97,12,8,343,50,2,2020,0,0,0
2020-12-08 01:00:00,28.57,100.0,28.14,12,8,343,50,2,2020,0,0,0
2020-12-08 02:00:00,33.6,100.0,28.27,12,8,343,50,2,2020,0,0,0
2020-12-08 03:00:00,32.69,100.0,28.39,12,8,343,50,2,2020,0,0,0
2020-12-08 04:00:00,36.02,100.0,28.68,12,8,343,50,2,2020,0,0,0
2020-12-08 05:00:00,33.91,100.0,28.91,12,8,343,50,2,2020,0,0,0
2020-12-08 06:00:00,31.26,100.0,28.88,12,8,343,50,2,2020,0,0,0
2020-12-08 07:00:00,37.46,100.0,28.9,12,8,343,50,2,2020,0,0,0
2020-12-08 08:00:00,39.03,100.0,29.83,12,8,343,50,2,2020,0,0,0
2020-12-08 09:00:00,37.52,99.4,30.89,12,8,343,50,2,2020,0,0,0
2020-12-08 10:00:00,37.78,96.03,31.99,12,8,343,50,2,2020,0,0,0
2020-12-08 11:00:00,34.97,94.57,32.75,12,8,343,50,2,2020,0,0,0
2020-12-08 12:00:00,27.58,88.74,33.92,12,8,343,50,2,2020,0,0,0
2020-12-08 13:00:00,26.52,80.68,34.47,12,8,343,50,2,2020,0,0,0
2020-12-08 14:00:00,27.09,83.84,34.63,12,8,343,50,2,2020,0,0,0
2020-12-08 15:00:00,27.34,85.7,34.68,12,8,343,50,2,2020,0,0,0
2020-12-08 16:00:00,27.44,83.73,34.66,12,8,343,50,2,2020,0,0,0
2020-12-08 17:00:00,27.03,83.39,34.59,12,8,343,50,2,2020,0,0,0
2020-12-08 18:00:00,27.11,86.64,34.15,12,8,343,50,2,2020,0,0,0
2020-12-08 19:00:00,26.74,87.92,33.32,12,8,343,50,2,2020,0,0,0
2020-12-08 20:00:00,27.03,88.87,32.53,12,8,343,50,2,2020,0,0,0
2020-12-08 21:00:00,28.28,92.28,32.11,12,8,343,50,2,2020,0,0,0
2020-12-08 22:00:00,29.13,96.11,31.61,12,8,343,50,2,2020,0,0,0
2020-12-08 23:00:00,29.08,99.2,31.13,12,8,343,50,2,2020,0,0,0
2020-08-13 00:00:00,27.53,100.0,30.47,8,13,226,33,4,2020,0,0,0
2020-08-13 01:00:00,26.49,100.0,30.38,8,13,226,33,4,2020,0,0,0
2020-08-13 02:00:00,26.6,100.0,30.25,8,13,226,33,4,2020,0,0,0
2020-08-13 03:00:00,28.15,100.0,28.38,8,13,226,33,4,2020,0,0,0
2020-08-13 04:00:00,25.05,100.0,27.1,8,13,226,33,4,2020,0,0,0
2020-08-13 05:00:00,25.61,100.0,26.92,8,13,226,33,4,2020,0,0,0
2020-08-13 06:00:00,24.91,100.0,26.78,8,13,226,33,4,2020,0,0,0
2020-08-13 07:00:00,25.2,100.0,26.48,8,13,226,33,4,2020,0,0,0
2020-08-13 08:00:00,26.38,100.0,26.33,8,13,226,33,4,2020,0,0,0
2020-08-13 09:00:00,29.27,100.0,26.63,8,13,226,33,4,2020,0,0,0
2020-08-13 10:00:00,33.23,100.0,27.09,8,13,226,33,4,2020,0,0,0
2020-08-13 11:00:00,28.34,98.88,28.48,8,13,226,33,4,2020,0,0,0
2020-08-13 12:00:00,27.73,92.73,30.75,8,13,226,33,4,2020,0,0,0
2020-08-13 13:00:00,25.59,87.04,32.34,8,13,226,33,4,2020,0,0,0
2020-08-13 14:00:00,25.13,89.03,31.71,8,13,226,33,4,2020,0,0,0
2020-08-13 15:00:00,26.34,93.37,30.75,8,13,226,33,4,2020,0,0,0
2020-08-13 16:00:00,25.67,98.91,29.45,8,13,226,33,4,2020,0,0,0
2020-08-13 17:00:00,26.77,100.0,28.78,8,13,226,33,4,2020,0,0,0
2020-08-13 18:00:00,26.06,100.0,29.05,8,13,226,33,4,2020,0,0,0
2020-08-13 19:00:00,26.39,100.0,29.03,8,13,226,33,4,2020,0,0,0
2020-08-13 20:00:00,26.44,100.0,28.85,8,13,226,33,4,2020,0,0,0
2020-08-13 21:00:00,30.77,100.0,28.94,8,13,226,33,4,2020,0,0,0
2020-08-13 22:00:00,31.78,100.0,28.9,8,13,226,33,4,2020,0,0,0
2020-08-13 23:00:00,29.14,100.0,28.63,8,13,226,33,4,2020,0,0,0
2020-08-14 00:00:00,26.86,100.0,28.06,8,14,227,33,5,2020,1,0,0
2020-08-14 01:00:00,23.81,100.0,26.74,8,14,227,33,5,2020,1,0,0
2020-08-14 02:00:00,24.24,100.0,26.68,8,14,227,33,5,2020,1,0,0
2020-08-14 03:00:00,23.9,100.0,26.68,8,14,227,33,5,2020,1,0,0
2020-08-14 04:00:00,27.78,100.0,26.69,8,14,227,33,5,2020,1,0,0
2020-08-14 05:00:00,29.54,100.0,26.43,8,14,227,33,5,2020,1,0,0
2020-08-14 06:00:00,27.85,100.0,26.22,8,14,227,33,5,2020,1,0,0
2020-08-14 07:00:00,30.32,100.0,26.3,8,14,227,33,5,2020,1,0,0
2020-08-14 08:00:00,36.48,100.0,26.53,8,14,227,33,5,2020,1,0,0
2020-08-14 09:00:00,39.21,100.0,26.77,8,14,227,33,5,2020,1,0,0
2020-08-14 10:00:00,49.21,100.0,26.88,8,14,227,33,5,2020,1,0,0
2020-08-14 11:00:00,39.17,100.0,27.24,8,14,227,33,5,2020,1,0,0
2020-08-14 12:00:00,34.98,100.0,27.68,8,14,227,33,5,2020,1,0,0
2020-08-14 13:00:00,37.45,100.0,28.33,8,14,227,33,5,2020,1,0,0
2020-08-14 14:00:00,32.45,99.73,29.22,8,14,227,33,5,2020,1,0,0
2020-08-14 15:00:00,31.14,98.38,29.46,8,14,227,33,5,2020,1,0,0
2020-08-14 16:00:00,30.63,98.07,29.38,8,14,227,33,5,2020,1,0,0
2020-08-14 17:00:00,31.27,98.58,29.13,8,14,227,33,5,2020,1,0,0
2020-08-14 18:00:00,32.98,98.87,29.01,8,14,227,33,5,2020,1,0,0
2020-08-14 19:00:00,29.98,100.0,28.51,8,14,227,33,5,2020,1,0,0
2020-08-14 20:00:00,29.23,100.0,28.34,8,14,227,33,5,2020,1,0,0
2020-08-14 21:00:00,28.44,100.0,28.46,8,14,227,33,5,2020,1,0,0
2020-08-14 22:00:00,29.31,95.12,28.38,8,14,227,33,5,2020,1,0,0
2020-08-14 23:00:00,34.49,100.0,28.32,8,14,227,33,5,2020,1,0,0
2020-08-15 00:00:00,34.13,100.0,27.95,8,15,228,33,6,2020,1,0,0
2020-08-15 01:00:00,36.44,100.0,27.71,8,15,228,33,6,2020,1,0,0
2020-08-15 02:00:00,34.84,100.0,27.63,8,15,228,33,6,2020,1,0,0
2020-08-15 03:00:00,35.96,95.07,27.4,8,15,228,33,6,2020,1,0,0
2020-08-15 04:00:00,34.33,100.0,27.28,8,15,228,33,6,2020,1,0,0
2020-08-15 05:00:00,34.76,100.0,27.19,8,15,228,33,6,2020,1,0,0
2020-08-15 06:00:00,38.23,100.0,27.34,8,15,228,33,6,2020,1,0,0
2020-08-15 07:00:00,43.36,100.0,27.54,8,15,228,33,6,2020,1,0,0
2020-08-15 08:00:00,42.43,100.0,27.83,8,15,228,33,6,2020,1,0,0
2020-08-15 09:00:00,47.92669639671784,88.37511055336446,26.37755945978244,8,15,228,33,6,2020,1,0,0
2020-08-15 10:00:00,47.92669639671784,88.37511055336446,26.37755945978244,8,15,228,33,6,2020,1,0,0
2020-08-15 11:00:00,47.92669639671784,88.37511055336446,26.37755945978244,8,15,228,33,6,2020,1,0,0
2020-08-15 12:00:00,47.92669639671784,88.37511055336446,26.37755945978244,8,15,228,33,6,2020,1,0,0
2020-08-15 13:00:00,47.92669639671784,88.37511055336446,26.37755945978244,8,15,228,33,6,2020,1,0,0
2020-08-15 14:00:00,47.92669639671784,88.37511055336446,26.37755945978244,8,15,228,33,6,2020,1,0,0
2020-08-15 15:00:00,47.92669639671784,88.37511055336446,26.37755945978244,8,15,228,33,6,2020,1,0,0
2020-08-15 16:00:00,47.92669639671784,88.37511055336446,26.37755945978244,8,15,228,33,6,2020,1,0,0
2020-08-15 17:00:00,47.92669639671784,88.37511055336446,26.37755945978244,8,15,228,33,6,2020,1,0,0
2020-08-15 18:00:00,47.92669639671784,88.37511055336446,26.37755945978244,8,15,228,33,6,2020,1,0,0
2020-08-15 19:00:00,47.92669639671784,88.37511055336446,26.37755945978244,8,15,228,33,6,2020,1,0,0
2020-08-15 20:00:00,47.92669639671784,88.37511055336446,26.37755945978244,8,15,228,33,6,2020,1,0,0
2020-08-15 21:00:00,47.92669639671784,88.37511055336446,26.37755945978244,8,15,228,33,6,2020,1,0,0
2020-08-15 22:00:00,47.92669639671784,88.37511055336446,26.37755945978244,8,15,228,33,6,2020,1,0,0
2020-08-15 23:00:00,47.92669639671784,88.37511055336446,26.37755945978244,8,15,228,33,6,2020,1,0,0
2020-08-16 00:00:00,47.92669639671784,88.37511055336446,26.37755945978244,8,16,229,33,7,2020,1,0,0
2020-08-16 01:00:00,47.92669639671784,88.37511055336446,26.37755945978244,8,16,229,33,7,2020,1,0,0
2020-08-16 02:00:00,47.92669639671784,88.37511055336446,26.37755945978244,8,16,229,33,7,2020,1,0,0
2020-08-16 03:00:00,47.92669639671784,88.37511055336446,26.37755945978244,8,16,229,33,7,2020,1,0,0
2020-08-16 04:00:00,47.92669639671784,88.37511055336446,26.37755945978244,8,16,229,33,7,2020,1,0,0
2020-08-16 05:00:00,47.92669639671784,88.37511055336446,26.37755945978244,8,16,229,33,7,2020,1,0,0
2020-08-16 06:00:00,47.92669639671784,88.37511055336446,26.37755945978244,8,16,229,33,7,2020,1,0,0
2020-08-16 07:00:00,47.92669639671784,88.37511055336446,26.37755945978244,8,16,229,33,7,2020,1,0,0
2020-08-16 08:00:00,47.92669639671784,88.37511055336446,26.37755945978244,8,16,229,33,7,2020,1,0,0
2020-08-16 09:00:00,47.92669639671784,88.37511055336446,26.37755945978244,8,16,229,33,7,2020,1,0,0
2020-08-16 10:00:00,47.92669639671784,88.37511055336446,26.37755945978244,8,16,229,33,7,2020,1,0,0
2020-08-16 11:00:00,47.92669639671784,88.37511055336446,26.37755945978244,8,16,229,33,7,2020,1,0,0
2020-08-16 12:00:00,47.92669639671784,88.37511055336446,26.37755945978244,8,16,229,33,7,2020,1,0,0
2020-08-16 13:00:00,47.92669639671784,88.37511055336446,26.37755945978244,8,16,229,33,7,2020,1,0,0
2020-08-16 14:00:00,47.92669639671784,88.37511055336446,26.37755945978244,8,16,229,33,7,2020,1,0,0
2020-08-16 15:00:00,47.92669639671784,88.37511055336446,26.37755945978244,8,16,229,33,7,2020,1,0,0
2020-08-16 16:00:00,47.92669639671784,88.37511055336446,26.37755945978244,8,16,229,33,7,2020,1,0,0
2020-08-16 17:00:00,47.92669639671784,88.37511055336446,26.37755945978244,8,16,229,33,7,2020,1,0,0
2020-08-16 18:00:00,47.92669639671784,88.37511055336446,26.37755945978244,8,16,229,33,7,2020,1,0,0
2020-08-16 19:00:00,47.92669639671784,88.37511055336446,26.37755945978244,8,16,229,33,7,2020,1,0,0
2020-08-16 20:00:00,47.92669639671784,88.37511055336446,26.37755945978244,8,16,229,33,7,2020,1,0,0
2020-08-16 21:00:00,47.92669639671784,88.37511055336446,26.37755945978244,8,16,229,33,7,2020,1,0,0
2020-08-16 22:00:00,47.92669639671784,88.37511055336446,26.37755945978244,8,16,229,33,7,2020,1,0,0
2020-08-16 23:00:00,47.92669639671784,88.37511055336446,26.37755945978244,8,16,229,33,7,2020,1,0,0
2020-08-17 00:00:00,47.92669639671784,88.37511055336446,26.37755945978244,8,17,230,34,1,2020,0,0,0
2020-08-17 01:00:00,47.92669639671784,88.37511055336446,26.37755945978244,8,17,230,34,1,2020,0,0,0
2020-08-17 02:00:00,47.92669639671784,88.37511055336446,26.37755945978244,8,17,230,34,1,2020,0,0,0
2020-08-17 03:00:00,47.92669639671784,88.37511055336446,26.37755945978244,8,17,230,34,1,2020,0,0,0
2020-08-17 04:00:00,47.92669639671784,88.37511055336446,26.37755945978244,8,17,230,34,1,2020,0,0,0
2020-08-17 05:00:00,47.92669639671784,88.37511055336446,26.37755945978244,8,17,230,34,1,2020,0,0,0
2020-08-17 06:00:00,47.92669639671784,88.37511055336446,26.37755945978244,8,17,230,34,1,2020,0,0,0
2020-08-17 07:00:00,47.92669639671784,88.37511055336446,26.37755945978244,8,17,230,34,1,2020,0,0,0
2020-08-17 08:00:00,47.92669639671784,88.37511055336446,26.37755945978244,8,17,230,34,1,2020,0,0,0
2020-08-17 09:00:00,47.92669639671784,88.37511055336446,26.37755945978244,8,17,230,34,1,2020,0,0,0
2020-08-17 10:00:00,47.92669639671784,88.37511055336446,26.37755945978244,8,17,230,34,1,2020,0,0,0
2020-08-17 11:00:00,47.92669639671784,88.37511055336446,26.37755945978244,8,17,230,34,1,2020,0,0,0
2020-08-17 12:00:00,47.92669639671784,88.37511055336446,26.37755945978244,8,17,230,34,1,2020,0,0,0
2020-08-17 13:00:00,47.92669639671784,88.37511055336446,26.37755945978244,8,17,230,34,1,2020,0,0,0
2020-08-17 14:00:00,47.92669639671784,88.37511055336446,26.37755945978244,8,17,230,34,1,2020,0,0,0
2020-08-17 15:00:00,47.92669639671784,88.37511055336446,26.37755945978244,8,17,230,34,1,2020,0,0,0
2020-08-17 16:00:00,47.92669639671784,88.37511055336446,26.37755945978244,8,17,230,34,1,2020,0,0,0
2020-08-17 17:00:00,47.92669639671784,88.37511055336446,26.37755945978244,8,17,230,34,1,2020,0,0,0
2020-08-17 18:00:00,47.92669639671784,88.37511055336446,26.37755945978244,8,17,230,34,1,2020,0,0,0
2020-08-17 19:00:00,47.92669639671784,88.37511055336446,26.37755945978244,8,17,230,34,1,2020,0,0,0
2020-08-17 20:00:00,47.92669639671784,88.37511055336446,26.37755945978244,8,17,230,34,1,2020,0,0,0
2020-08-17 21:00:00,47.92669639671784,88.37511055336446,26.37755945978244,8,17,230,34,1,2020,0,0,0
2020-08-17 22:00:00,47.92669639671784,88.37511055336446,26.37755945978244,8,17,230,34,1,2020,0,0,0
2020-08-17 23:00:00,47.92669639671784,88.37511055336446,26.37755945978244,8,17,230,34,1,2020,0,0,0
2020-08-18 00:00:00,47.92669639671784,88.37511055336446,26.37755945978244,8,18,231,34,2,2020,0,0,0
2020-08-18 01:00:00,47.92669639671784,88.37511055336446,26.37755945978244,8,18,231,34,2,2020,0,0,0
2020-08-18 02:00:00,47.92669639671784,88.37511055336446,26.37755945978244,8,18,231,34,2,2020,0,0,0
2020-08-18 03:00:00,47.92669639671784,88.37511055336446,26.37755945978244,8,18,231,34,2,2020,0,0,0
2020-08-18 04:00:00,47.92669639671784,88.37511055336446,26.37755945978244,8,18,231,34,2,2020,0,0,0
2020-08-18 05:00:00,47.92669639671784,88.37511055336446,26.37755945978244,8,18,231,34,2,2020,0,0,0
2020-08-18 06:00:00,47.92669639671784,88.37511055336446,26.37755945978244,8,18,231,34,2,2020,0,0,0
2020-08-18 07:00:00,47.92669639671784,88.37511055336446,26.37755945978244,8,18,231,34,2,2020,0,0,0
2020-08-18 08:00:00,47.92669639671784,88.37511055336446,26.37755945978244,8,18,231,34,2,2020,0,0,0
2020-08-18 09:00:00,47.92669639671784,88.37511055336446,26.37755945978244,8,18,231,34,2,2020,0,0,0
2020-08-18 10:00:00,47.92669639671784,88.37511055336446,26.37755945978244,8,18,231,34,2,2020,0,0,0
2020-08-18 11:00:00,47.92669639671784,88.37511055336446,26.37755945978244,8,18,231,34,2,2020,0,0,0
2020-08-18 12:00:00,47.92669639671784,88.37511055336446,26.37755945978244,8,18,231,34,2,2020,0,0,0
2020-08-18 13:00:00,47.92669639671784,88.37511055336446,26.37755945978244,8,18,231,34,2,2020,0,0,0
2020-08-18 14:00:00,47.92669639671784,88.37511055336446,26.37755945978244,8,18,231,34,2,2020,0,0,0
2020-08-18 15:00:00,47.92669639671784,88.37511055336446,26.37755945978244,8,18,231,34,2,2020,0,0,0
2020-08-18 16:00:00,47.92669639671784,88.37511055336446,26.37755945978244,8,18,231,34,2,2020,0,0,0
2020-08-18 17:00:00,47.92669639671784,88.37511055336446,26.37755945978244,8,18,231,34,2,2020,0,0,0
2020-08-18 18:00:00,47.92669639671784,88.37511055336446,26.37755945978244,8,18,231,34,2,2020,0,0,0
2020-08-18 19:00:00,47.92669639671784,88.37511055336446,26.37755945978244,8,18,231,34,2,2020,0,0,0
2020-08-18 20:00:00,47.92669639671784,88.37511055336446,26.37755945978244,8,18,231,34,2,2020,0,0,0
2020-08-18 21:00:00,47.92669639671784,88.37511055336446,26.37755945978244,8,18,231,34,2,2020,0,0,0
2020-08-18 22:00:00,47.92669639671784,88.37511055336446,26.37755945978244,8,18,231,34,2,2020,0,0,0
2020-08-18 23:00:00,47.92669639671784,88.37511055336446,26.37755945978244,8,18,231,34,2,2020,0,0,0
2020-08-19 00:00:00,47.92669639671784,88.37511055336446,26.37755945978244,8,19,232,34,3,2020,0,0,0
2020-08-19 01:00:00,47.92669639671784,88.37511055336446,26.37755945978244,8,19,232,34,3,2020,0,0,0
2020-08-19 02:00:00,47.92669639671784,88.37511055336446,26.37755945978244,8,19,232,34,3,2020,0,0,0
2020-08-19 03:00:00,47.92669639671784,88.37511055336446,26.37755945978244,8,19,232,34,3,2020,0,0,0
2020-08-19 04:00:00,47.92669639671784,88.37511055336446,26.37755945978244,8,19,232,34,3,2020,0,0,0
2020-08-19 05:00:00,47.92669639671784,88.37511055336446,26.37755945978244,8,19,232,34,3,2020,0,0,0
2020-08-19 06:00:00,47.92669639671784,88.37511055336446,26.37755945978244,8,19,232,34,3,2020,0,0,0
2020-08-19 07:00:00,47.92669639671784,88.37511055336446,26.37755945978244,8,19,232,34,3,2020,0,0,0
2020-08-19 08:00:00,47.92669639671784,88.37511055336446,26.37755945978244,8,19,232,34,3,2020,0,0,0
2020-08-19 09:00:00,47.92669639671784,88.37511055336446,26.37755945978244,8,19,232,34,3,2020,0,0,0
2020-08-19 10:00:00,47.92669639671784,88.37511055336446,26.37755945978244,8,19,232,34,3,2020,0,0,0
2020-08-19 11:00:00,47.92669639671784,88.37511055336446,26.37755945978244,8,19,232,34,3,2020,0,0,0
2020-08-19 12:00:00,47.92669639671784,88.37511055336446,26.37755945978244,8,19,232,34,3,2020,0,0,0
2020-08-19 13:00:00,47.92669639671784,88.37511055336446,26.37755945978244,8,19,232,34,3,2020,0,0,0
2020-08-19 14:00:00,47.92669639671784,88.37511055336446,26.37755945978244,8,19,232,34,3,2020,0,0,0
2020-08-19 15:00:00,47.92669639671784,88.37511055336446,26.37755945978244,8,19,232,34,3,2020,0,0,0
2020-08-19 16:00:00,47.92669639671784,88.37511055336446,26.37755945978244,8,19,232,34,3,2020,0,0,0
2020-08-19 17:00:00,30.96,91.7,30.5,8,19,232,34,3,2020,0,0,0
2020-08-19 18:00:00,31.62,91.56,30.52,8,19,232,34,3,2020,0,0,0
2020-08-19 19:00:00,30.53,97.86,29.83,8,19,232,34,3,2020,0,0,0
2020-08-19 20:00:00,35.88,100.0,29.44,8,19,232,34,3,2020,0,0,0
2020-08-19 21:00:00,33.03,100.0,29.28,8,19,232,34,3,2020,0,0,0
2020-08-19 22:00:00,32.92,100.0,28.98,8,19,232,34,3,2020,0,0,0
2020-08-19 23:00:00,29.22,99.99,28.88,8,19,232,34,3,2020,0,0,0
2020-08-20 00:00:00,28.4,100.0,28.74,8,20,233,34,4,2020,0,0,0
2020-08-20 01:00:00,34.22,100.0,28.67,8,20,233,34,4,2020,0,0,0
2020-08-20 02:00:00,45.81,100.0,28.46,8,20,233,34,4,2020,0,0,0
2020-08-20 03:00:00,45.71,100.0,28.26,8,20,233,34,4,2020,0,0,0
2020-08-20 04:00:00,47.25,100.0,28.07,8,20,233,34,4,2020,0,0,0
2020-08-20 05:00:00,46.49,100.0,27.94,8,20,233,34,4,2020,0,0,0
2020-08-20 06:00:00,48.11,100.0,28.01,8,20,233,34,4,2020,0,0,0
2020-08-20 07:00:00,55.08,100.0,28.23,8,20,233,34,4,2020,0,0,0
2020-08-20 08:00:00,61.05,100.0,28.66,8,20,233,34,4,2020,0,0,0
2020-08-20 09:00:00,59.9,99.69,29.53,8,20,233,34,4,2020,0,0,0
2020-08-20 10:00:00,49.24,95.67,30.33,8,20,233,34,4,2020,0,0,0
2020-08-20 11:00:00,56.92,92.92,30.81,8,20,233,34,4,2020,0,0,0
2020-08-20 12:00:00,61.97,95.11,30.53,8,20,233,34,4,2020,0,0,0
2020-08-20 13:00:00,64.92,99.57,30.0,8,20,233,34,4,2020,0,0,0
2020-08-20 14:00:00,56.39,93.23,31.08,8,20,233,34,4,2020,0,0,0
2020-08-20 15:00:00,43.11,89.68,31.48,8,20,233,34,4,2020,0,0,0
2020-08-20 16:00:00,39.62,88.84,31.45,8,20,233,34,4,2020,0,0,0
2020-08-20 17:00:00,35.19,90.98,31.38,8,20,233,34,4,2020,0,0,0
2020-08-20 18:00:00,29.03,91.79,30.95,8,20,233,34,4,2020,0,0,0
2020-08-20 19:00:00,27.81,96.38,30.17,8,20,233,34,4,2020,0,0,0
2020-08-20 20:00:00,28.66,99.67,29.62,8,20,233,34,4,2020,0,0,0
2020-08-20 21:00:00,27.89,99.83,29.5,8,20,233,34,4,2020,0,0,0
2020-08-20 22:00:00,28.43,100.0,29.2,8,20,233,34,4,2020,0,0,0
2020-08-20 23:00:00,28.73,100.0,28.88,8,20,233,34,4,2020,0,0,0
2020-08-21 00:00:00,26.61,100.0,28.56,8,21,234,34,5,2020,1,0,0
2020-08-21 01:00:00,35.98,100.0,28.46,8,21,234,34,5,2020,1,0,0
2020-08-21 02:00:00,28.3,100.0,28.15,8,21,234,34,5,2020,1,0,0
2020-08-21 03:00:00,26.95,100.0,26.89,8,21,234,34,5,2020,1,0,0
2020-08-21 04:00:00,28.98,100.0,27.18,8,21,234,34,5,2020,1,0,0
2020-08-21 05:00:00,27.83,100.0,26.98,8,21,234,34,5,2020,1,0,0
2020-08-21 06:00:00,25.73,100.0,26.62,8,21,234,34,5,2020,1,0,0
2020-08-21 07:00:00,26.55,100.0,26.76,8,21,234,34,5,2020,1,0,0
2020-08-21 08:00:00,29.93,100.0,27.08,8,21,234,34,5,2020,1,0,0
2020-08-21 09:00:00,29.54,100.0,28.09,8,21,234,34,5,2020,1,0,0
2020-08-21 10:00:00,27.68,98.0,29.69,8,21,234,34,5,2020,1,0,0
2020-08-21 11:00:00,28.04,92.99,30.75,8,21,234,34,5,2020,1,0,0
2020-08-21 12:00:00,28.38,93.27,30.76,8,21,234,34,5,2020,1,0,0
2020-08-21 13:00:00,27.11,86.85,32.12,8,21,234,34,5,2020,1,0,0
2020-08-21 14:00:00,27.1,87.87,31.7,8,21,234,34,5,2020,1,0,0
2020-08-21 15:00:00,27.01,84.24,32.1,8,21,234,34,5,2020,1,0,0
2020-08-21 16:00:00,27.1,80.18,32.28,8,21,234,34,5,2020,1,0,0
2020-08-21 17:00:00,28.98,81.71,32.21,8,21,234,34,5,2020,1,0,0
2020-08-21 18:00:00,28.59,84.98,31.75,8,21,234,34,5,2020,1,0,0
2020-08-21 19:00:00,32.47,88.26,30.95,8,21,234,34,5,2020,1,0,0
2020-08-21 20:00:00,29.97,96.66,29.02,8,21,234,34,5,2020,1,0,0
2020-08-21 21:00:00,40.1,100.0,27.95,8,21,234,34,5,2020,1,0,0
2020-08-21 22:00:00,40.11,100.0,27.85,8,21,234,34,5,2020,1,0,0
2020-08-21 23:00:00,41.23,100.0,27.92,8,21,234,34,5,2020,1,0,0
2020-08-22 00:00:00,33.65,100.0,28.09,8,22,235,34,6,2020,1,0,0
2020-08-22 01:00:00,33.36,100.0,27.9,8,22,235,34,6,2020,1,0,0
2020-08-22 02:00:00,31.62,100.0,27.93,8,22,235,34,6,2020,1,0,0
2020-08-22 03:00:00,30.88,100.0,28.04,8,22,235,34,6,2020,1,0,0
2020-08-22 04:00:00,36.13,100.0,28.08,8,22,235,34,6,2020,1,0,0
2020-08-22 05:00:00,42.28,100.0,28.08,8,22,235,34,6,2020,1,0,0
2020-08-22 06:00:00,42.53,100.0,27.63,8,22,235,34,6,2020,1,0,0
2020-08-22 07:00:00,30.03,100.0,26.42,8,22,235,34,6,2020,1,0,0
2020-08-22 08:00:00,29.93,100.0,25.99,8,22,235,34,6,2020,1,0,0
2020-08-22 09:00:00,28.68,100.0,26.92,8,22,235,34,6,2020,1,0,0
2020-08-22 10:00:00,31.12,100.0,28.1,8,22,235,34,6,2020,1,0,0
2020-08-22 11:00:00,31.53,94.47,30.43,8,22,235,34,6,2020,1,0,0
2020-08-22 12:00:00,33.31,89.02,31.65,8,22,235,34,6,2020,1,0,0
2020-08-22 13:00:00,33.87,86.23,32.07,8,22,235,34,6,2020,1,0,0
2020-08-22 14:00:00,33.86,84.79,32.28,8,22,235,34,6,2020,1,0,0
2020-08-22 15:00:00,32.23,81.61,32.99,8,22,235,34,6,2020,1,0,0
2020-08-22 16:00:00,32.8,82.32,32.71,8,22,235,34,6,2020,1,0,0
2020-08-22 17:00:00,32.93,82.22,32.64,8,22,235,34,6,2020,1,0,0
2020-08-22 18:00:00,37.26,88.62,31.55,8,22,235,34,6,2020,1,0,0
2020-08-22 19:00:00,39.7,100.0,27.41,8,22,235,34,6,2020,1,0,0
2020-08-22 20:00:00,44.83,100.0,28.03,8,22,235,34,6,2020,1,0,0
2020-08-22 21:00:00,43.13,100.0,28.16,8,22,235,34,6,2020,1,0,0
2020-08-22 22:00:00,42.03,100.0,28.21,8,22,235,34,6,2020,1,0,0
2020-08-22 23:00:00,39.05,100.0,28.33,8,22,235,34,6,2020,1,0,0
2020-08-23 00:00:00,37.72,100.0,28.39,8,23,236,34,7,2020,1,0,0
2020-08-23 01:00:00,40.5,100.0,28.32,8,23,236,34,7,2020,1,0,0
2020-08-23 02:00:00,42.34,100.0,28.23,8,23,236,34,7,2020,1,0,0
2020-08-23 03:00:00,43.18,100.0,28.14,8,23,236,34,7,2020,1,0,0
2020-08-23 04:00:00,42.43,100.0,28.04,8,23,236,34,7,2020,1,0,0
2020-08-23 05:00:00,44.88,100.0,27.94,8,23,236,34,7,2020,1,0,0
2020-08-23 06:00:00,47.11,100.0,28.01,8,23,236,34,7,2020,1,0,0
2020-08-23 07:00:00,53.48,100.0,28.35,8,23,236,34,7,2020,1,0,0
2020-08-23 08:00:00,47.34,99.98,29.4,8,23,236,34,7,2020,1,0,0
2020-08-23 09:00:00,37.63,95.65,30.84,8,23,236,34,7,2020,1,0,0
2020-08-23 10:00:00,30.88,90.98,31.26,8,23,236,34,7,2020,1,0,0
2020-08-23 11:00:00,31.49,85.68,32.23,8,23,236,34,7,2020,1,0,0
2020-08-23 12:00:00,31.61,81.18,33.13,8,23,236,34,7,2020,1,0,0
2020-08-23 13:00:00,27.93,73.86,34.87,8,23,236,34,7,2020,1,0,0
2020-08-23 14:00:00,29.18,75.91,34.37,8,23,236,34,7,2020,1,0,0
2020-08-23 15:00:00,27.73,77.59,34.21,8,23,236,34,7,2020,1,0,0
2020-08-23 16:00:00,30.28,79.91,33.79,8,23,236,34,7,2020,1,0,0
2020-08-23 17:00:00,33.17,80.34,33.68,8,23,236,34,7,2020,1,0,0
2020-08-23 18:00:00,30.38,82.13,33.36,8,23,236,34,7,2020,1,0,0
2020-08-23 19:00:00,33.28,87.04,32.7,8,23,236,34,7,2020,1,0,0
2020-08-23 20:00:00,40.66,92.85,31.68,8,23,236,34,7,2020,1,0,0
2020-08-23 21:00:00,33.19,94.61,31.28,8,23,236,34,7,2020,1,0,0
2020-08-23 22:00:00,32.73,95.73,31.0,8,23,236,34,7,2020,1,0,0
2020-08-23 23:00:00,36.12,97.08,30.68,8,23,236,34,7,2020,1,0,0
2020-08-24 00:00:00,35.09,98.83,30.45,8,24,237,35,1,2020,0,0,0
2020-08-24 01:00:00,35.17,99.92,30.16,8,24,237,35,1,2020,0,0,0
2020-08-24 02:00:00,35.23,100.0,30.08,8,24,237,35,1,2020,0,0,0
2020-08-24 03:00:00,34.71,100.0,29.72,8,24,237,35,1,2020,0,0,0
2020-08-24 04:00:00,35.95,100.0,29.28,8,24,237,35,1,2020,0,0,0
2020-08-24 05:00:00,37.33,100.0,29.01,8,24,237,35,1,2020,0,0,0
2020-08-24 06:00:00,33.48,100.0,29.16,8,24,237,35,1,2020,0,0,0
2020-08-24 07:00:00,36.06,100.0,29.44,8,24,237,35,1,2020,0,0,0
2020-08-24 08:00:00,34.28,99.35,30.5,8,24,237,35,1,2020,0,0,0
2020-08-24 09:00:00,35.07,93.78,31.66,8,24,237,35,1,2020,0,0,0
2020-08-24 10:00:00,36.96,90.12,32.63,8,24,237,35,1,2020,0,0,0
2020-08-24 11:00:00,37.6,83.74,33.87,8,24,237,35,1,2020,0,0,0
2020-08-24 12:00:00,36.33,79.38,34.77,8,24,237,35,1,2020,0,0,0
2020-08-24 13:00:00,34.96,78.12,34.99,8,24,237,35,1,2020,0,0,0
2020-08-24 14:00:00,31.44,75.63,35.2,8,24,237,35,1,2020,0,0,0
2020-08-24 15:00:00,30.14,75.58,35.03,8,24,237,35,1,2020,0,0,0
2020-08-24 16:00:00,31.3,77.22,34.73,8,24,237,35,1,2020,0,0,0
2020-08-24 17:00:00,35.18,78.23,34.72,8,24,237,35,1,2020,0,0,0
2020-08-24 18:00:00,42.03,81.33,34.58,8,24,237,35,1,2020,0,0,0
2020-08-24 19:00:00,43.22,97.0,30.76,8,24,237,35,1,2020,0,0,0
2020-08-24 20:00:00,32.7,100.0,29.11,8,24,237,35,1,2020,0,0,0
2020-08-24 21:00:00,26.05,99.83,28.33,8,24,237,35,1,2020,0,0,0
2020-08-24 22:00:00,23.59,99.19,27.66,8,24,237,35,1,2020,0,0,0
2020-08-24 23:00:00,24.53,99.87,27.83,8,24,237,35,1,2020,0,0,0
2020-08-25 00:00:00,25.77,99.66,28.02,8,25,238,35,2,2020,0,0,0
2020-08-25 01:00:00,23.96,99.88,28.03,8,25,238,35,2,2020,0,0,0
2020-08-25 02:00:00,24.18,100.0,28.07,8,25,238,35,2,2020,0,0,0
2020-08-25 03:00:00,24.29,100.0,28.05,8,25,238,35,2,2020,0,0,0
2020-08-25 04:00:00,24.6,100.0,28.14,8,25,238,35,2,2020,0,0,0
2020-08-25 05:00:00,32.61,100.0,27.78,8,25,238,35,2,2020,0,0,0
2020-08-25 06:00:00,39.43,100.0,27.98,8,25,238,35,2,2020,0,0,0
2020-08-25 07:00:00,38.03,100.0,28.25,8,25,238,35,2,2020,0,0,0
2020-08-25 08:00:00,35.89,98.81,28.89,8,25,238,35,2,2020,0,0,0
2020-08-25 09:00:00,33.13,92.43,29.84,8,25,238,35,2,2020,0,0,0
2020-08-25 10:00:00,35.93,88.07,31.28,8,25,238,35,2,2020,0,0,0
2020-08-25 11:00:00,33.91,83.06,32.78,8,25,238,35,2,2020,0,0,0
2020-08-25 12:00:00,31.18,77.01,34.46,8,25,238,35,2,2020,0,0,0
2020-08-25 13:00:00,31.96,72.2,36.2,8,25,238,35,2,2020,0,0,0
2020-08-25 14:00:00,30.09,72.58,35.71,8,25,238,35,2,2020,0,0,0
2020-08-25 15:00:00,29.87,72.9,35.13,8,25,238,35,2,2020,0,0,0
2020-08-25 16:00:00,27.38,70.6,35.12,8,25,238,35,2,2020,0,0,0
2020-08-25 17:00:00,27.29,72.38,34.78,8,25,238,35,2,2020,0,0,0
2020-08-25 18:00:00,28.56,80.28,32.94,8,25,238,35,2,2020,0,0,0
2020-08-25 19:00:00,25.76,83.28,31.4,8,25,238,35,2,2020,0,0,0
2020-08-25 20:00:00,25.88,85.16,31.13,8,25,238,35,2,2020,0,0,0
2020-08-25 21:00:00,25.96,88.16,31.02,8,25,238,35,2,2020,0,0,0
2020-08-25 22:00:00,25.44,88.07,31.15,8,25,238,35,2,2020,0,0,0
2020-08-25 23:00:00,28.03,91.53,30.94,8,25,238,35,2,2020,0,0,0
2020-08-26 00:00:00,27.99,94.13,30.64,8,26,239,35,3,2020,0,0,0
2020-08-26 01:00:00,36.48,94.74,30.41,8,26,239,35,3,2020,0,0,0
2020-08-26 02:00:00,37.8,95.05,30.08,8,26,239,35,3,2020,0,0,0
2020-08-26 03:00:00,39.82,92.96,29.81,8,26,239,35,3,2020,0,0,0
2020-08-26 04:00:00,41.07,94.5,29.68,8,26,239,35,3,2020,0,0,0
2020-08-26 05:00:00,41.02,98.41,29.31,8,26,239,35,3,2020,0,0,0
2020-08-26 06:00:00,40.28,99.93,28.88,8,26,239,35,3,2020,0,0,0
2020-08-26 07:00:00,35.91,98.56,29.4,8,26,239,35,3,2020,0,0,0
2020-08-26 08:00:00,39.15,95.35,30.61,8,26,239,35,3,2020,0,0,0
2020-08-26 09:00:00,35.58,87.78,31.94,8,26,239,35,3,2020,0,0,0
2020-08-26 10:00:00,30.39,81.76,33.28,8,26,239,35,3,2020,0,0,0
2020-08-26 11:00:00,27.63,75.8,34.58,8,26,239,35,3,2020,0,0,0
2020-08-26 12:00:00,26.49,71.26,36.01,8,26,239,35,3,2020,0,0,0
2020-08-26 13:00:00,26.51,69.37,36.96,8,26,239,35,3,2020,0,0,0
2020-08-26 14:00:00,26.67,70.02,36.53,8,26,239,35,3,2020,0,0,0
2020-08-26 15:00:00,27.29,69.95,36.3,8,26,239,35,3,2020,0,0,0
2020-08-26 16:00:00,26.5,66.64,36.07,8,26,239,35,3,2020,0,0,0
2020-08-26 17:00:00,25.68,60.88,36.05,8,26,239,35,3,2020,0,0,0
2020-08-26 18:00:00,27.63,62.65,35.65,8,26,239,35,3,2020,0,0,0
2020-08-26 19:00:00,34.02,69.61,34.92,8,26,239,35,3,2020,0,0,0
2020-08-26 20:00:00,43.27,74.99,34.23,8,26,239,35,3,2020,0,0,0
2020-08-26 21:00:00,50.79,82.17,33.74,8,26,239,35,3,2020,0,0,0
2020-08-26 22:00:00,56.78,98.17,32.17,8,26,239,35,3,2020,0,0,0
2020-08-26 23:00:00,39.8,97.97,31.56,8,26,239,35,3,2020,0,0,0
2020-08-27 00:00:00,34.52,95.93,30.98,8,27,240,35,4,2020,0,0,0
2020-08-27 01:00:00,31.15,95.63,30.66,8,27,240,35,4,2020,0,0,0
2020-08-27 02:00:00,32.96,97.74,30.5,8,27,240,35,4,2020,0,0,0
2020-08-27 03:00:00,50.86,99.77,30.3,8,27,240,35,4,2020,0,0,0
2020-08-27 04:00:00,52.03,100.0,30.15,8,27,240,35,4,2020,0,0,0
2020-08-27 05:00:00,64.75,100.0,30.22,8,27,240,35,4,2020,0,0,0
2020-08-27 06:00:00,74.23,100.0,30.08,8,27,240,35,4,2020,0,0,0
2020-08-27 07:00:00,51.89,99.52,30.14,8,27,240,35,4,2020,0,0,0
2020-08-27 08:00:00,43.65,95.91,30.89,8,27,240,35,4,2020,0,0,0
2020-08-27 09:00:00,43.83,90.44,32.2,8,27,240,35,4,2020,0,0,0
2020-08-27 10:00:00,47.36,85.97,33.58,8,27,240,35,4,2020,0,0,0
2020-08-27 11:00:00,51.8,82.73,34.73,8,27,240,35,4,2020,0,0,0
2020-08-27 12:00:00,43.43,76.51,36.13,8,27,240,35,4,2020,0,0,0
2020-08-27 13:00:00,38.12,73.08,36.73,8,27,240,35,4,2020,0,0,0
2020-08-27 14:00:00,38.21,75.28,36.13,8,27,240,35,4,2020,0,0,0
2020-08-27 15:00:00,40.96,74.73,35.86,8,27,240,35,4,2020,0,0,0
2020-08-27 16:00:00,46.14,75.23,36.06,8,27,240,35,4,2020,0,0,0
2020-08-27 17:00:00,43.08,73.75,35.88,8,27,240,35,4,2020,0,0,0
2020-08-27 18:00:00,45.66,74.07,35.61,8,27,240,35,4,2020,0,0,0
2020-08-27 19:00:00,41.56,83.46,34.65,8,27,240,35,4,2020,0,0,0
2020-08-27 20:00:00,38.76,84.06,33.68,8,27,240,35,4,2020,0,0,0
2020-08-27 21:00:00,40.87,87.92,33.08,8,27,240,35,4,2020,0,0,0
2020-08-27 22:00:00,39.34,91.03,32.59,8,27,240,35,4,2020,0,0,0
2020-08-27 23:00:00,39.18,95.88,32.01,8,27,240,35,4,2020,0,0,0
2020-08-28 00:00:00,40.19,99.25,31.58,8,28,241,35,5,2020,1,0,0
2020-08-28 01:00:00,41.82,100.0,30.87,8,28,241,35,5,2020,1,0,0
2020-08-28 02:00:00,39.07,100.0,30.73,8,28,241,35,5,2020,1,0,0
2020-08-28 03:00:00,36.08,100.0,30.69,8,28,241,35,5,2020,1,0,0
2020-08-28 04:00:00,34.49,100.0,30.64,8,28,241,35,5,2020,1,0,0
2020-08-28 05:00:00,35.22,100.0,30.58,8,28,241,35,5,2020,1,0,0
2020-08-28 06:00:00,46.59,100.0,30.45,8,28,241,35,5,2020,1,0,0
2020-08-28 07:00:00,50.9,100.0,30.63,8,28,241,35,5,2020,1,0,0
2020-08-28 08:00:00,47.71,99.91,31.5,8,28,241,35,5,2020,1,0,0
2020-08-28 09:00:00,33.72,95.48,32.58,8,28,241,35,5,2020,1,0,0
2020-08-28 10:00:00,32.0,88.17,34.06,8,28,241,35,5,2020,1,0,0
2020-08-28 11:00:00,40.83,86.31,34.74,8,28,241,35,5,2020,1,0,0
2020-08-28 12:00:00,36.03,85.21,34.87,8,28,241,35,5,2020,1,0,0
2020-08-28 13:00:00,33.44,84.12,35.02,8,28,241,35,5,2020,1,0,0
2020-08-28 14:00:00,31.99,81.86,35.55,8,28,241,35,5,2020,1,0,0
2020-08-28 15:00:00,29.64,81.73,35.43,8,28,241,35,5,2020,1,0,0
2020-08-28 16:00:00,35.03,99.18,31.42,8,28,241,35,5,2020,1,0,0
2020-08-28 17:00:00,37.08,99.73,31.06,8,28,241,35,5,2020,1,0,0
2020-08-28 18:00:00,36.85,99.12,29.93,8,28,241,35,5,2020,1,0,0
2020-08-28 19:00:00,39.75,96.03,30.83,8,28,241,35,5,2020,1,0,0
2020-08-28 20:00:00,36.96,99.65,31.5,8,28,241,35,5,2020,1,0,0
2020-08-28 21:00:00,33.04,100.0,31.61,8,28,241,35,5,2020,1,0,0
2020-08-28 22:00:00,33.72,100.0,31.57,8,28,241,35,5,2020,1,0,0
2020-08-28 23:00:00,35.3,100.0,31.28,8,28,241,35,5,2020,1,0,0
2020-08-29 00:00:00,34.73,100.0,31.04,8,29,242,35,6,2020,1,0,0
2020-08-29 01:00:00,33.95,100.0,30.65,8,29,242,35,6,2020,1,0,0
2020-08-29 02:00:00,31.83,100.0,30.42,8,29,242,35,6,2020,1,0,0
2020-08-29 03:00:00,33.8,100.0,30.38,8,29,242,35,6,2020,1,0,0
2020-08-29 04:00:00,49.17,100.0,30.32,8,29,242,35,6,2020,1,0,0
2020-08-29 05:00:00,40.3,100.0,30.23,8,29,242,35,6,2020,1,0,0
2020-08-29 06:00:00,39.67,100.0,30.08,8,29,242,35,6,2020,1,0,0
2020-08-29 07:00:00,39.95,100.0,30.22,8,29,242,35,6,2020,1,0,0
2020-08-29 08:00:00,39.5,100.0,30.88,8,29,242,35,6,2020,1,0,0
2020-08-29 09:00:00,40.33,97.32,32.24,8,29,242,35,6,2020,1,0,0
2020-08-29 10:00:00,37.52,91.71,33.39,8,29,242,35,6,2020,1,0,0
2020-08-29 11:00:00,33.81,83.87,34.61,8,29,242,35,6,2020,1,0,0
2020-08-29 12:00:00,31.06,77.56,35.95,8,29,242,35,6,2020,1,0,0
2020-08-29 13:00:00,30.23,73.93,36.63,8,29,242,35,6,2020,1,0,0
2020-08-29 14:00:00,29.79,75.28,35.95,8,29,242,35,6,2020,1,0,0
2020-08-29 15:00:00,28.23,75.11,36.02,8,29,242,35,6,2020,1,0,0
2020-08-29 16:00:00,28.7,77.42,35.63,8,29,242,35,6,2020,1,0,0
2020-08-29 17:00:00,31.58,81.11,34.93,8,29,242,35,6,2020,1,0,0
2020-08-29 18:00:00,34.52,85.42,34.22,8,29,242,35,6,2020,1,0,0
2020-08-29 19:00:00,34.41,87.49,33.18,8,29,242,35,6,2020,1,0,0
2020-08-29 20:00:00,37.3,90.23,32.6,8,29,242,35,6,2020,1,0,0
2020-08-29 21:00:00,32.52,87.94,32.32,8,29,242,35,6,2020,1,0,0
2020-08-29 22:00:00,33.05,85.59,32.11,8,29,242,35,6,2020,1,0,0
2020-08-29 23:00:00,33.36,90.09,31.58,8,29,242,35,6,2020,1,0,0
2020-08-30 00:00:00,31.95,93.7,31.26,8,30,243,35,7,2020,1,0,0
2020-08-30 01:00:00,31.64,96.08,30.95,8,30,243,35,7,2020,1,0,0
2020-08-30 02:00:00,36.28,99.36,30.48,8,30,243,35,7,2020,1,0,0
2020-08-30 03:00:00,38.18,100.0,30.07,8,30,243,35,7,2020,1,0,0
2020-08-30 04:00:00,42.4,100.0,29.91,8,30,243,35,7,2020,1,0,0
2020-08-30 05:00:00,45.84,100.0,29.81,8,30,243,35,7,2020,1,0,0
2020-08-30 06:00:00,42.09,100.0,29.71,8,30,243,35,7,2020,1,0,0
2020-08-30 07:00:00,40.28,100.0,30.23,8,30,243,35,7,2020,1,0,0
2020-08-30 08:00:00,37.12,99.28,30.93,8,30,243,35,7,2020,1,0,0
2020-08-30 09:00:00,31.94,91.49,32.16,8,30,243,35,7,2020,1,0,0
2020-08-30 10:00:00,37.06,85.35,33.39,8,30,243,35,7,2020,1,0,0
2020-08-30 11:00:00,35.34,79.21,34.75,8,30,243,35,7,2020,1,0,0
2020-08-30 12:00:00,38.0,78.78,35.19,8,30,243,35,7,2020,1,0,0
2020-08-30 13:00:00,42.35,78.28,35.02,8,30,243,35,7,2020,1,0,0
2020-08-30 14:00:00,42.52,80.58,34.08,8,30,243,35,7,2020,1,0,0
2020-08-30 15:00:00,42.17,79.39,34.79,8,30,243,35,7,2020,1,0,0
2020-08-30 16:00:00,41.43,78.26,34.68,8,30,243,35,7,2020,1,0,0
2020-08-30 17:00:00,41.18,81.06,33.74,8,30,243,35,7,2020,1,0,0
2020-08-30 18:00:00,40.53,80.71,33.83,8,30,243,35,7,2020,1,0,0
2020-08-30 19:00:00,42.33,83.04,33.5,8,30,243,35,7,2020,1,0,0
2020-08-30 20:00:00,44.87,89.18,33.24,8,30,243,35,7,2020,1,0,0
2020-08-30 21:00:00,42.08,92.73,32.57,8,30,243,35,7,2020,1,0,0
2020-08-30 22:00:00,38.71,93.13,32.2,8,30,243,35,7,2020,1,0,0
2020-08-30 23:00:00,36.44,94.43,31.76,8,30,243,35,7,2020,1,0,0
2020-08-31 00:00:00,31.77,94.22,31.53,8,31,244,36,1,2020,0,0,1
2020-08-31 01:00:00,31.83,96.36,31.23,8,31,244,36,1,2020,0,0,1
2020-08-31 02:00:00,36.0,97.54,31.04,8,31,244,36,1,2020,0,0,1
2020-08-31 03:00:00,38.26,100.0,30.57,8,31,244,36,1,2020,0,0,1
2020-08-31 04:00:00,38.6,99.93,30.59,8,31,244,36,1,2020,0,0,1
2020-08-31 05:00:00,38.94,100.0,30.49,8,31,244,36,1,2020,0,0,1
2020-08-31 06:00:00,38.89,100.0,30.28,8,31,244,36,1,2020,0,0,1
2020-08-31 07:00:00,38.29,100.0,30.45,8,31,244,36,1,2020,0,0,1
2020-08-31 08:00:00,36.46,99.37,31.02,8,31,244,36,1,2020,0,0,1
2020-08-31 09:00:00,35.12,94.35,32.02,8,31,244,36,1,2020,0,0,1
2020-08-31 10:00:00,37.43,88.28,32.79,8,31,244,36,1,2020,0,0,1
2020-08-31 11:00:00,34.74,83.28,33.21,8,31,244,36,1,2020,0,0,1
2020-08-31 12:00:00,40.61,79.73,33.68,8,31,244,36,1,2020,0,0,1
2020-08-31 13:00:00,40.35,69.54,35.69,8,31,244,36,1,2020,0,0,1
2020-08-31 14:00:00,35.23,67.91,35.77,8,31,244,36,1,2020,0,0,1
2020-08-31 15:00:00,36.79,68.35,35.33,8,31,244,36,1,2020,0,0,1
2020-08-31 16:00:00,46.77,75.41,34.78,8,31,244,36,1,2020,0,0,1
2020-08-31 17:00:00,47.31,80.98,34.03,8,31,244,36,1,2020,0,0,1
2020-08-31 18:00:00,48.83,84.66,33.17,8,31,244,36,1,2020,0,0,1
2020-08-31 19:00:00,46.75,81.53,32.58,8,31,244,36,1,2020,0,0,1
2020-08-31 20:00:00,45.26,79.78,32.27,8,31,244,36,1,2020,0,0,1
2020-08-31 21:00:00,47.12,77.62,32.22,8,31,244,36,1,2020,0,0,1
2020-08-31 22:00:00,44.6,79.25,31.96,8,31,244,36,1,2020,0,0,1
2020-08-31 23:00:00,35.44,82.5,31.26,8,31,244,36,1,2020,0,0,1
2020-01-09 00:00:00,36.01,86.03,30.88,1,9,9,2,4,2020,0,0,0
2020-01-09 01:00:00,34.48,86.94,30.63,1,9,9,2,4,2020,0,0,0
2020-01-09 02:00:00,36.17,84.94,30.0,1,9,9,2,4,2020,0,0,0
2020-01-09 03:00:00,29.88,83.28,29.07,1,9,9,2,4,2020,0,0,0
2020-01-09 04:00:00,31.23,86.21,28.86,1,9,9,2,4,2020,0,0,0
2020-01-09 05:00:00,32.98,85.28,28.98,1,9,9,2,4,2020,0,0,0
2020-01-09 06:00:00,37.16,88.2,29.1,1,9,9,2,4,2020,0,0,0
2020-01-09 07:00:00,34.96,92.43,29.12,1,9,9,2,4,2020,0,0,0
2020-01-09 08:00:00,34.65,90.14,30.08,1,9,9,2,4,2020,0,0,0
2020-01-09 09:00:00,35.13,86.9,31.13,1,9,9,2,4,2020,0,0,0
2020-01-09 10:00:00,36.51,81.23,32.45,1,9,9,2,4,2020,0,0,0
2020-01-09 11:00:00,35.83,76.29,33.65,1,9,9,2,4,2020,0,0,0
2020-01-09 12:00:00,36.64,71.42,35.2,1,9,9,2,4,2020,0,0,0
2020-01-09 13:00:00,36.06,68.15,36.43,1,9,9,2,4,2020,0,0,0
2020-01-09 14:00:00,36.77,68.08,36.45,1,9,9,2,4,2020,0,0,0
2020-01-09 15:00:00,37.82,67.23,36.07,1,9,9,2,4,2020,0,0,0
2020-01-09 16:00:00,38.35,66.86,35.86,1,9,9,2,4,2020,0,0,0
2020-01-09 17:00:00,39.22,64.14,35.96,1,9,9,2,4,2020,0,0,0
2020-01-09 18:00:00,40.37,64.49,35.49,1,9,9,2,4,2020,0,0,0
2020-01-09 19:00:00,44.25,69.15,34.78,1,9,9,2,4,2020,0,0,0
2020-01-09 20:00:00,53.33,73.84,34.17,1,9,9,2,4,2020,0,0,0
2020-01-09 21:00:00,86.06,83.21,33.13,1,9,9,2,4,2020,0,0,0
2020-01-09 22:00:00,81.42,83.1,32.78,1,9,9,2,4,2020,0,0,0
2020-01-09 23:00:00,73.31,83.18,32.36,1,9,9,2,4,2020,0,0,0
2020-02-09 00:00:00,71.42,84.45,32.11,2,9,40,6,7,2020,1,0,0
2020-02-09 01:00:00,80.29,88.82,31.64,2,9,40,6,7,2020,1,0,0
2020-02-09 02:00:00,83.35,90.45,31.42,2,9,40,6,7,2020,1,0,0
2020-02-09 03:00:00,85.58,91.36,31.27,2,9,40,6,7,2020,1,0,0
2020-02-09 04:00:00,93.96,92.68,31.01,2,9,40,6,7,2020,1,0,0
2020-02-09 05:00:00,101.68,93.73,30.91,2,9,40,6,7,2020,1,0,0
2020-02-09 06:00:00,84.53,93.36,30.58,2,9,40,6,7,2020,1,0,0
2020-02-09 07:00:00,66.88,94.75,30.48,2,9,40,6,7,2020,1,0,0
2020-02-09 08:00:00,80.21,95.63,31.05,2,9,40,6,7,2020,1,0,0
2020-02-09 09:00:00,82.53,88.57,32.23,2,9,40,6,7,2020,1,0,0
2020-02-09 10:00:00,87.43,85.23,33.48,2,9,40,6,7,2020,1,0,0
2020-02-09 11:00:00,85.51,81.29,34.76,2,9,40,6,7,2020,1,0,0
2020-02-09 12:00:00,78.75,79.54,35.44,2,9,40,6,7,2020,1,0,0
2020-02-09 13:00:00,65.78,71.55,36.86,2,9,40,6,7,2020,1,0,0
2020-02-09 14:00:00,60.66,71.38,36.66,2,9,40,6,7,2020,1,0,0
2020-02-09 15:00:00,62.84,74.28,35.9,2,9,40,6,7,2020,1,0,0
2020-02-09 16:00:00,61.54,74.33,34.87,2,9,40,6,7,2020,1,0,0
2020-02-09 17:00:00,58.93,72.95,35.38,2,9,40,6,7,2020,1,0,0
2020-02-09 18:00:00,62.09,73.65,35.4,2,9,40,6,7,2020,1,0,0
2020-02-09 19:00:00,65.29,76.45,34.58,2,9,40,6,7,2020,1,0,0
2020-02-09 20:00:00,63.79,81.15,33.17,2,9,40,6,7,2020,1,0,0
2020-02-09 21:00:00,77.41,86.66,33.15,2,9,40,6,7,2020,1,0,0
2020-02-09 22:00:00,74.86,87.99,32.99,2,9,40,6,7,2020,1,0,0
2020-02-09 23:00:00,83.08,92.72,32.5,2,9,40,6,7,2020,1,0,0
2020-03-09 00:00:00,83.2,96.16,32.11,3,9,69,11,1,2020,0,0,0
2020-03-09 01:00:00,93.33,99.67,31.5,3,9,69,11,1,2020,0,0,0
2020-03-09 02:00:00,95.73,100.0,31.23,3,9,69,11,1,2020,0,0,0
2020-03-09 03:00:00,91.78,100.0,31.1,3,9,69,11,1,2020,0,0,0
2020-03-09 04:00:00,89.38,100.0,31.03,3,9,69,11,1,2020,0,0,0
2020-03-09 05:00:00,100.23,99.94,30.78,3,9,69,11,1,2020,0,0,0
2020-03-09 06:00:00,97.53,98.29,30.61,3,9,69,11,1,2020,0,0,0
2020-03-09 07:00:00,83.18,96.6,30.81,3,9,69,11,1,2020,0,0,0
2020-03-09 08:00:00,80.62,94.47,31.1,3,9,69,11,1,2020,0,0,0
2020-03-09 09:00:00,80.56,92.54,31.92,3,9,69,11,1,2020,0,0,0
2020-03-09 10:00:00,86.71,89.24,32.99,3,9,69,11,1,2020,0,0,0
2020-03-09 11:00:00,84.73,85.28,34.38,3,9,69,11,1,2020,0,0,0
2020-03-09 12:00:00,75.99,80.04,35.33,3,9,69,11,1,2020,0,0,0
2020-03-09 13:00:00,64.3,76.13,34.76,3,9,69,11,1,2020,0,0,0
2020-03-09 14:00:00,63.32,72.89,35.37,3,9,69,11,1,2020,0,0,0
2020-03-09 15:00:00,70.78,73.19,35.73,3,9,69,11,1,2020,0,0,0
2020-03-09 16:00:00,68.03,73.3,35.38,3,9,69,11,1,2020,0,0,0
2020-03-09 17:00:00,67.45,74.08,34.93,3,9,69,11,1,2020,0,0,0
2020-03-09 18:00:00,69.08,74.34,35.04,3,9,69,11,1,2020,0,0,0
2020-03-09 19:00:00,76.75,81.9,33.79,3,9,69,11,1,2020,0,0,0
2020-03-09 20:00:00,67.03,83.37,33.03,3,9,69,11,1,2020,0,0,0
2020-03-09 21:00:00,60.21,83.43,33.08,3,9,69,11,1,2020,0,0,0
2020-03-09 22:00:00,64.29,87.76,32.75,3,9,69,11,1,2020,0,0,0
2020-03-09 23:00:00,66.32,91.33,32.25,3,9,69,11,1,2020,0,0,0
2020-04-09 00:00:00,56.3,92.3,32.0,4,9,100,15,4,2020,0,0,0
2020-04-09 01:00:00,55.2,92.8,31.7,4,9,100,15,4,2020,0,0,0
2020-04-09 02:00:00,56.6,94.4,31.5,4,9,100,15,4,2020,0,0,0
2020-04-09 03:00:00,64.8,97.5,31.2,4,9,100,15,4,2020,0,0,0
2020-04-09 04:00:00,67.3,99.5,30.9,4,9,100,15,4,2020,0,0,0
2020-04-09 05:00:00,62.7,98.7,30.9,4,9,100,15,4,2020,0,0,0
2020-04-09 06:00:00,76.8,100.0,30.7,4,9,100,15,4,2020,0,0,0
2020-04-09 07:00:00,72.2,98.7,31.3,4,9,100,15,4,2020,0,0,0
2020-04-09 08:00:00,63.6,93.4,32.2,4,9,100,15,4,2020,0,0,0
2020-04-09 09:00:00,54.9,86.9,33.1,4,9,100,15,4,2020,0,0,0
2020-04-09 10:00:00,53.9,80.5,33.8,4,9,100,15,4,2020,0,0,0
2020-04-09 11:00:00,57.7,79.2,33.9,4,9,100,15,4,2020,0,0,0
2020-04-09 12:00:00,55.6,76.3,34.6,4,9,100,15,4,2020,0,0,0
2020-04-09 13:00:00,53.6,73.9,35.1,4,9,100,15,4,2020,0,0,0
2020-04-09 14:00:00,55.3,74.1,35.3,4,9,100,15,4,2020,0,0,0
2020-04-09 15:00:00,59.0,76.5,34.7,4,9,100,15,4,2020,0,0,0
2020-04-09 16:00:00,52.0,77.5,33.9,4,9,100,15,4,2020,0,0,0
2020-04-09 17:00:00,46.9,84.7,32.9,4,9,100,15,4,2020,0,0,0
2020-04-09 18:00:00,47.4,85.0,32.6,4,9,100,15,4,2020,0,0,0
2020-04-09 19:00:00,67.4,91.8,32.2,4,9,100,15,4,2020,0,0,0
2020-04-09 20:00:00,62.5,92.3,32.0,4,9,100,15,4,2020,0,0,0
2020-04-09 21:00:00,54.3,91.7,31.9,4,9,100,15,4,2020,0,0,0
2020-04-09 22:00:00,50.4,91.5,32.0,4,9,100,15,4,2020,0,0,0
2020-04-09 23:00:00,59.1,93.5,31.7,4,9,100,15,4,2020,0,0,0
2020-05-09 00:00:00,62.0,95.6,31.4,5,9,130,19,6,2020,1,0,0
2020-05-09 01:00:00,59.2,96.3,31.2,5,9,130,19,6,2020,1,0,0
2020-05-09 02:00:00,55.0,97.9,30.9,5,9,130,19,6,2020,1,0,0
2020-05-09 03:00:00,57.2,99.9,30.4,5,9,130,19,6,2020,1,0,0
2020-05-09 04:00:00,59.7,100.0,29.9,5,9,130,19,6,2020,1,0,0
2020-05-09 05:00:00,58.1,100.0,29.8,5,9,130,19,6,2020,1,0,0
2020-05-09 06:00:00,50.3,100.0,29.8,5,9,130,19,6,2020,1,0,0
2020-05-09 07:00:00,44.4,99.8,30.3,5,9,130,19,6,2020,1,0,0
2020-05-09 08:00:00,38.0,93.9,31.7,5,9,130,19,6,2020,1,0,0
2020-05-09 09:00:00,39.6,88.0,32.9,5,9,130,19,6,2020,1,0,0
2020-05-09 10:00:00,37.0,80.4,34.4,5,9,130,19,6,2020,1,0,0
2020-05-09 11:00:00,36.7,75.3,35.2,5,9,130,19,6,2020,1,0,0
2020-05-09 12:00:00,35.5,74.7,35.2,5,9,130,19,6,2020,1,0,0
2020-05-09 13:00:00,33.2,72.8,35.7,5,9,130,19,6,2020,1,0,0
2020-05-09 14:00:00,32.9,71.4,35.9,5,9,130,19,6,2020,1,0,0
2020-05-09 15:00:00,34.3,73.1,35.9,5,9,130,19,6,2020,1,0,0
2020-05-09 16:00:00,35.2,73.6,35.7,5,9,130,19,6,2020,1,0,0
2020-05-09 17:00:00,35.1,74.6,35.3,5,9,130,19,6,2020,1,0,0
2020-05-09 18:00:00,37.7,80.0,34.7,5,9,130,19,6,2020,1,0,0
2020-05-09 19:00:00,40.6,84.7,33.7,5,9,130,19,6,2020,1,0,0
2020-05-09 20:00:00,43.7,85.2,33.2,5,9,130,19,6,2020,1,0,0
2020-05-09 21:00:00,45.5,89.2,32.8,5,9,130,19,6,2020,1,0,0
2020-05-09 22:00:00,40.5,91.5,32.5,5,9,130,19,6,2020,1,0,0
2020-05-09 23:00:00,37.4,94.6,32.1,5,9,130,19,6,2020,1,0,0
2020-06-09 00:00:00,32.9,96.1,31.7,6,9,161,24,2,2020,0,0,0
2020-06-09 01:00:00,35.4,97.9,31.4,6,9,161,24,2,2020,0,0,0
2020-06-09 02:00:00,39.0,99.9,30.9,6,9,161,24,2,2020,0,0,0
2020-06-09 03:00:00,38.3,100.0,30.5,6,9,161,24,2,2020,0,0,0
2020-06-09 04:00:00,37.2,100.0,30.3,6,9,161,24,2,2020,0,0,0
2020-06-09 05:00:00,37.7,100.0,30.4,6,9,161,24,2,2020,0,0,0
2020-06-09 06:00:00,35.6,100.0,30.4,6,9,161,24,2,2020,0,0,0
2020-06-09 07:00:00,33.8,100.0,30.7,6,9,161,24,2,2020,0,0,0
2020-06-09 08:00:00,34.2,96.4,31.5,6,9,161,24,2,2020,0,0,0
2020-06-09 09:00:00,37.9,90.5,32.8,6,9,161,24,2,2020,0,0,0
2020-06-09 10:00:00,41.6,84.6,34.2,6,9,161,24,2,2020,0,0,0
2020-06-09 11:00:00,37.2,81.5,35.2,6,9,161,24,2,2020,0,0,0
2020-06-09 12:00:00,36.9,78.4,35.8,6,9,161,24,2,2020,0,0,0
2020-06-09 13:00:00,36.8,77.2,35.7,6,9,161,24,2,2020,0,0,0
2020-06-09 14:00:00,36.6,75.1,36.3,6,9,161,24,2,2020,0,0,0
2020-06-09 15:00:00,35.4,76.9,36.1,6,9,161,24,2,2020,0,0,0
2020-06-09 16:00:00,36.6,78.0,35.9,6,9,161,24,2,2020,0,0,0
2020-06-09 17:00:00,37.9,80.0,35.6,6,9,161,24,2,2020,0,0,0
2020-06-09 18:00:00,40.1,86.7,34.6,6,9,161,24,2,2020,0,0,0
2020-06-09 19:00:00,42.1,99.3,32.6,6,9,161,24,2,2020,0,0,0
2020-06-09 20:00:00,38.4,97.9,32.5,6,9,161,24,2,2020,0,0,0
2020-06-09 21:00:00,27.3,90.8,30.2,6,9,161,24,2,2020,0,0,0
2020-06-09 22:00:00,27.7,92.2,30.1,6,9,161,24,2,2020,0,0,0
2020-06-09 23:00:00,27.1,90.4,29.8,6,9,161,24,2,2020,0,0,0
2020-07-09 00:00:00,26.0,96.8,28.9,7,9,191,28,4,2020,0,0,0
2020-07-09 01:00:00,25.9,93.7,28.9,7,9,191,28,4,2020,0,0,0
2020-07-09 02:00:00,26.6,93.5,29.2,7,9,191,28,4,2020,0,0,0
2020-07-09 03:00:00,26.9,94.3,29.3,7,9,191,28,4,2020,0,0,0
2020-07-09 04:00:00,27.0,94.1,29.4,7,9,191,28,4,2020,0,0,0
2020-07-09 05:00:00,27.3,95.8,28.2,7,9,191,28,4,2020,0,0,0
2020-07-09 06:00:00,27.6,100.0,27.1,7,9,191,28,4,2020,0,0,0
2020-07-09 07:00:00,31.9,100.0,27.2,7,9,191,28,4,2020,0,0,0
2020-07-09 08:00:00,34.6,100.0,26.7,7,9,191,28,4,2020,0,0,0
2020-07-09 09:00:00,25.7,100.0,26.1,7,9,191,28,4,2020,0,0,0
2020-07-09 10:00:00,25.7,100.0,26.1,7,9,191,28,4,2020,0,0,0
2020-07-09 11:00:00,27.2,100.0,26.4,7,9,191,28,4,2020,0,0,0
2020-07-09 12:00:00,27.2,100.0,27.3,7,9,191,28,4,2020,0,0,0
2020-07-09 13:00:00,29.6,100.0,28.1,7,9,191,28,4,2020,0,0,0
2020-07-09 14:00:00,35.7,100.0,28.5,7,9,191,28,4,2020,0,0,0
2020-07-09 15:00:00,34.0,99.9,29.1,7,9,191,28,4,2020,0,0,0
2020-07-09 16:00:00,36.6,99.6,29.2,7,9,191,28,4,2020,0,0,0
2020-07-09 17:00:00,38.0,99.0,29.3,7,9,191,28,4,2020,0,0,0
2020-07-09 18:00:00,41.7,99.9,29.1,7,9,191,28,4,2020,0,0,0
2020-07-09 19:00:00,40.4,100.0,28.9,7,9,191,28,4,2020,0,0,0
2020-07-09 20:00:00,38.4,100.0,28.9,7,9,191,28,4,2020,0,0,0
2020-07-09 21:00:00,37.5,99.8,28.8,7,9,191,28,4,2020,0,0,0
2020-07-09 22:00:00,33.8,99.7,28.8,7,9,191,28,4,2020,0,0,0
2020-07-09 23:00:00,31.8,98.8,28.8,7,9,191,28,4,2020,0,0,0
2020-08-09 00:00:00,33.4,100.0,28.6,8,9,222,32,7,2020,1,0,0
2020-08-09 01:00:00,40.7,100.0,28.6,8,9,222,32,7,2020,1,0,0
2020-08-09 02:00:00,45.4,100.0,28.3,8,9,222,32,7,2020,1,0,0
2020-08-09 03:00:00,53.2,100.0,28.1,8,9,222,32,7,2020,1,0,0
2020-08-09 04:00:00,60.5,100.0,28.0,8,9,222,32,7,2020,1,0,0
2020-08-09 05:00:00,44.4,100.0,28.1,8,9,222,32,7,2020,1,0,0
2020-08-09 06:00:00,41.5,100.0,28.2,8,9,222,32,7,2020,1,0,0
2020-08-09 07:00:00,53.1,100.0,28.4,8,9,222,32,7,2020,1,0,0
2020-08-09 08:00:00,64.8,100.0,29.0,8,9,222,32,7,2020,1,0,0
2020-08-09 09:00:00,52.4,97.1,29.6,8,9,222,32,7,2020,1,0,0
2020-08-09 10:00:00,45.7,92.8,30.4,8,9,222,32,7,2020,1,0,0
2020-08-09 11:00:00,49.6,92.9,30.7,8,9,222,32,7,2020,1,0,0
2020-08-09 12:00:00,52.1,91.0,31.4,8,9,222,32,7,2020,1,0,0
2020-08-09 13:00:00,50.4,90.5,31.3,8,9,222,32,7,2020,1,0,0
2020-08-09 14:00:00,49.0,89.8,31.5,8,9,222,32,7,2020,1,0,0
2020-08-09 15:00:00,51.5,88.3,31.9,8,9,222,32,7,2020,1,0,0
2020-08-09 16:00:00,54.6,88.8,32.0,8,9,222,32,7,2020,1,0,0
2020-08-09 17:00:00,62.8,92.9,31.6,8,9,222,32,7,2020,1,0,0
2020-08-09 18:00:00,56.0,95.8,31.2,8,9,222,32,7,2020,1,0,0
2020-08-09 19:00:00,50.1,99.9,30.3,8,9,222,32,7,2020,1,0,0
2020-08-09 20:00:00,45.5,99.5,30.1,8,9,222,32,7,2020,1,0,0
2020-08-09 21:00:00,39.4,100.0,30.0,8,9,222,32,7,2020,1,0,0
2020-08-09 22:00:00,31.6,100.0,29.7,8,9,222,32,7,2020,1,0,0
2020-08-09 23:00:00,33.9,100.0,29.4,8,9,222,32,7,2020,1,0,0
2020-09-09 00:00:00,35.7,100.0,29.2,9,9,253,37,3,2020,0,0,0
2020-09-09 01:00:00,46.8,100.0,29.0,9,9,253,37,3,2020,0,0,0
2020-09-09 02:00:00,44.8,100.0,28.9,9,9,253,37,3,2020,0,0,0
2020-09-09 03:00:00,35.9,100.0,29.0,9,9,253,37,3,2020,0,0,0
2020-09-09 04:00:00,47.7,100.0,28.8,9,9,253,37,3,2020,0,0,0
2020-09-09 05:00:00,33.3,100.0,28.2,9,9,253,37,3,2020,0,0,0
2020-09-09 06:00:00,28.1,100.0,28.1,9,9,253,37,3,2020,0,0,0
2020-09-09 07:00:00,29.3,100.0,27.6,9,9,253,37,3,2020,0,0,0
2020-09-09 08:00:00,34.9,100.0,28.3,9,9,253,37,3,2020,0,0,0
2020-09-09 09:00:00,39.4,100.0,28.8,9,9,253,37,3,2020,0,0,0
2020-09-09 10:00:00,40.4,99.5,29.2,9,9,253,37,3,2020,0,0,0
2020-09-09 11:00:00,31.9,98.0,29.7,9,9,253,37,3,2020,0,0,0
2020-09-09 12:00:00,31.3,95.0,30.7,9,9,253,37,3,2020,0,0,0
2020-09-09 13:00:00,31.7,95.1,31.0,9,9,253,37,3,2020,0,0,0
2020-09-09 14:00:00,33.8,93.0,31.5,9,9,253,37,3,2020,0,0,0
2020-09-09 15:00:00,35.1,92.7,31.7,9,9,253,37,3,2020,0,0,0
2020-09-09 16:00:00,31.9,94.8,31.4,9,9,253,37,3,2020,0,0,0
2020-09-09 17:00:00,32.1,95.0,31.4,9,9,253,37,3,2020,0,0,0
2020-09-09 18:00:00,32.0,95.5,31.3,9,9,253,37,3,2020,0,0,0
2020-09-09 19:00:00,29.5,99.2,30.9,9,9,253,37,3,2020,0,0,0
2020-09-09 20:00:00,28.3,99.2,30.3,9,9,253,37,3,2020,0,0,0
2020-09-09 21:00:00,27.0,99.9,29.9,9,9,253,37,3,2020,0,0,0
2020-09-09 22:00:00,26.4,100.0,29.7,9,9,253,37,3,2020,0,0,0
2020-09-09 23:00:00,25.9,100.0,29.4,9,9,253,37,3,2020,0,0,0
2020-10-09 00:00:00,27.1,100.0,29.3,10,9,283,41,5,2020,1,0,0
2020-10-09 01:00:00,27.2,100.0,29.2,10,9,283,41,5,2020,1,0,0
2020-10-09 02:00:00,31.1,100.0,28.6,10,9,283,41,5,2020,1,0,0
2020-10-09 03:00:00,32.4,100.0,28.7,10,9,283,41,5,2020,1,0,0
2020-10-09 04:00:00,42.6,100.0,28.5,10,9,283,41,5,2020,1,0,0
2020-10-09 05:00:00,49.3,100.0,28.4,10,9,283,41,5,2020,1,0,0
2020-10-09 06:00:00,65.1,100.0,28.2,10,9,283,41,5,2020,1,0,0
2020-10-09 07:00:00,62.3,100.0,28.5,10,9,283,41,5,2020,1,0,0
2020-10-09 08:00:00,39.6,100.0,29.7,10,9,283,41,5,2020,1,0,0
2020-10-09 09:00:00,32.3,96.6,31.2,10,9,283,41,5,2020,1,0,0
2020-10-09 10:00:00,35.1,88.1,33.0,10,9,283,41,5,2020,1,0,0
2020-10-09 11:00:00,31.4,83.5,33.8,10,9,283,41,5,2020,1,0,0
2020-10-09 12:00:00,29.9,77.7,35.2,10,9,283,41,5,2020,1,0,0
2020-10-09 13:00:00,29.0,75.3,35.4,10,9,283,41,5,2020,1,0,0
2020-10-09 14:00:00,28.9,76.5,35.0,10,9,283,41,5,2020,1,0,0
2020-10-09 15:00:00,30.3,84.1,33.8,10,9,283,41,5,2020,1,0,0
2020-10-09 16:00:00,33.5,95.4,31.8,10,9,283,41,5,2020,1,0,0
2020-10-09 17:00:00,47.92669639671784,88.37511055336446,26.37755945978244,10,9,283,41,5,2020,1,0,0
2020-10-09 18:00:00,47.92669639671784,88.37511055336446,26.37755945978244,10,9,283,41,5,2020,1,0,0
2020-10-09 19:00:00,47.92669639671784,88.37511055336446,26.37755945978244,10,9,283,41,5,2020,1,0,0
2020-10-09 20:00:00,47.92669639671784,88.37511055336446,26.37755945978244,10,9,283,41,5,2020,1,0,0
2020-10-09 21:00:00,47.92669639671784,88.37511055336446,26.37755945978244,10,9,283,41,5,2020,1,0,0
2020-10-09 22:00:00,42.2,100.0,30.5,10,9,283,41,5,2020,1,0,0
2020-10-09 23:00:00,35.9,100.0,30.7,10,9,283,41,5,2020,1,0,0
2020-11-09 00:00:00,35.2,99.4,30.2,11,9,314,46,1,2020,0,0,0
2020-11-09 01:00:00,26.8,94.8,29.8,11,9,314,46,1,2020,0,0,0
2020-11-09 02:00:00,24.5,93.1,29.4,11,9,314,46,1,2020,0,0,0
2020-11-09 03:00:00,23.9,92.3,29.2,11,9,314,46,1,2020,0,0,0
2020-11-09 04:00:00,24.3,93.6,29.1,11,9,314,46,1,2020,0,0,0
2020-11-09 05:00:00,27.2,99.2,28.6,11,9,314,46,1,2020,0,0,0
2020-11-09 06:00:00,32.6,100.0,28.5,11,9,314,46,1,2020,0,0,0
2020-11-09 07:00:00,48.4,100.0,28.8,11,9,314,46,1,2020,0,0,0
2020-11-09 08:00:00,38.2,99.3,29.7,11,9,314,46,1,2020,0,0,0
2020-11-09 09:00:00,36.7,97.7,30.5,11,9,314,46,1,2020,0,0,0
2020-11-09 10:00:00,39.1,95.7,31.3,11,9,314,46,1,2020,0,0,0
2020-11-09 11:00:00,40.8,93.9,32.2,11,9,314,46,1,2020,0,0,0
2020-11-09 12:00:00,39.6,87.0,33.7,11,9,314,46,1,2020,0,0,0
2020-11-09 13:00:00,37.4,86.1,33.7,11,9,314,46,1,2020,0,0,0
2020-11-09 14:00:00,32.3,83.4,33.9,11,9,314,46,1,2020,0,0,0
2020-11-09 15:00:00,30.4,85.9,33.2,11,9,314,46,1,2020,0,0,0
2020-11-09 16:00:00,32.5,87.6,33.1,11,9,314,46,1,2020,0,0,0
2020-11-09 17:00:00,34.1,87.5,33.0,11,9,314,46,1,2020,0,0,0
2020-11-09 18:00:00,30.9,86.9,33.0,11,9,314,46,1,2020,0,0,0
2020-11-09 19:00:00,43.9,90.0,32.5,11,9,314,46,1,2020,0,0,0
2020-11-09 20:00:00,38.5,95.3,32.0,11,9,314,46,1,2020,0,0,0
2020-11-09 21:00:00,30.9,98.1,31.5,11,9,314,46,1,2020,0,0,0
2020-11-09 22:00:00,32.3,97.8,31.5,11,9,314,46,1,2020,0,0,0
2020-11-09 23:00:00,35.7,99.1,31.2,11,9,314,46,1,2020,0,0,0
2020-12-09 00:00:00,36.0,100.0,30.6,12,9,344,50,3,2020,0,0,0
2020-12-09 01:00:00,36.1,100.0,30.1,12,9,344,50,3,2020,0,0,0
2020-12-09 02:00:00,36.2,100.0,30.2,12,9,344,50,3,2020,0,0,0
2020-12-09 03:00:00,38.7,100.0,29.9,12,9,344,50,3,2020,0,0,0
2020-12-09 04:00:00,37.2,100.0,29.7,12,9,344,50,3,2020,0,0,0
2020-12-09 05:00:00,39.4,100.0,29.5,12,9,344,50,3,2020,0,0,0
2020-12-09 06:00:00,43.4,100.0,29.4,12,9,344,50,3,2020,0,0,0
2020-12-09 07:00:00,39.2,100.0,29.6,12,9,344,50,3,2020,0,0,0
2020-12-09 08:00:00,39.6,100.0,30.4,12,9,344,50,3,2020,0,0,0
2020-12-09 09:00:00,33.2,95.4,32.0,12,9,344,50,3,2020,0,0,0
2020-12-09 10:00:00,34.4,92.3,32.4,12,9,344,50,3,2020,0,0,0
2020-12-09 11:00:00,35.6,90.8,32.7,12,9,344,50,3,2020,0,0,0
2020-12-09 12:00:00,34.6,89.0,33.1,12,9,344,50,3,2020,0,0,0
2020-12-09 13:00:00,31.3,89.8,33.1,12,9,344,50,3,2020,0,0,0
2020-12-09 14:00:00,29.7,86.1,33.8,12,9,344,50,3,2020,0,0,0
2020-12-09 15:00:00,29.8,80.9,34.3,12,9,344,50,3,2020,0,0,0
2020-12-09 16:00:00,28.0,83.8,34.1,12,9,344,50,3,2020,0,0,0
2020-12-09 17:00:00,28.3,84.6,33.9,12,9,344,50,3,2020,0,0,0
2020-12-09 18:00:00,29.7,91.1,33.1,12,9,344,50,3,2020,0,0,0
2020-12-09 19:00:00,31.9,98.5,31.8,12,9,344,50,3,2020,0,0,0
2020-12-09 20:00:00,32.5,94.5,31.9,12,9,344,50,3,2020,0,0,0
2020-12-09 21:00:00,32.5,94.6,31.8,12,9,344,50,3,2020,0,0,0
2020-12-09 22:00:00,31.6,96.3,31.6,12,9,344,50,3,2020,0,0,0
2020-12-09 23:00:00,32.1,99.1,31.1,12,9,344,50,3,2020,0,0,0
2020-09-13 00:00:00,30.3,100.0,30.8,9,13,257,37,7,2020,1,0,0
2020-09-13 01:00:00,33.6,100.0,30.5,9,13,257,37,7,2020,1,0,0
2020-09-13 02:00:00,30.2,100.0,30.0,9,13,257,37,7,2020,1,0,0
2020-09-13 03:00:00,35.5,100.0,29.6,9,13,257,37,7,2020,1,0,0
2020-09-13 04:00:00,30.2,100.0,27.8,9,13,257,37,7,2020,1,0,0
2020-09-13 05:00:00,28.9,100.0,27.8,9,13,257,37,7,2020,1,0,0
2020-09-13 06:00:00,32.7,100.0,27.8,9,13,257,37,7,2020,1,0,0
2020-09-13 07:00:00,39.2,100.0,28.3,9,13,257,37,7,2020,1,0,0
2020-09-13 08:00:00,42.3,100.0,27.9,9,13,257,37,7,2020,1,0,0
2020-09-13 09:00:00,37.7,100.0,27.9,9,13,257,37,7,2020,1,0,0
2020-09-13 10:00:00,33.8,100.0,28.8,9,13,257,37,7,2020,1,0,0
2020-09-13 11:00:00,31.8,94.0,31.6,9,13,257,37,7,2020,1,0,0
2020-09-13 12:00:00,35.3,89.2,32.8,9,13,257,37,7,2020,1,0,0
2020-09-13 13:00:00,33.8,85.3,33.6,9,13,257,37,7,2020,1,0,0
2020-09-13 14:00:00,29.5,85.3,33.6,9,13,257,37,7,2020,1,0,0
2020-09-13 15:00:00,27.9,90.0,31.7,9,13,257,37,7,2020,1,0,0
2020-09-13 16:00:00,28.2,90.8,31.9,9,13,257,37,7,2020,1,0,0
2020-09-13 17:00:00,26.6,92.0,32.3,9,13,257,37,7,2020,1,0,0
2020-09-13 18:00:00,26.8,94.0,31.7,9,13,257,37,7,2020,1,0,0
2020-09-13 19:00:00,29.4,98.1,31.0,9,13,257,37,7,2020,1,0,0
2020-09-13 20:00:00,31.1,99.6,30.8,9,13,257,37,7,2020,1,0,0
2020-09-13 21:00:00,32.2,100.0,30.7,9,13,257,37,7,2020,1,0,0
2020-09-13 22:00:00,31.2,100.0,30.5,9,13,257,37,7,2020,1,0,0
2020-09-13 23:00:00,30.7,100.0,30.1,9,13,257,37,7,2020,1,0,0
2020-09-14 00:00:00,31.8,100.0,29.7,9,14,258,38,1,2020,0,0,0
2020-09-14 01:00:00,30.0,100.0,29.9,9,14,258,38,1,2020,0,0,0
2020-09-14 02:00:00,31.3,100.0,29.6,9,14,258,38,1,2020,0,0,0
2020-09-14 03:00:00,37.5,100.0,29.7,9,14,258,38,1,2020,0,0,0
2020-09-14 04:00:00,28.5,100.0,28.9,9,14,258,38,1,2020,0,0,0
2020-09-14 05:00:00,27.1,100.0,28.6,9,14,258,38,1,2020,0,0,0
2020-09-14 06:00:00,31.0,100.0,28.5,9,14,258,38,1,2020,0,0,0
2020-09-14 07:00:00,35.6,100.0,28.8,9,14,258,38,1,2020,0,0,0
2020-09-14 08:00:00,32.0,98.0,30.0,9,14,258,38,1,2020,0,0,0
2020-09-14 09:00:00,32.4,95.9,30.8,9,14,258,38,1,2020,0,0,0
2020-09-14 10:00:00,27.9,89.5,32.1,9,14,258,38,1,2020,0,0,0
2020-09-14 11:00:00,29.8,81.3,33.5,9,14,258,38,1,2020,0,0,0
2020-09-14 12:00:00,27.1,79.4,34.0,9,14,258,38,1,2020,0,0,0
2020-09-14 13:00:00,26.5,73.7,34.9,9,14,258,38,1,2020,0,0,0
2020-09-14 14:00:00,27.6,76.5,34.6,9,14,258,38,1,2020,0,0,0
2020-09-14 15:00:00,27.0,80.6,33.7,9,14,258,38,1,2020,0,0,0
2020-09-14 16:00:00,26.2,83.0,31.6,9,14,258,38,1,2020,0,0,0
2020-09-14 17:00:00,28.1,91.4,30.3,9,14,258,38,1,2020,0,0,0
2020-09-14 18:00:00,47.92669639671784,88.37511055336446,26.37755945978244,9,14,258,38,1,2020,0,0,0
2020-09-14 19:00:00,47.92669639671784,88.37511055336446,26.37755945978244,9,14,258,38,1,2020,0,0,0
2020-09-14 20:00:00,47.92669639671784,88.37511055336446,26.37755945978244,9,14,258,38,1,2020,0,0,0
2020-09-14 21:00:00,47.92669639671784,88.37511055336446,26.37755945978244,9,14,258,38,1,2020,0,0,0
2020-09-14 22:00:00,47.92669639671784,88.37511055336446,26.37755945978244,9,14,258,38,1,2020,0,0,0
2020-09-14 23:00:00,47.92669639671784,88.37511055336446,26.37755945978244,9,14,258,38,1,2020,0,0,0
2020-09-15 00:00:00,47.92669639671784,88.37511055336446,26.37755945978244,9,15,259,38,2,2020,0,0,0
2020-09-15 01:00:00,47.92669639671784,88.37511055336446,26.37755945978244,9,15,259,38,2,2020,0,0,0
2020-09-15 02:00:00,47.92669639671784,88.37511055336446,26.37755945978244,9,15,259,38,2,2020,0,0,0
2020-09-15 03:00:00,47.92669639671784,88.37511055336446,26.37755945978244,9,15,259,38,2,2020,0,0,0
2020-09-15 04:00:00,47.92669639671784,88.37511055336446,26.37755945978244,9,15,259,38,2,2020,0,0,0
2020-09-15 05:00:00,47.92669639671784,88.37511055336446,26.37755945978244,9,15,259,38,2,2020,0,0,0
2020-09-15 06:00:00,47.92669639671784,88.37511055336446,26.37755945978244,9,15,259,38,2,2020,0,0,0
2020-09-15 07:00:00,47.92669639671784,88.37511055336446,26.37755945978244,9,15,259,38,2,2020,0,0,0
2020-09-15 08:00:00,47.92669639671784,88.37511055336446,26.37755945978244,9,15,259,38,2,2020,0,0,0
2020-09-15 09:00:00,47.92669639671784,88.37511055336446,26.37755945978244,9,15,259,38,2,2020,0,0,0
2020-09-15 10:00:00,47.92669639671784,88.37511055336446,26.37755945978244,9,15,259,38,2,2020,0,0,0
2020-09-15 11:00:00,28.1,84.9,32.9,9,15,259,38,2,2020,0,0,0
2020-09-15 12:00:00,27.5,80.4,34.0,9,15,259,38,2,2020,0,0,0
2020-09-15 13:00:00,28.6,79.0,34.5,9,15,259,38,2,2020,0,0,0
2020-09-15 14:00:00,29.1,77.8,35.1,9,15,259,38,2,2020,0,0,0
2020-09-15 15:00:00,31.7,82.2,34.1,9,15,259,38,2,2020,0,0,0
2020-09-15 16:00:00,32.4,83.3,33.7,9,15,259,38,2,2020,0,0,0
2020-09-15 17:00:00,32.4,83.4,33.6,9,15,259,38,2,2020,0,0,0
2020-09-15 18:00:00,31.2,93.4,32.3,9,15,259,38,2,2020,0,0,0
2020-09-15 19:00:00,29.2,95.9,31.6,9,15,259,38,2,2020,0,0,0
2020-09-15 20:00:00,29.0,95.4,31.3,9,15,259,38,2,2020,0,0,0
2020-09-15 21:00:00,29.5,95.9,31.1,9,15,259,38,2,2020,0,0,0
2020-09-15 22:00:00,32.9,96.2,31.2,9,15,259,38,2,2020,0,0,0
2020-09-15 23:00:00,31.3,97.4,30.9,9,15,259,38,2,2020,0,0,0
2020-09-16 00:00:00,30.8,97.5,30.8,9,16,260,38,3,2020,0,0,0
2020-09-16 01:00:00,34.2,99.7,30.4,9,16,260,38,3,2020,0,0,0
2020-09-16 02:00:00,34.0,100.0,29.8,9,16,260,38,3,2020,0,0,0
2020-09-16 03:00:00,32.2,100.0,29.6,9,16,260,38,3,2020,0,0,0
2020-09-16 04:00:00,39.3,100.0,29.3,9,16,260,38,3,2020,0,0,0
2020-09-16 05:00:00,32.4,100.0,29.2,9,16,260,38,3,2020,0,0,0
2020-09-16 06:00:00,30.2,100.0,29.1,9,16,260,38,3,2020,0,0,0
2020-09-16 07:00:00,32.2,100.0,29.5,9,16,260,38,3,2020,0,0,0
2020-09-16 08:00:00,31.1,99.6,30.6,9,16,260,38,3,2020,0,0,0
2020-09-16 09:00:00,30.1,94.7,32.2,9,16,260,38,3,2020,0,0,0
2020-09-16 10:00:00,33.1,85.7,33.6,9,16,260,38,3,2020,0,0,0
2020-09-16 11:00:00,33.2,82.6,34.4,9,16,260,38,3,2020,0,0,0
2020-09-16 12:00:00,31.7,78.4,35.5,9,16,260,38,3,2020,0,0,0
2020-09-16 13:00:00,47.92669639671784,88.37511055336446,26.37755945978244,9,16,260,38,3,2020,0,0,0
2020-09-16 14:00:00,47.92669639671784,88.37511055336446,26.37755945978244,9,16,260,38,3,2020,0,0,0
2020-09-16 15:00:00,47.92669639671784,88.37511055336446,26.37755945978244,9,16,260,38,3,2020,0,0,0
2020-09-16 16:00:00,47.92669639671784,88.37511055336446,26.37755945978244,9,16,260,38,3,2020,0,0,0
2020-09-16 17:00:00,47.92669639671784,88.37511055336446,26.37755945978244,9,16,260,38,3,2020,0,0,0
2020-09-16 18:00:00,47.92669639671784,88.37511055336446,26.37755945978244,9,16,260,38,3,2020,0,0,0
2020-09-16 19:00:00,47.92669639671784,88.37511055336446,26.37755945978244,9,16,260,38,3,2020,0,0,0
2020-09-16 20:00:00,47.92669639671784,88.37511055336446,26.37755945978244,9,16,260,38,3,2020,0,0,0
2020-09-16 21:00:00,47.92669639671784,88.37511055336446,26.37755945978244,9,16,260,38,3,2020,0,0,0
2020-09-16 22:00:00,47.92669639671784,88.37511055336446,26.37755945978244,9,16,260,38,3,2020,0,0,0
2020-09-16 23:00:00,47.92669639671784,88.37511055336446,26.37755945978244,9,16,260,38,3,2020,0,0,0
2020-09-17 00:00:00,47.92669639671784,88.37511055336446,26.37755945978244,9,17,261,38,4,2020,0,0,0
2020-09-17 01:00:00,47.92669639671784,88.37511055336446,26.37755945978244,9,17,261,38,4,2020,0,0,0
2020-09-17 02:00:00,47.92669639671784,88.37511055336446,26.37755945978244,9,17,261,38,4,2020,0,0,0
2020-09-17 03:00:00,47.92669639671784,88.37511055336446,26.37755945978244,9,17,261,38,4,2020,0,0,0
2020-09-17 04:00:00,47.92669639671784,88.37511055336446,26.37755945978244,9,17,261,38,4,2020,0,0,0
2020-09-17 05:00:00,47.92669639671784,88.37511055336446,26.37755945978244,9,17,261,38,4,2020,0,0,0
2020-09-17 06:00:00,47.92669639671784,88.37511055336446,26.37755945978244,9,17,261,38,4,2020,0,0,0
2020-09-17 07:00:00,47.92669639671784,88.37511055336446,26.37755945978244,9,17,261,38,4,2020,0,0,0
2020-09-17 08:00:00,47.92669639671784,88.37511055336446,26.37755945978244,9,17,261,38,4,2020,0,0,0
2020-09-17 09:00:00,47.92669639671784,88.37511055336446,26.37755945978244,9,17,261,38,4,2020,0,0,0
2020-09-17 10:00:00,47.92669639671784,88.37511055336446,26.37755945978244,9,17,261,38,4,2020,0,0,0
2020-09-17 11:00:00,47.92669639671784,88.37511055336446,26.37755945978244,9,17,261,38,4,2020,0,0,0
2020-09-17 12:00:00,47.92669639671784,88.37511055336446,26.37755945978244,9,17,261,38,4,2020,0,0,0
2020-09-17 13:00:00,47.92669639671784,88.37511055336446,26.37755945978244,9,17,261,38,4,2020,0,0,0
2020-09-17 14:00:00,47.92669639671784,88.37511055336446,26.37755945978244,9,17,261,38,4,2020,0,0,0
2020-09-17 15:00:00,47.92669639671784,88.37511055336446,26.37755945978244,9,17,261,38,4,2020,0,0,0
2020-09-17 16:00:00,47.92669639671784,88.37511055336446,26.37755945978244,9,17,261,38,4,2020,0,0,0
2020-09-17 17:00:00,47.92669639671784,88.37511055336446,26.37755945978244,9,17,261,38,4,2020,0,0,0
2020-09-17 18:00:00,47.92669639671784,88.37511055336446,26.37755945978244,9,17,261,38,4,2020,0,0,0
2020-09-17 19:00:00,47.92669639671784,88.37511055336446,26.37755945978244,9,17,261,38,4,2020,0,0,0
2020-09-17 20:00:00,47.92669639671784,88.37511055336446,26.37755945978244,9,17,261,38,4,2020,0,0,0
2020-09-17 21:00:00,47.92669639671784,88.37511055336446,26.37755945978244,9,17,261,38,4,2020,0,0,0
2020-09-17 22:00:00,47.92669639671784,88.37511055336446,26.37755945978244,9,17,261,38,4,2020,0,0,0
2020-09-17 23:00:00,47.92669639671784,88.37511055336446,26.37755945978244,9,17,261,38,4,2020,0,0,0
2020-09-18 00:00:00,47.92669639671784,88.37511055336446,26.37755945978244,9,18,262,38,5,2020,1,0,0
2020-09-18 01:00:00,47.92669639671784,88.37511055336446,26.37755945978244,9,18,262,38,5,2020,1,0,0
2020-09-18 02:00:00,47.92669639671784,88.37511055336446,26.37755945978244,9,18,262,38,5,2020,1,0,0
2020-09-18 03:00:00,47.92669639671784,88.37511055336446,26.37755945978244,9,18,262,38,5,2020,1,0,0
2020-09-18 04:00:00,47.92669639671784,88.37511055336446,26.37755945978244,9,18,262,38,5,2020,1,0,0
2020-09-18 05:00:00,47.92669639671784,88.37511055336446,26.37755945978244,9,18,262,38,5,2020,1,0,0
2020-09-18 06:00:00,47.92669639671784,88.37511055336446,26.37755945978244,9,18,262,38,5,2020,1,0,0
2020-09-18 07:00:00,47.92669639671784,88.37511055336446,26.37755945978244,9,18,262,38,5,2020,1,0,0
2020-09-18 08:00:00,47.92669639671784,88.37511055336446,26.37755945978244,9,18,262,38,5,2020,1,0,0
2020-09-18 09:00:00,47.92669639671784,88.37511055336446,26.37755945978244,9,18,262,38,5,2020,1,0,0
2020-09-18 10:00:00,47.92669639671784,88.37511055336446,26.37755945978244,9,18,262,38,5,2020,1,0,0
2020-09-18 11:00:00,47.92669639671784,88.37511055336446,26.37755945978244,9,18,262,38,5,2020,1,0,0
2020-09-18 12:00:00,26.0,76.7,30.4,9,18,262,38,5,2020,1,0,0
2020-09-18 13:00:00,26.2,80.4,30.1,9,18,262,38,5,2020,1,0,0
2020-09-18 14:00:00,27.0,99.1,26.8,9,18,262,38,5,2020,1,0,0
2020-09-18 15:00:00,26.3,98.0,27.3,9,18,262,38,5,2020,1,0,0
2020-09-18 16:00:00,26.0,94.8,27.3,9,18,262,38,5,2020,1,0,0
2020-09-18 17:00:00,27.2,93.2,27.5,9,18,262,38,5,2020,1,0,0
2020-09-18 18:00:00,27.6,91.0,27.8,9,18,262,38,5,2020,1,0,0
2020-09-18 19:00:00,27.0,90.1,27.6,9,18,262,38,5,2020,1,0,0
2020-09-18 20:00:00,26.4,88.5,27.5,9,18,262,38,5,2020,1,0,0
2020-09-18 21:00:00,26.6,88.2,27.3,9,18,262,38,5,2020,1,0,0
2020-09-18 22:00:00,26.5,86.3,27.4,9,18,262,38,5,2020,1,0,0
2020-09-18 23:00:00,25.6,85.7,27.4,9,18,262,38,5,2020,1,0,0
2020-09-19 00:00:00,24.9,86.3,27.2,9,19,263,38,6,2020,1,0,0
2020-09-19 01:00:00,23.9,87.2,27.0,9,19,263,38,6,2020,1,0,0
2020-09-19 02:00:00,23.9,90.7,26.6,9,19,263,38,6,2020,1,0,0
2020-09-19 03:00:00,26.7,93.5,26.3,9,19,263,38,6,2020,1,0,0
2020-09-19 04:00:00,24.4,92.7,26.3,9,19,263,38,6,2020,1,0,0
2020-09-19 05:00:00,24.4,93.7,26.2,9,19,263,38,6,2020,1,0,0
2020-09-19 06:00:00,32.7,94.8,26.0,9,19,263,38,6,2020,1,0,0
2020-09-19 07:00:00,33.8,95.0,26.1,9,19,263,38,6,2020,1,0,0
2020-09-19 08:00:00,31.7,98.9,25.6,9,19,263,38,6,2020,1,0,0
2020-09-19 09:00:00,30.3,100.0,24.8,9,19,263,38,6,2020,1,0,0
2020-09-19 10:00:00,29.2,100.0,25.4,9,19,263,38,6,2020,1,0,0
2020-09-19 11:00:00,32.8,100.0,26.0,9,19,263,38,6,2020,1,0,0
2020-09-19 12:00:00,31.0,100.0,25.7,9,19,263,38,6,2020,1,0,0
2020-09-19 13:00:00,29.9,100.0,25.3,9,19,263,38,6,2020,1,0,0
2020-09-19 14:00:00,29.4,100.0,25.0,9,19,263,38,6,2020,1,0,0
2020-09-19 15:00:00,31.7,100.0,25.4,9,19,263,38,6,2020,1,0,0
2020-09-19 16:00:00,28.7,100.0,25.9,9,19,263,38,6,2020,1,0,0
2020-09-19 17:00:00,30.3,100.0,26.1,9,19,263,38,6,2020,1,0,0
2020-09-19 18:00:00,33.9,100.0,26.1,9,19,263,38,6,2020,1,0,0
2020-09-19 19:00:00,35.5,100.0,26.4,9,19,263,38,6,2020,1,0,0
2020-09-19 20:00:00,34.0,100.0,26.5,9,19,263,38,6,2020,1,0,0
2020-09-19 21:00:00,36.5,100.0,26.1,9,19,263,38,6,2020,1,0,0
2020-09-19 22:00:00,33.9,100.0,25.7,9,19,263,38,6,2020,1,0,0
2020-09-19 23:00:00,33.6,100.0,26.0,9,19,263,38,6,2020,1,0,0
2020-09-20 00:00:00,34.1,100.0,25.9,9,20,264,38,7,2020,1,0,0
2020-09-20 01:00:00,34.3,100.0,25.8,9,20,264,38,7,2020,1,0,0
2020-09-20 02:00:00,34.0,100.0,25.8,9,20,264,38,7,2020,1,0,0
2020-09-20 03:00:00,31.4,100.0,25.8,9,20,264,38,7,2020,1,0,0
2020-09-20 04:00:00,34.9,100.0,25.8,9,20,264,38,7,2020,1,0,0
2020-09-20 05:00:00,33.9,100.0,25.7,9,20,264,38,7,2020,1,0,0
2020-09-20 06:00:00,37.3,100.0,25.6,9,20,264,38,7,2020,1,0,0
2020-09-20 07:00:00,41.1,100.0,25.7,9,20,264,38,7,2020,1,0,0
2020-09-20 08:00:00,43.2,100.0,25.9,9,20,264,38,7,2020,1,0,0
2020-09-20 09:00:00,43.7,100.0,26.3,9,20,264,38,7,2020,1,0,0
2020-09-20 10:00:00,46.9,100.0,26.7,9,20,264,38,7,2020,1,0,0
2020-09-20 11:00:00,44.9,100.0,26.6,9,20,264,38,7,2020,1,0,0
2020-09-20 12:00:00,31.4,100.0,26.6,9,20,264,38,7,2020,1,0,0
2020-09-20 13:00:00,30.4,100.0,26.7,9,20,264,38,7,2020,1,0,0
2020-09-20 14:00:00,36.9,100.0,26.7,9,20,264,38,7,2020,1,0,0
2020-09-20 15:00:00,45.0,100.0,26.8,9,20,264,38,7,2020,1,0,0
2020-09-20 16:00:00,44.8,100.0,27.3,9,20,264,38,7,2020,1,0,0
2020-09-20 17:00:00,47.1,100.0,27.6,9,20,264,38,7,2020,1,0,0
2020-09-20 18:00:00,52.7,100.0,27.5,9,20,264,38,7,2020,1,0,0
2020-09-20 19:00:00,55.7,100.0,27.3,9,20,264,38,7,2020,1,0,0
2020-09-20 20:00:00,57.7,100.0,27.3,9,20,264,38,7,2020,1,0,0
2020-09-20 21:00:00,62.6,100.0,27.3,9,20,264,38,7,2020,1,0,0
2020-09-20 22:00:00,67.9,100.0,27.4,9,20,264,38,7,2020,1,0,0
2020-09-20 23:00:00,72.5,100.0,27.4,9,20,264,38,7,2020,1,0,0
2020-09-21 00:00:00,71.4,100.0,27.2,9,21,265,39,1,2020,0,0,0
2020-09-21 01:00:00,73.6,100.0,26.8,9,21,265,39,1,2020,0,0,0
2020-09-21 02:00:00,74.0,100.0,26.6,9,21,265,39,1,2020,0,0,0
2020-09-21 03:00:00,80.2,100.0,26.5,9,21,265,39,1,2020,0,0,0
2020-09-21 04:00:00,77.7,100.0,26.7,9,21,265,39,1,2020,0,0,0
2020-09-21 05:00:00,74.2,100.0,26.6,9,21,265,39,1,2020,0,0,0
2020-09-21 06:00:00,73.4,100.0,26.7,9,21,265,39,1,2020,0,0,0
2020-09-21 07:00:00,71.9,100.0,26.7,9,21,265,39,1,2020,0,0,0
2020-09-21 08:00:00,70.3,100.0,27.6,9,21,265,39,1,2020,0,0,0
2020-09-21 09:00:00,49.7,92.9,28.3,9,21,265,39,1,2020,0,0,0
2020-09-21 10:00:00,41.4,98.8,29.6,9,21,265,39,1,2020,0,0,0
2020-09-21 11:00:00,36.4,90.6,31.6,9,21,265,39,1,2020,0,0,0
2020-09-21 12:00:00,31.5,85.5,32.9,9,21,265,39,1,2020,0,0,0
2020-09-21 13:00:00,30.1,86.9,32.7,9,21,265,39,1,2020,0,0,0
2020-09-21 14:00:00,28.5,87.6,32.2,9,21,265,39,1,2020,0,0,0
2020-09-21 15:00:00,28.7,87.1,32.4,9,21,265,39,1,2020,0,0,0
2020-09-21 16:00:00,30.8,87.5,32.1,9,21,265,39,1,2020,0,0,0
2020-09-21 17:00:00,32.8,89.4,31.7,9,21,265,39,1,2020,0,0,0
2020-09-21 18:00:00,30.5,91.1,31.2,9,21,265,39,1,2020,0,0,0
2020-09-21 19:00:00,37.4,95.3,30.5,9,21,265,39,1,2020,0,0,0
2020-09-21 20:00:00,36.3,99.2,30.0,9,21,265,39,1,2020,0,0,0
2020-09-21 21:00:00,35.5,100.0,29.7,9,21,265,39,1,2020,0,0,0
2020-09-21 22:00:00,35.7,100.0,29.6,9,21,265,39,1,2020,0,0,0
2020-09-21 23:00:00,47.92669639671784,88.37511055336446,26.37755945978244,9,21,265,39,1,2020,0,0,0
2020-09-22 00:00:00,47.92669639671784,88.37511055336446,26.37755945978244,9,22,266,39,2,2020,0,0,0
2020-09-22 01:00:00,47.92669639671784,88.37511055336446,26.37755945978244,9,22,266,39,2,2020,0,0,0
2020-09-22 02:00:00,47.92669639671784,88.37511055336446,26.37755945978244,9,22,266,39,2,2020,0,0,0
2020-09-22 03:00:00,47.92669639671784,88.37511055336446,26.37755945978244,9,22,266,39,2,2020,0,0,0
2020-09-22 04:00:00,47.92669639671784,88.37511055336446,26.37755945978244,9,22,266,39,2,2020,0,0,0
2020-09-22 05:00:00,47.92669639671784,88.37511055336446,26.37755945978244,9,22,266,39,2,2020,0,0,0
2020-09-22 06:00:00,47.92669639671784,88.37511055336446,26.37755945978244,9,22,266,39,2,2020,0,0,0
2020-09-22 07:00:00,47.92669639671784,88.37511055336446,26.37755945978244,9,22,266,39,2,2020,0,0,0
2020-09-22 08:00:00,47.92669639671784,88.37511055336446,26.37755945978244,9,22,266,39,2,2020,0,0,0
2020-09-22 09:00:00,47.92669639671784,88.37511055336446,26.37755945978244,9,22,266,39,2,2020,0,0,0
2020-09-22 10:00:00,47.92669639671784,88.37511055336446,26.37755945978244,9,22,266,39,2,2020,0,0,0
2020-09-22 11:00:00,47.92669639671784,88.37511055336446,26.37755945978244,9,22,266,39,2,2020,0,0,0
2020-09-22 12:00:00,27.6,90.4,32.7,9,22,266,39,2,2020,0,0,0
2020-09-22 13:00:00,27.7,89.2,32.8,9,22,266,39,2,2020,0,0,0
2020-09-22 14:00:00,35.8,88.8,32.8,9,22,266,39,2,2020,0,0,0
2020-09-22 15:00:00,31.3,91.9,32.4,9,22,266,39,2,2020,0,0,0
2020-09-22 16:00:00,28.8,97.8,31.6,9,22,266,39,2,2020,0,0,0
2020-09-22 17:00:00,30.2,99.6,29.8,9,22,266,39,2,2020,0,0,0
2020-09-22 18:00:00,28.0,100.0,28.3,9,22,266,39,2,2020,0,0,0
2020-09-22 19:00:00,25.6,100.0,26.8,9,22,266,39,2,2020,0,0,0
2020-09-22 20:00:00,25.4,100.0,27.0,9,22,266,39,2,2020,0,0,0
2020-09-22 21:00:00,28.7,100.0,27.7,9,22,266,39,2,2020,0,0,0
2020-09-22 22:00:00,29.6,100.0,27.9,9,22,266,39,2,2020,0,0,0
2020-09-22 23:00:00,28.9,100.0,27.8,9,22,266,39,2,2020,0,0,0
2020-09-23 00:00:00,31.7,100.0,27.7,9,23,267,39,3,2020,0,0,0
2020-09-23 01:00:00,35.1,100.0,27.5,9,23,267,39,3,2020,0,0,0
2020-09-23 02:00:00,29.7,100.0,27.4,9,23,267,39,3,2020,0,0,0
2020-09-23 03:00:00,31.5,100.0,27.1,9,23,267,39,3,2020,0,0,0
2020-09-23 04:00:00,45.4,100.0,27.1,9,23,267,39,3,2020,0,0,0
2020-09-23 05:00:00,46.9,100.0,27.1,9,23,267,39,3,2020,0,0,0
2020-09-23 06:00:00,43.5,100.0,27.2,9,23,267,39,3,2020,0,0,0
2020-09-23 07:00:00,37.6,100.0,27.6,9,23,267,39,3,2020,0,0,0
2020-09-23 08:00:00,34.2,100.0,28.4,9,23,267,39,3,2020,0,0,0
2020-09-23 09:00:00,34.2,100.0,29.1,9,23,267,39,3,2020,0,0,0
2020-09-23 10:00:00,34.4,99.1,30.2,9,23,267,39,3,2020,0,0,0
2020-09-23 11:00:00,38.2,94.3,31.6,9,23,267,39,3,2020,0,0,0
2020-09-23 12:00:00,40.5,92.5,31.8,9,23,267,39,3,2020,0,0,0
2020-09-23 13:00:00,36.9,89.7,32.5,9,23,267,39,3,2020,0,0,0
2020-09-23 14:00:00,36.5,89.7,32.5,9,23,267,39,3,2020,0,0,0
2020-09-23 15:00:00,34.0,89.7,32.2,9,23,267,39,3,2020,0,0,0
2020-09-23 16:00:00,34.4,94.8,31.8,9,23,267,39,3,2020,0,0,0
2020-09-23 17:00:00,31.2,98.6,30.8,9,23,267,39,3,2020,0,0,0
2020-09-23 18:00:00,29.3,99.4,29.8,9,23,267,39,3,2020,0,0,0
2020-09-23 19:00:00,31.6,99.8,29.8,9,23,267,39,3,2020,0,0,0
2020-09-23 20:00:00,37.3,100.0,29.8,9,23,267,39,3,2020,0,0,0
2020-09-23 21:00:00,35.7,100.0,29.8,9,23,267,39,3,2020,0,0,0
2020-09-23 22:00:00,26.4,100.0,27.8,9,23,267,39,3,2020,0,0,0
2020-09-23 23:00:00,24.9,100.0,26.1,9,23,267,39,3,2020,0,0,0
2020-09-24 00:00:00,25.5,100.0,25.7,9,24,268,39,4,2020,0,0,0
2020-09-24 01:00:00,25.6,100.0,25.4,9,24,268,39,4,2020,0,0,0
2020-09-24 02:00:00,24.8,100.0,25.3,9,24,268,39,4,2020,0,0,0
2020-09-24 03:00:00,24.1,100.0,25.2,9,24,268,39,4,2020,0,0,0
2020-09-24 04:00:00,25.1,100.0,24.8,9,24,268,39,4,2020,0,0,0
2020-09-24 05:00:00,25.0,100.0,24.8,9,24,268,39,4,2020,0,0,0
2020-09-24 06:00:00,24.7,100.0,25.0,9,24,268,39,4,2020,0,0,0
2020-09-24 07:00:00,25.9,100.0,25.3,9,24,268,39,4,2020,0,0,0
2020-09-24 08:00:00,25.2,99.9,26.2,9,24,268,39,4,2020,0,0,0
2020-09-24 09:00:00,25.3,96.8,27.0,9,24,268,39,4,2020,0,0,0
2020-09-24 10:00:00,27.1,91.9,28.3,9,24,268,39,4,2020,0,0,0
2020-09-24 11:00:00,27.6,92.0,28.3,9,24,268,39,4,2020,0,0,0
2020-09-24 12:00:00,28.3,90.9,28.9,9,24,268,39,4,2020,0,0,0
2020-09-24 13:00:00,35.0,92.5,29.1,9,24,268,39,4,2020,0,0,0
2020-09-24 14:00:00,35.4,90.0,29.7,9,24,268,39,4,2020,0,0,0
2020-09-24 15:00:00,36.6,89.6,29.9,9,24,268,39,4,2020,0,0,0
2020-09-24 16:00:00,39.6,90.5,29.7,9,24,268,39,4,2020,0,0,0
2020-09-24 17:00:00,41.8,91.6,29.6,9,24,268,39,4,2020,0,0,0
2020-09-24 18:00:00,43.4,93.5,29.2,9,24,268,39,4,2020,0,0,0
2020-09-24 19:00:00,43.4,96.1,28.6,9,24,268,39,4,2020,0,0,0
2020-09-24 20:00:00,43.3,97.9,28.1,9,24,268,39,4,2020,0,0,0
2020-09-24 21:00:00,44.1,98.6,28.1,9,24,268,39,4,2020,0,0,0
2020-09-24 22:00:00,42.5,98.6,28.2,9,24,268,39,4,2020,0,0,0
2020-09-24 23:00:00,37.9,98.7,28.1,9,24,268,39,4,2020,0,0,0
2020-09-25 00:00:00,36.9,99.9,27.9,9,25,269,39,5,2020,1,0,0
2020-09-25 01:00:00,35.0,99.7,27.8,9,25,269,39,5,2020,1,0,0
2020-09-25 02:00:00,34.4,100.0,27.6,9,25,269,39,5,2020,1,0,0
2020-09-25 03:00:00,37.4,100.0,27.5,9,25,269,39,5,2020,1,0,0
2020-09-25 04:00:00,42.3,100.0,27.4,9,25,269,39,5,2020,1,0,0
2020-09-25 05:00:00,54.9,100.0,27.2,9,25,269,39,5,2020,1,0,0
2020-09-25 06:00:00,53.8,100.0,27.1,9,25,269,39,5,2020,1,0,0
2020-09-25 07:00:00,52.0,100.0,27.3,9,25,269,39,5,2020,1,0,0
2020-09-25 08:00:00,51.1,100.0,27.7,9,25,269,39,5,2020,1,0,0
2020-09-25 09:00:00,51.2,98.9,28.9,9,25,269,39,5,2020,1,0,0
2020-09-25 10:00:00,56.0,95.1,30.2,9,25,269,39,5,2020,1,0,0
2020-09-25 11:00:00,60.2,90.5,31.5,9,25,269,39,5,2020,1,0,0
2020-09-25 12:00:00,54.0,89.6,31.9,9,25,269,39,5,2020,1,0,0
2020-09-25 13:00:00,41.0,78.4,32.9,9,25,269,39,5,2020,1,0,0
2020-09-25 14:00:00,37.2,81.5,33.5,9,25,269,39,5,2020,1,0,0
2020-09-25 15:00:00,41.4,83.8,33.0,9,25,269,39,5,2020,1,0,0
2020-09-25 16:00:00,38.6,84.1,32.7,9,25,269,39,5,2020,1,0,0
2020-09-25 17:00:00,36.8,84.8,32.5,9,25,269,39,5,2020,1,0,0
2020-09-25 18:00:00,34.6,90.2,31.7,9,25,269,39,5,2020,1,0,0
2020-09-25 19:00:00,34.6,95.0,31.0,9,25,269,39,5,2020,1,0,0
2020-09-25 20:00:00,36.2,98.2,30.4,9,25,269,39,5,2020,1,0,0
2020-09-25 21:00:00,36.3,99.9,29.9,9,25,269,39,5,2020,1,0,0
2020-09-25 22:00:00,38.6,100.0,29.9,9,25,269,39,5,2020,1,0,0
2020-09-25 23:00:00,43.5,100.0,29.8,9,25,269,39,5,2020,1,0,0
2020-09-26 00:00:00,39.7,100.0,29.5,9,26,270,39,6,2020,1,0,0
2020-09-26 01:00:00,35.2,100.0,29.3,9,26,270,39,6,2020,1,0,0
2020-09-26 02:00:00,33.2,100.0,29.2,9,26,270,39,6,2020,1,0,0
2020-09-26 03:00:00,34.6,100.0,28.8,9,26,270,39,6,2020,1,0,0
2020-09-26 04:00:00,35.4,100.0,28.4,9,26,270,39,6,2020,1,0,0
2020-09-26 05:00:00,31.4,100.0,27.9,9,26,270,39,6,2020,1,0,0
2020-09-26 06:00:00,29.2,100.0,27.7,9,26,270,39,6,2020,1,0,0
2020-09-26 07:00:00,26.8,100.0,26.5,9,26,270,39,6,2020,1,0,0
2020-09-26 08:00:00,28.3,100.0,26.9,9,26,270,39,6,2020,1,0,0
2020-09-26 09:00:00,31.9,100.0,28.1,9,26,270,39,6,2020,1,0,0
2020-09-26 10:00:00,32.9,100.0,29.7,9,26,270,39,6,2020,1,0,0
2020-09-26 11:00:00,30.7,96.0,31.5,9,26,270,39,6,2020,1,0,0
2020-09-26 12:00:00,28.3,88.5,32.8,9,26,270,39,6,2020,1,0,0
2020-09-26 13:00:00,27.4,83.7,33.9,9,26,270,39,6,2020,1,0,0
2020-09-26 14:00:00,29.2,84.1,34.0,9,26,270,39,6,2020,1,0,0
2020-09-26 15:00:00,29.4,83.6,33.7,9,26,270,39,6,2020,1,0,0
2020-09-26 16:00:00,32.8,89.0,33.0,9,26,270,39,6,2020,1,0,0
2020-09-26 17:00:00,33.5,90.2,32.8,9,26,270,39,6,2020,1,0,0
2020-09-26 18:00:00,30.9,94.5,32.2,9,26,270,39,6,2020,1,0,0
2020-09-26 19:00:00,33.2,96.5,31.7,9,26,270,39,6,2020,1,0,0
2020-09-26 20:00:00,36.2,99.2,31.3,9,26,270,39,6,2020,1,0,0
2020-09-26 21:00:00,35.0,100.0,30.9,9,26,270,39,6,2020,1,0,0
2020-09-26 22:00:00,35.2,100.0,30.7,9,26,270,39,6,2020,1,0,0
2020-09-26 23:00:00,32.1,100.0,30.5,9,26,270,39,6,2020,1,0,0
2020-09-27 00:00:00,32.1,100.0,30.0,9,27,271,39,7,2020,1,0,0
2020-09-27 01:00:00,30.6,100.0,29.7,9,27,271,39,7,2020,1,0,0
2020-09-27 02:00:00,28.6,100.0,29.4,9,27,271,39,7,2020,1,0,0
2020-09-27 03:00:00,29.2,100.0,29.2,9,27,271,39,7,2020,1,0,0
2020-09-27 04:00:00,33.7,100.0,29.2,9,27,271,39,7,2020,1,0,0
2020-09-27 05:00:00,28.1,100.0,28.0,9,27,271,39,7,2020,1,0,0
2020-09-27 06:00:00,24.8,100.0,26.6,9,27,271,39,7,2020,1,0,0
2020-09-27 07:00:00,29.7,100.0,26.5,9,27,271,39,7,2020,1,0,0
2020-09-27 08:00:00,31.5,100.0,26.6,9,27,271,39,7,2020,1,0,0
2020-09-27 09:00:00,30.6,99.6,27.2,9,27,271,39,7,2020,1,0,0
2020-09-27 10:00:00,28.7,99.6,27.4,9,27,271,39,7,2020,1,0,0
2020-09-27 11:00:00,27.1,99.9,27.3,9,27,271,39,7,2020,1,0,0
2020-09-27 12:00:00,31.0,99.9,27.1,9,27,271,39,7,2020,1,0,0
2020-09-27 13:00:00,29.8,100.0,26.6,9,27,271,39,7,2020,1,0,0
2020-09-27 14:00:00,28.3,100.0,27.3,9,27,271,39,7,2020,1,0,0
2020-09-27 15:00:00,28.6,100.0,28.0,9,27,271,39,7,2020,1,0,0
2020-09-27 16:00:00,30.3,100.0,28.2,9,27,271,39,7,2020,1,0,0
2020-09-27 17:00:00,31.4,100.0,28.5,9,27,271,39,7,2020,1,0,0
2020-09-27 18:00:00,32.6,99.9,28.7,9,27,271,39,7,2020,1,0,0
2020-09-27 19:00:00,34.1,100.0,28.4,9,27,271,39,7,2020,1,0,0
2020-09-27 20:00:00,37.3,100.0,28.3,9,27,271,39,7,2020,1,0,0
2020-09-27 21:00:00,32.9,100.0,27.1,9,27,271,39,7,2020,1,0,0
2020-09-27 22:00:00,33.6,100.0,26.2,9,27,271,39,7,2020,1,0,0
2020-09-27 23:00:00,36.1,100.0,26.0,9,27,271,39,7,2020,1,0,0
2020-09-28 00:00:00,30.9,100.0,25.7,9,28,272,40,1,2020,0,0,0
2020-09-28 01:00:00,30.1,100.0,25.6,9,28,272,40,1,2020,0,0,0
2020-09-28 02:00:00,32.1,100.0,25.2,9,28,272,40,1,2020,0,0,0
2020-09-28 03:00:00,37.5,100.0,24.9,9,28,272,40,1,2020,0,0,0
2020-09-28 04:00:00,33.0,100.0,25.1,9,28,272,40,1,2020,0,0,0
2020-09-28 05:00:00,33.1,100.0,25.2,9,28,272,40,1,2020,0,0,0
2020-09-28 06:00:00,35.1,100.0,25.0,9,28,272,40,1,2020,0,0,0
2020-09-28 07:00:00,33.1,100.0,25.1,9,28,272,40,1,2020,0,0,0
2020-09-28 08:00:00,31.5,100.0,25.7,9,28,272,40,1,2020,0,0,0
2020-09-28 09:00:00,33.7,100.0,26.2,9,28,272,40,1,2020,0,0,0
2020-09-28 10:00:00,40.8,100.0,27.2,9,28,272,40,1,2020,0,0,0
2020-09-28 11:00:00,43.8,99.6,28.1,9,28,272,40,1,2020,0,0,0
2020-09-28 12:00:00,40.1,96.6,29.1,9,28,272,40,1,2020,0,0,0
2020-09-28 13:00:00,42.9,98.2,28.7,9,28,272,40,1,2020,0,0,0
2020-09-28 14:00:00,45.0,96.1,29.5,9,28,272,40,1,2020,0,0,0
2020-09-28 15:00:00,42.7,95.7,29.6,9,28,272,40,1,2020,0,0,0
2020-09-28 16:00:00,43.7,95.1,29.9,9,28,272,40,1,2020,0,0,0
2020-09-28 17:00:00,41.9,95.2,29.9,9,28,272,40,1,2020,0,0,0
2020-09-28 18:00:00,46.4,97.0,29.6,9,28,272,40,1,2020,0,0,0
2020-09-28 19:00:00,59.4,99.0,29.1,9,28,272,40,1,2020,0,0,0
2020-09-28 20:00:00,77.9,100.0,28.8,9,28,272,40,1,2020,0,0,0
2020-09-28 21:00:00,76.2,100.0,28.6,9,28,272,40,1,2020,0,0,0
2020-09-28 22:00:00,73.4,100.0,28.5,9,28,272,40,1,2020,0,0,0
2020-09-28 23:00:00,73.2,100.0,28.4,9,28,272,40,1,2020,0,0,0
2020-09-29 00:00:00,70.6,100.0,28.2,9,29,273,40,2,2020,0,0,0
2020-09-29 01:00:00,60.1,100.0,28.1,9,29,273,40,2,2020,0,0,0
2020-09-29 02:00:00,56.4,100.0,27.9,9,29,273,40,2,2020,0,0,0
2020-09-29 03:00:00,57.3,100.0,27.7,9,29,273,40,2,2020,0,0,0
2020-09-29 04:00:00,71.1,100.0,27.9,9,29,273,40,2,2020,0,0,0
2020-09-29 05:00:00,84.1,100.0,27.8,9,29,273,40,2,2020,0,0,0
2020-09-29 06:00:00,99.1,100.0,27.7,9,29,273,40,2,2020,0,0,0
2020-09-29 07:00:00,66.0,100.0,27.7,9,29,273,40,2,2020,0,0,0
2020-09-29 08:00:00,42.2,100.0,28.2,9,29,273,40,2,2020,0,0,0
2020-09-29 09:00:00,43.7,98.6,29.8,9,29,273,40,2,2020,0,0,0
2020-09-29 10:00:00,45.3,92.9,31.1,9,29,273,40,2,2020,0,0,0
2020-09-29 11:00:00,45.7,89.8,31.7,9,29,273,40,2,2020,0,0,0
2020-09-29 12:00:00,39.4,82.6,32.8,9,29,273,40,2,2020,0,0,0
2020-09-29 13:00:00,38.0,81.2,33.2,9,29,273,40,2,2020,0,0,0
2020-09-29 14:00:00,37.9,81.1,33.2,9,29,273,40,2,2020,0,0,0
2020-09-29 15:00:00,38.4,80.6,33.2,9,29,273,40,2,2020,0,0,0
2020-09-29 16:00:00,42.1,83.0,32.7,9,29,273,40,2,2020,0,0,0
2020-09-29 17:00:00,44.3,85.4,32.6,9,29,273,40,2,2020,0,0,0
2020-09-29 18:00:00,47.3,88.3,32.0,9,29,273,40,2,2020,0,0,0
2020-09-29 19:00:00,37.9,96.6,31.3,9,29,273,40,2,2020,0,0,0
2020-09-29 20:00:00,31.9,98.3,30.6,9,29,273,40,2,2020,0,0,0
2020-09-29 21:00:00,34.1,98.5,30.3,9,29,273,40,2,2020,0,0,0
2020-09-29 22:00:00,33.4,99.7,30.1,9,29,273,40,2,2020,0,0,0
2020-09-29 23:00:00,31.7,100.0,29.7,9,29,273,40,2,2020,0,0,0
2020-09-30 00:00:00,36.5,100.0,29.0,9,30,274,40,3,2020,0,0,1
2020-09-30 01:00:00,34.3,100.0,28.4,9,30,274,40,3,2020,0,0,1
2020-09-30 02:00:00,35.5,100.0,28.4,9,30,274,40,3,2020,0,0,1
2020-09-30 03:00:00,39.8,100.0,28.3,9,30,274,40,3,2020,0,0,1
2020-09-30 04:00:00,39.6,100.0,28.2,9,30,274,40,3,2020,0,0,1
2020-09-30 05:00:00,40.4,100.0,28.3,9,30,274,40,3,2020,0,0,1
2020-09-30 06:00:00,46.2,100.0,28.2,9,30,274,40,3,2020,0,0,1
2020-09-30 07:00:00,40.4,100.0,28.6,9,30,274,40,3,2020,0,0,1
2020-09-30 08:00:00,34.5,100.0,29.6,9,30,274,40,3,2020,0,0,1
2020-09-30 09:00:00,32.1,95.8,31.1,9,30,274,40,3,2020,0,0,1
2020-09-30 10:00:00,30.6,89.8,32.4,9,30,274,40,3,2020,0,0,1
2020-09-30 11:00:00,31.3,84.1,33.7,9,30,274,40,3,2020,0,0,1
2020-09-30 12:00:00,31.1,80.1,34.5,9,30,274,40,3,2020,0,0,1
2020-09-30 13:00:00,31.5,80.0,34.2,9,30,274,40,3,2020,0,0,1
2020-09-30 14:00:00,30.5,82.7,34.4,9,30,274,40,3,2020,0,0,1
2020-09-30 15:00:00,32.6,91.5,32.6,9,30,274,40,3,2020,0,0,1
2020-09-30 16:00:00,47.92669639671784,88.37511055336446,26.37755945978244,9,30,274,40,3,2020,0,0,1
2020-09-30 17:00:00,47.92669639671784,88.37511055336446,26.37755945978244,9,30,274,40,3,2020,0,0,1
2020-09-30 18:00:00,47.92669639671784,88.37511055336446,26.37755945978244,9,30,274,40,3,2020,0,0,1
2020-09-30 19:00:00,38.4,94.9,31.9,9,30,274,40,3,2020,0,0,1
2020-09-30 20:00:00,34.0,97.6,31.4,9,30,274,40,3,2020,0,0,1
2020-09-30 21:00:00,33.6,97.9,31.2,9,30,274,40,3,2020,0,0,1
2020-09-30 22:00:00,30.5,98.8,31.1,9,30,274,40,3,2020,0,0,1
2020-09-30 23:00:00,33.6,100.0,30.6,9,30,274,40,3,2020,0,0,1
2020-01-10 00:00:00,47.92669639671784,88.37511055336446,26.37755945978244,1,10,10,2,5,2020,1,0,0
2020-01-10 01:00:00,47.92669639671784,88.37511055336446,26.37755945978244,1,10,10,2,5,2020,1,0,0
2020-01-10 02:00:00,47.92669639671784,88.37511055336446,26.37755945978244,1,10,10,2,5,2020,1,0,0
2020-01-10 03:00:00,47.92669639671784,88.37511055336446,26.37755945978244,1,10,10,2,5,2020,1,0,0
2020-01-10 04:00:00,47.92669639671784,88.37511055336446,26.37755945978244,1,10,10,2,5,2020,1,0,0
2020-01-10 05:00:00,47.92669639671784,88.37511055336446,26.37755945978244,1,10,10,2,5,2020,1,0,0
2020-01-10 06:00:00,47.92669639671784,88.37511055336446,26.37755945978244,1,10,10,2,5,2020,1,0,0
2020-01-10 07:00:00,47.92669639671784,88.37511055336446,26.37755945978244,1,10,10,2,5,2020,1,0,0
2020-01-10 08:00:00,47.92669639671784,88.37511055336446,26.37755945978244,1,10,10,2,5,2020,1,0,0
2020-01-10 09:00:00,47.92669639671784,88.37511055336446,26.37755945978244,1,10,10,2,5,2020,1,0,0
2020-01-10 10:00:00,29.2,88.37511055336446,26.37755945978244,1,10,10,2,5,2020,1,0,0
2020-01-10 11:00:00,28.9,100.0,29.1,1,10,10,2,5,2020,1,0,0
2020-01-10 12:00:00,30.6,100.0,29.4,1,10,10,2,5,2020,1,0,0
2020-01-10 13:00:00,36.3,96.5,30.5,1,10,10,2,5,2020,1,0,0
2020-01-10 14:00:00,40.4,90.9,31.8,1,10,10,2,5,2020,1,0,0
2020-01-10 15:00:00,29.6,89.6,31.7,1,10,10,2,5,2020,1,0,0
2020-01-10 16:00:00,30.8,89.6,31.3,1,10,10,2,5,2020,1,0,0
2020-01-10 17:00:00,32.9,90.3,31.5,1,10,10,2,5,2020,1,0,0
2020-01-10 18:00:00,44.7,100.0,28.5,1,10,10,2,5,2020,1,0,0
2020-01-10 19:00:00,31.2,100.0,28.9,1,10,10,2,5,2020,1,0,0
2020-01-10 20:00:00,34.7,100.0,28.8,1,10,10,2,5,2020,1,0,0
2020-01-10 21:00:00,37.9,100.0,28.9,1,10,10,2,5,2020,1,0,0
2020-01-10 22:00:00,36.8,100.0,28.9,1,10,10,2,5,2020,1,0,0
2020-01-10 23:00:00,34.1,100.0,28.7,1,10,10,2,5,2020,1,0,0
2020-02-10 00:00:00,34.6,100.0,28.6,2,10,41,7,1,2020,0,0,0
2020-02-10 01:00:00,34.5,100.0,28.5,2,10,41,7,1,2020,0,0,0
2020-02-10 02:00:00,34.7,100.0,28.5,2,10,41,7,1,2020,0,0,0
2020-02-10 03:00:00,37.4,100.0,28.4,2,10,41,7,1,2020,0,0,0
2020-02-10 04:00:00,41.8,100.0,28.3,2,10,41,7,1,2020,0,0,0
2020-02-10 05:00:00,56.3,100.0,27.8,2,10,41,7,1,2020,0,0,0
2020-02-10 06:00:00,57.0,100.0,27.7,2,10,41,7,1,2020,0,0,0
2020-02-10 07:00:00,60.8,100.0,27.7,2,10,41,7,1,2020,0,0,0
2020-02-10 08:00:00,67.8,100.0,27.9,2,10,41,7,1,2020,0,0,0
2020-02-10 09:00:00,65.7,100.0,27.9,2,10,41,7,1,2020,0,0,0
2020-02-10 10:00:00,43.3,100.0,28.0,2,10,41,7,1,2020,0,0,0
2020-02-10 11:00:00,47.8,100.0,28.5,2,10,41,7,1,2020,0,0,0
2020-02-10 12:00:00,50.6,99.2,29.9,2,10,41,7,1,2020,0,0,0
2020-02-10 13:00:00,48.0,88.1,32.6,2,10,41,7,1,2020,0,0,0
2020-02-10 14:00:00,36.9,84.2,33.1,2,10,41,7,1,2020,0,0,0
2020-02-10 15:00:00,27.2,85.4,32.5,2,10,41,7,1,2020,0,0,0
2020-02-10 16:00:00,29.0,88.6,31.9,2,10,41,7,1,2020,0,0,0
2020-02-10 17:00:00,33.1,89.7,31.6,2,10,41,7,1,2020,0,0,0
2020-02-10 18:00:00,33.6,91.7,31.3,2,10,41,7,1,2020,0,0,0
2020-02-10 19:00:00,34.1,96.8,30.6,2,10,41,7,1,2020,0,0,0
2020-02-10 20:00:00,38.7,98.4,30.5,2,10,41,7,1,2020,0,0,0
2020-02-10 21:00:00,44.0,99.7,30.3,2,10,41,7,1,2020,0,0,0
2020-02-10 22:00:00,42.6,100.0,30.2,2,10,41,7,1,2020,0,0,0
2020-02-10 23:00:00,40.0,100.0,29.7,2,10,41,7,1,2020,0,0,0
2020-03-10 00:00:00,36.7,100.0,29.5,3,10,70,11,2,2020,0,0,0
2020-03-10 01:00:00,34.2,100.0,29.2,3,10,70,11,2,2020,0,0,0
2020-03-10 02:00:00,33.2,100.0,29.0,3,10,70,11,2,2020,0,0,0
2020-03-10 03:00:00,42.5,100.0,28.7,3,10,70,11,2,2020,0,0,0
2020-03-10 04:00:00,44.6,100.0,28.6,3,10,70,11,2,2020,0,0,0
2020-03-10 05:00:00,50.2,100.0,28.4,3,10,70,11,2,2020,0,0,0
2020-03-10 06:00:00,53.4,100.0,28.4,3,10,70,11,2,2020,0,0,0
2020-03-10 07:00:00,63.4,100.0,28.5,3,10,70,11,2,2020,0,0,0
2020-03-10 08:00:00,58.3,100.0,28.7,3,10,70,11,2,2020,0,0,0
2020-03-10 09:00:00,50.2,100.0,29.7,3,10,70,11,2,2020,0,0,0
2020-03-10 10:00:00,53.2,99.9,30.0,3,10,70,11,2,2020,0,0,0
2020-03-10 11:00:00,39.6,97.5,30.8,3,10,70,11,2,2020,0,0,0
2020-03-10 12:00:00,41.2,100.0,28.6,3,10,70,11,2,2020,0,0,0
2020-03-10 13:00:00,44.4,100.0,29.6,3,10,70,11,2,2020,0,0,0
2020-03-10 14:00:00,33.6,100.0,28.7,3,10,70,11,2,2020,0,0,0
2020-03-10 15:00:00,29.7,100.0,28.1,3,10,70,11,2,2020,0,0,0
2020-03-10 16:00:00,31.2,100.0,27.8,3,10,70,11,2,2020,0,0,0
2020-03-10 17:00:00,32.1,100.0,27.7,3,10,70,11,2,2020,0,0,0
2020-03-10 18:00:00,33.1,100.0,28.0,3,10,70,11,2,2020,0,0,0
2020-03-10 19:00:00,33.8,100.0,28.2,3,10,70,11,2,2020,0,0,0
2020-03-10 20:00:00,31.7,100.0,28.6,3,10,70,11,2,2020,0,0,0
2020-03-10 21:00:00,28.7,100.0,29.0,3,10,70,11,2,2020,0,0,0
2020-03-10 22:00:00,27.9,100.0,29.1,3,10,70,11,2,2020,0,0,0
2020-03-10 23:00:00,29.2,100.0,29.0,3,10,70,11,2,2020,0,0,0
2020-04-10 00:00:00,36.4,100.0,28.8,4,10,101,15,5,2020,1,0,0
2020-04-10 01:00:00,53.3,100.0,28.6,4,10,101,15,5,2020,1,0,0
2020-04-10 02:00:00,77.5,100.0,28.5,4,10,101,15,5,2020,1,0,0
2020-04-10 03:00:00,76.2,100.0,28.2,4,10,101,15,5,2020,1,0,0
2020-04-10 04:00:00,111.4,100.0,27.1,4,10,101,15,5,2020,1,0,0
2020-04-10 05:00:00,74.2,100.0,27.2,4,10,101,15,5,2020,1,0,0
2020-04-10 06:00:00,33.3,100.0,25.8,4,10,101,15,5,2020,1,0,0
2020-04-10 07:00:00,25.4,100.0,26.2,4,10,101,15,5,2020,1,0,0
2020-04-10 08:00:00,27.0,100.0,26.8,4,10,101,15,5,2020,1,0,0
2020-04-10 09:00:00,26.4,100.0,27.9,4,10,101,15,5,2020,1,0,0
2020-04-10 10:00:00,26.3,100.0,29.5,4,10,101,15,5,2020,1,0,0
2020-04-10 11:00:00,26.7,99.8,30.2,4,10,101,15,5,2020,1,0,0
2020-04-10 12:00:00,24.7,91.8,32.1,4,10,101,15,5,2020,1,0,0
2020-04-10 13:00:00,24.0,88.0,32.4,4,10,101,15,5,2020,1,0,0
2020-04-10 14:00:00,24.3,87.4,32.2,4,10,101,15,5,2020,1,0,0
2020-04-10 15:00:00,24.4,88.7,32.1,4,10,101,15,5,2020,1,0,0
2020-04-10 16:00:00,25.7,90.0,32.3,4,10,101,15,5,2020,1,0,0
2020-04-10 17:00:00,25.3,88.1,32.1,4,10,101,15,5,2020,1,0,0
2020-04-10 18:00:00,28.6,91.1,31.3,4,10,101,15,5,2020,1,0,0
2020-04-10 19:00:00,29.3,94.7,31.1,4,10,101,15,5,2020,1,0,0
2020-04-10 20:00:00,29.7,94.1,30.6,4,10,101,15,5,2020,1,0,0
2020-04-10 21:00:00,31.2,97.0,30.3,4,10,101,15,5,2020,1,0,0
2020-04-10 22:00:00,33.5,99.9,29.9,4,10,101,15,5,2020,1,0,0
2020-04-10 23:00:00,28.9,100.0,29.6,4,10,101,15,5,2020,1,0,0
2020-05-10 00:00:00,27.8,100.0,29.2,5,10,131,19,7,2020,1,0,0
2020-05-10 01:00:00,28.1,100.0,29.0,5,10,131,19,7,2020,1,0,0
2020-05-10 02:00:00,33.8,100.0,28.6,5,10,131,19,7,2020,1,0,0
2020-05-10 03:00:00,34.9,100.0,28.4,5,10,131,19,7,2020,1,0,0
2020-05-10 04:00:00,38.3,100.0,28.1,5,10,131,19,7,2020,1,0,0
2020-05-10 05:00:00,37.7,100.0,28.1,5,10,131,19,7,2020,1,0,0
2020-05-10 06:00:00,38.2,100.0,28.0,5,10,131,19,7,2020,1,0,0
2020-05-10 07:00:00,40.5,100.0,28.3,5,10,131,19,7,2020,1,0,0
2020-05-10 08:00:00,37.3,100.0,29.4,5,10,131,19,7,2020,1,0,0
2020-05-10 09:00:00,32.2,98.0,30.5,5,10,131,19,7,2020,1,0,0
2020-05-10 10:00:00,26.5,88.6,31.9,5,10,131,19,7,2020,1,0,0
2020-05-10 11:00:00,29.2,87.2,32.3,5,10,131,19,7,2020,1,0,0
2020-05-10 12:00:00,32.4,89.8,31.3,5,10,131,19,7,2020,1,0,0
2020-05-10 13:00:00,32.3,83.2,33.2,5,10,131,19,7,2020,1,0,0
2020-05-10 14:00:00,27.5,95.5,28.4,5,10,131,19,7,2020,1,0,0
2020-05-10 15:00:00,28.5,100.0,26.8,5,10,131,19,7,2020,1,0,0
2020-05-10 16:00:00,32.7,100.0,27.8,5,10,131,19,7,2020,1,0,0
2020-05-10 17:00:00,32.6,100.0,27.8,5,10,131,19,7,2020,1,0,0
2020-05-10 18:00:00,34.7,100.0,27.8,5,10,131,19,7,2020,1,0,0
2020-05-10 19:00:00,37.2,100.0,28.0,5,10,131,19,7,2020,1,0,0
2020-05-10 20:00:00,37.0,100.0,28.1,5,10,131,19,7,2020,1,0,0
2020-05-10 21:00:00,37.6,100.0,28.1,5,10,131,19,7,2020,1,0,0
2020-05-10 22:00:00,47.7,100.0,28.1,5,10,131,19,7,2020,1,0,0
2020-05-10 23:00:00,40.6,100.0,27.9,5,10,131,19,7,2020,1,0,0
2020-06-10 00:00:00,46.0,100.0,27.7,6,10,162,24,3,2020,0,0,0
2020-06-10 01:00:00,42.5,100.0,27.2,6,10,162,24,3,2020,0,0,0
2020-06-10 02:00:00,39.8,100.0,26.9,6,10,162,24,3,2020,0,0,0
2020-06-10 03:00:00,39.2,100.0,26.6,6,10,162,24,3,2020,0,0,0
2020-06-10 04:00:00,39.2,100.0,26.4,6,10,162,24,3,2020,0,0,0
2020-06-10 05:00:00,43.1,100.0,26.3,6,10,162,24,3,2020,0,0,0
2020-06-10 06:00:00,41.1,100.0,26.2,6,10,162,24,3,2020,0,0,0
2020-06-10 07:00:00,42.5,99.9,26.1,6,10,162,24,3,2020,0,0,0
2020-06-10 08:00:00,37.2,98.4,26.4,6,10,162,24,3,2020,0,0,0
2020-06-10 09:00:00,34.4,94.2,27.4,6,10,162,24,3,2020,0,0,0
2020-06-10 10:00:00,32.9,90.9,28.1,6,10,162,24,3,2020,0,0,0
2020-06-10 11:00:00,32.3,89.4,28.4,6,10,162,24,3,2020,0,0,0
2020-06-10 12:00:00,32.1,87.3,29.2,6,10,162,24,3,2020,0,0,0
2020-06-10 13:00:00,30.9,81.9,31.0,6,10,162,24,3,2020,0,0,0
2020-06-10 14:00:00,28.7,83.3,30.2,6,10,162,24,3,2020,0,0,0
2020-06-10 15:00:00,28.2,84.8,30.0,6,10,162,24,3,2020,0,0,0
2020-06-10 16:00:00,30.5,86.3,29.4,6,10,162,24,3,2020,0,0,0
2020-06-10 17:00:00,31.7,87.5,29.0,6,10,162,24,3,2020,0,0,0
2020-06-10 18:00:00,34.1,89.2,28.2,6,10,162,24,3,2020,0,0,0
2020-06-10 19:00:00,36.4,91.0,27.5,6,10,162,24,3,2020,0,0,0
2020-06-10 20:00:00,35.9,91.6,26.9,6,10,162,24,3,2020,0,0,0
2020-06-10 21:00:00,34.0,93.0,26.3,6,10,162,24,3,2020,0,0,0
2020-06-10 22:00:00,32.8,94.0,25.9,6,10,162,24,3,2020,0,0,0
2020-06-10 23:00:00,32.2,95.3,25.6,6,10,162,24,3,2020,0,0,0
2020-07-10 00:00:00,31.2,95.8,25.4,7,10,192,28,5,2020,1,0,0
2020-07-10 01:00:00,30.0,95.2,25.5,7,10,192,28,5,2020,1,0,0
2020-07-10 02:00:00,29.8,95.9,25.3,7,10,192,28,5,2020,1,0,0
2020-07-10 03:00:00,28.2,95.5,25.0,7,10,192,28,5,2020,1,0,0
2020-07-10 04:00:00,27.8,96.3,24.9,7,10,192,28,5,2020,1,0,0
2020-07-10 05:00:00,28.7,96.9,24.8,7,10,192,28,5,2020,1,0,0
2020-07-10 06:00:00,30.6,97.4,24.7,7,10,192,28,5,2020,1,0,0
2020-07-10 07:00:00,29.4,96.6,24.8,7,10,192,28,5,2020,1,0,0
2020-07-10 08:00:00,30.8,94.6,25.0,7,10,192,28,5,2020,1,0,0
2020-07-10 09:00:00,31.9,90.6,25.7,7,10,192,28,5,2020,1,0,0
2020-07-10 10:00:00,29.2,88.8,26.1,7,10,192,28,5,2020,1,0,0
2020-07-10 11:00:00,47.92669639671784,88.37511055336446,26.37755945978244,7,10,192,28,5,2020,1,0,0
2020-07-10 12:00:00,47.92669639671784,88.37511055336446,26.37755945978244,7,10,192,28,5,2020,1,0,0
2020-07-10 13:00:00,47.92669639671784,88.37511055336446,26.37755945978244,7,10,192,28,5,2020,1,0,0
2020-07-10 14:00:00,47.92669639671784,88.37511055336446,26.37755945978244,7,10,192,28,5,2020,1,0,0
2020-07-10 15:00:00,47.92669639671784,88.37511055336446,26.37755945978244,7,10,192,28,5,2020,1,0,0
2020-07-10 16:00:00,47.92669639671784,88.37511055336446,26.37755945978244,7,10,192,28,5,2020,1,0,0
2020-07-10 17:00:00,47.92669639671784,88.37511055336446,26.37755945978244,7,10,192,28,5,2020,1,0,0
2020-07-10 18:00:00,31.0,82.0,28.2,7,10,192,28,5,2020,1,0,0
2020-07-10 19:00:00,32.1,83.5,27.5,7,10,192,28,5,2020,1,0,0
2020-07-10 20:00:00,36.0,86.3,26.9,7,10,192,28,5,2020,1,0,0
2020-07-10 21:00:00,34.4,87.6,25.9,7,10,192,28,5,2020,1,0,0
2020-07-10 22:00:00,31.8,86.6,25.4,7,10,192,28,5,2020,1,0,0
2020-07-10 23:00:00,31.2,86.4,25.0,7,10,192,28,5,2020,1,0,0
2020-08-10 00:00:00,49.2,87.5,24.7,8,10,223,33,1,2020,0,0,0
2020-08-10 01:00:00,39.6,88.8,24.4,8,10,223,33,1,2020,0,0,0
2020-08-10 02:00:00,32.7,91.6,24.0,8,10,223,33,1,2020,0,0,0
2020-08-10 03:00:00,32.5,92.1,23.9,8,10,223,33,1,2020,0,0,0
2020-08-10 04:00:00,31.8,90.0,24.1,8,10,223,33,1,2020,0,0,0
2020-08-10 05:00:00,39.7,90.3,24.0,8,10,223,33,1,2020,0,0,0
2020-08-10 06:00:00,36.0,90.8,23.9,8,10,223,33,1,2020,0,0,0
2020-08-10 07:00:00,38.7,88.5,24.0,8,10,223,33,1,2020,0,0,0
2020-08-10 08:00:00,32.1,84.3,24.3,8,10,223,33,1,2020,0,0,0
2020-08-10 09:00:00,31.2,79.9,25.5,8,10,223,33,1,2020,0,0,0
2020-08-10 10:00:00,28.8,75.3,26.4,8,10,223,33,1,2020,0,0,0
2020-08-10 11:00:00,28.8,72.7,27.8,8,10,223,33,1,2020,0,0,0
2020-08-10 12:00:00,28.4,70.8,28.6,8,10,223,33,1,2020,0,0,0
2020-08-10 13:00:00,27.2,68.1,29.6,8,10,223,33,1,2020,0,0,0
2020-08-10 14:00:00,27.1,69.0,29.5,8,10,223,33,1,2020,0,0,0
2020-08-10 15:00:00,28.0,72.8,28.2,8,10,223,33,1,2020,0,0,0
2020-08-10 16:00:00,29.7,75.4,27.5,8,10,223,33,1,2020,0,0,0
2020-08-10 17:00:00,31.1,77.0,27.1,8,10,223,33,1,2020,0,0,0
2020-08-10 18:00:00,33.5,78.9,26.5,8,10,223,33,1,2020,0,0,0
2020-08-10 19:00:00,33.7,80.3,25.8,8,10,223,33,1,2020,0,0,0
2020-08-10 20:00:00,34.6,80.8,25.6,8,10,223,33,1,2020,0,0,0
2020-08-10 21:00:00,34.6,82.6,25.1,8,10,223,33,1,2020,0,0,0
2020-08-10 22:00:00,34.0,83.9,24.9,8,10,223,33,1,2020,0,0,0
2020-08-10 23:00:00,31.3,85.5,24.6,8,10,223,33,1,2020,0,0,0
2020-09-10 00:00:00,31.4,85.7,24.4,9,10,254,37,4,2020,0,0,0
2020-09-10 01:00:00,35.0,86.5,24.3,9,10,254,37,4,2020,0,0,0
2020-09-10 02:00:00,35.1,86.3,24.3,9,10,254,37,4,2020,0,0,0
2020-09-10 03:00:00,41.9,86.3,24.2,9,10,254,37,4,2020,0,0,0
2020-09-10 04:00:00,41.2,86.3,24.2,9,10,254,37,4,2020,0,0,0
2020-09-10 05:00:00,31.9,87.4,23.9,9,10,254,37,4,2020,0,0,0
2020-09-10 06:00:00,30.2,87.7,23.8,9,10,254,37,4,2020,0,0,0
2020-09-10 07:00:00,32.9,88.3,23.9,9,10,254,37,4,2020,0,0,0
2020-09-10 08:00:00,29.9,85.3,24.2,9,10,254,37,4,2020,0,0,0
2020-09-10 09:00:00,30.2,82.5,24.7,9,10,254,37,4,2020,0,0,0
2020-09-10 10:00:00,28.6,79.7,25.5,9,10,254,37,4,2020,0,0,0
2020-09-10 11:00:00,28.5,77.7,26.6,9,10,254,37,4,2020,0,0,0
2020-09-10 12:00:00,27.9,72.0,28.5,9,10,254,37,4,2020,0,0,0
2020-09-10 13:00:00,26.9,66.4,30.3,9,10,254,37,4,2020,0,0,0
2020-09-10 14:00:00,26.7,67.3,30.2,9,10,254,37,4,2020,0,0,0
2020-09-10 15:00:00,27.8,72.5,28.4,9,10,254,37,4,2020,0,0,0
2020-09-10 16:00:00,28.8,75.1,27.6,9,10,254,37,4,2020,0,0,0
2020-09-10 17:00:00,29.9,76.2,27.2,9,10,254,37,4,2020,0,0,0
2020-09-10 18:00:00,31.5,77.7,26.8,9,10,254,37,4,2020,0,0,0
2020-09-10 19:00:00,32.0,79.0,26.0,9,10,254,37,4,2020,0,0,0
2020-09-10 20:00:00,33.8,80.2,25.4,9,10,254,37,4,2020,0,0,0
2020-09-10 21:00:00,38.2,81.8,25.1,9,10,254,37,4,2020,0,0,0
2020-09-10 22:00:00,32.4,81.5,24.6,9,10,254,37,4,2020,0,0,0
2020-09-10 23:00:00,35.8,83.1,24.0,9,10,254,37,4,2020,0,0,0
2020-10-10 00:00:00,34.4,84.2,23.6,10,10,284,41,6,2020,1,0,0
2020-10-10 01:00:00,33.0,86.1,23.2,10,10,284,41,6,2020,1,0,0
2020-10-10 02:00:00,32.8,87.6,22.9,10,10,284,41,6,2020,1,0,0
2020-10-10 03:00:00,33.0,87.7,22.9,10,10,284,41,6,2020,1,0,0
2020-10-10 04:00:00,45.3,90.0,22.7,10,10,284,41,6,2020,1,0,0
2020-10-10 05:00:00,47.1,91.2,22.5,10,10,284,41,6,2020,1,0,0
2020-10-10 06:00:00,41.8,92.4,22.4,10,10,284,41,6,2020,1,0,0
2020-10-10 07:00:00,40.1,92.3,22.5,10,10,284,41,6,2020,1,0,0
2020-10-10 08:00:00,35.6,86.4,23.5,10,10,284,41,6,2020,1,0,0
2020-10-10 09:00:00,34.4,78.7,24.4,10,10,284,41,6,2020,1,0,0
2020-10-10 10:00:00,33.4,74.5,25.7,10,10,284,41,6,2020,1,0,0
2020-10-10 11:00:00,31.9,70.7,27.1,10,10,284,41,6,2020,1,0,0
2020-10-10 12:00:00,30.3,66.2,28.6,10,10,284,41,6,2020,1,0,0
2020-10-10 13:00:00,28.0,64.8,29.3,10,10,284,41,6,2020,1,0,0
2020-10-10 14:00:00,27.2,64.4,29.7,10,10,284,41,6,2020,1,0,0
2020-10-10 15:00:00,28.4,70.9,27.8,10,10,284,41,6,2020,1,0,0
2020-10-10 16:00:00,28.9,73.5,27.3,10,10,284,41,6,2020,1,0,0
2020-10-10 17:00:00,29.8,74.6,27.1,10,10,284,41,6,2020,1,0,0
2020-10-10 18:00:00,33.0,76.0,26.8,10,10,284,41,6,2020,1,0,0
2020-10-10 19:00:00,47.4,77.4,26.4,10,10,284,41,6,2020,1,0,0
2020-10-10 20:00:00,37.4,77.8,26.0,10,10,284,41,6,2020,1,0,0
2020-10-10 21:00:00,41.2,79.2,25.5,10,10,284,41,6,2020,1,0,0
2020-10-10 22:00:00,43.5,80.8,25.0,10,10,284,41,6,2020,1,0,0
2020-10-10 23:00:00,40.2,81.2,24.5,10,10,284,41,6,2020,1,0,0
2020-11-10 00:00:00,41.7,83.7,24.0,11,10,315,46,2,2020,0,0,0
2020-11-10 01:00:00,37.5,87.8,23.2,11,10,315,46,2,2020,0,0,0
2020-11-10 02:00:00,35.2,88.7,22.9,11,10,315,46,2,2020,0,0,0
2020-11-10 03:00:00,36.3,88.6,22.8,11,10,315,46,2,2020,0,0,0
2020-11-10 04:00:00,42.7,89.1,22.6,11,10,315,46,2,2020,0,0,0
2020-11-10 05:00:00,41.7,88.9,22.5,11,10,315,46,2,2020,0,0,0
2020-11-10 06:00:00,40.6,87.2,22.6,11,10,315,46,2,2020,0,0,0
2020-11-10 07:00:00,33.6,84.4,23.1,11,10,315,46,2,2020,0,0,0
2020-11-10 08:00:00,35.1,81.2,24.2,11,10,315,46,2,2020,0,0,0
2020-11-10 09:00:00,34.4,75.6,25.6,11,10,315,46,2,2020,0,0,0
2020-11-10 10:00:00,33.9,72.4,27.2,11,10,315,46,2,2020,0,0,0
2020-11-10 11:00:00,35.3,70.6,28.2,11,10,315,46,2,2020,0,0,0
2020-11-10 12:00:00,34.9,68.0,29.3,11,10,315,46,2,2020,0,0,0
2020-11-10 13:00:00,32.9,68.9,29.1,11,10,315,46,2,2020,0,0,0
2020-11-10 14:00:00,34.1,71.5,28.2,11,10,315,46,2,2020,0,0,0
2020-11-10 15:00:00,35.3,71.0,28.2,11,10,315,46,2,2020,0,0,0
2020-11-10 16:00:00,36.0,71.1,28.0,11,10,315,46,2,2020,0,0,0
2020-11-10 17:00:00,36.3,72.0,27.5,11,10,315,46,2,2020,0,0,0
2020-11-10 18:00:00,41.4,74.0,27.0,11,10,315,46,2,2020,0,0,0
2020-11-10 19:00:00,48.9,77.3,26.5,11,10,315,46,2,2020,0,0,0
2020-11-10 20:00:00,72.3,80.0,26.0,11,10,315,46,2,2020,0,0,0
2020-11-10 21:00:00,84.7,82.5,25.5,11,10,315,46,2,2020,0,0,0
2020-11-10 22:00:00,47.92669639671784,88.37511055336446,26.37755945978244,11,10,315,46,2,2020,0,0,0
2020-11-10 23:00:00,47.92669639671784,88.37511055336446,26.37755945978244,11,10,315,46,2,2020,0,0,0
2020-12-10 00:00:00,47.92669639671784,88.37511055336446,26.37755945978244,12,10,345,50,4,2020,0,0,0
2020-12-10 01:00:00,45.7,86.1,24.2,12,10,345,50,4,2020,0,0,0
2020-12-10 02:00:00,44.6,84.3,24.2,12,10,345,50,4,2020,0,0,0
2020-12-10 03:00:00,39.3,84.4,24.1,12,10,345,50,4,2020,0,0,0
2020-12-10 04:00:00,38.4,85.0,24.1,12,10,345,50,4,2020,0,0,0
2020-12-10 05:00:00,44.6,85.2,24.5,12,10,345,50,4,2020,0,0,0
2020-12-10 06:00:00,45.9,85.8,24.6,12,10,345,50,4,2020,0,0,0
2020-12-10 07:00:00,46.6,85.7,24.9,12,10,345,50,4,2020,0,0,0
2020-12-10 08:00:00,54.2,87.1,25.2,12,10,345,50,4,2020,0,0,0
2020-12-10 09:00:00,61.3,85.9,25.9,12,10,345,50,4,2020,0,0,0
2020-12-10 10:00:00,58.6,81.1,26.8,12,10,345,50,4,2020,0,0,0
2020-12-10 11:00:00,44.3,74.2,28.3,12,10,345,50,4,2020,0,0,0
2020-12-10 12:00:00,43.3,71.4,29.5,12,10,345,50,4,2020,0,0,0
2020-12-10 13:00:00,41.8,67.7,30.8,12,10,345,50,4,2020,0,0,0
2020-12-10 14:00:00,47.92669639671784,88.37511055336446,26.37755945978244,12,10,345,50,4,2020,0,0,0
2020-12-10 15:00:00,47.92669639671784,88.37511055336446,26.37755945978244,12,10,345,50,4,2020,0,0,0
2020-12-10 16:00:00,47.92669639671784,88.37511055336446,26.37755945978244,12,10,345,50,4,2020,0,0,0
2020-12-10 17:00:00,47.92669639671784,88.37511055336446,26.37755945978244,12,10,345,50,4,2020,0,0,0
2020-12-10 18:00:00,47.92669639671784,88.37511055336446,26.37755945978244,12,10,345,50,4,2020,0,0,0
2020-12-10 19:00:00,47.92669639671784,88.37511055336446,26.37755945978244,12,10,345,50,4,2020,0,0,0
2020-12-10 20:00:00,47.92669639671784,88.37511055336446,26.37755945978244,12,10,345,50,4,2020,0,0,0
2020-12-10 21:00:00,47.92669639671784,88.37511055336446,26.37755945978244,12,10,345,50,4,2020,0,0,0
2020-12-10 22:00:00,47.92669639671784,88.37511055336446,26.37755945978244,12,10,345,50,4,2020,0,0,0
2020-12-10 23:00:00,47.92669639671784,88.37511055336446,26.37755945978244,12,10,345,50,4,2020,0,0,0
2020-10-13 00:00:00,47.92669639671784,88.37511055336446,26.37755945978244,10,13,287,42,2,2020,0,0,0
2020-10-13 01:00:00,47.92669639671784,88.37511055336446,26.37755945978244,10,13,287,42,2,2020,0,0,0
2020-10-13 02:00:00,47.92669639671784,88.37511055336446,26.37755945978244,10,13,287,42,2,2020,0,0,0
2020-10-13 03:00:00,47.92669639671784,88.37511055336446,26.37755945978244,10,13,287,42,2,2020,0,0,0
2020-10-13 04:00:00,47.92669639671784,88.37511055336446,26.37755945978244,10,13,287,42,2,2020,0,0,0
2020-10-13 05:00:00,47.92669639671784,88.37511055336446,26.37755945978244,10,13,287,42,2,2020,0,0,0
2020-10-13 06:00:00,47.92669639671784,88.37511055336446,26.37755945978244,10,13,287,42,2,2020,0,0,0
2020-10-13 07:00:00,47.92669639671784,88.37511055336446,26.37755945978244,10,13,287,42,2,2020,0,0,0
2020-10-13 08:00:00,47.92669639671784,88.37511055336446,26.37755945978244,10,13,287,42,2,2020,0,0,0
2020-10-13 09:00:00,47.92669639671784,88.37511055336446,26.37755945978244,10,13,287,42,2,2020,0,0,0
2020-10-13 10:00:00,47.92669639671784,88.37511055336446,26.37755945978244,10,13,287,42,2,2020,0,0,0
2020-10-13 11:00:00,47.92669639671784,88.37511055336446,26.37755945978244,10,13,287,42,2,2020,0,0,0
2020-10-13 12:00:00,40.8,69.4,29.9,10,13,287,42,2,2020,0,0,0
2020-10-13 13:00:00,40.7,70.6,30.1,10,13,287,42,2,2020,0,0,0
2020-10-13 14:00:00,38.1,69.1,30.3,10,13,287,42,2,2020,0,0,0
2020-10-13 15:00:00,38.2,68.5,30.6,10,13,287,42,2,2020,0,0,0
2020-10-13 16:00:00,42.0,69.1,30.7,10,13,287,42,2,2020,0,0,0
2020-10-13 17:00:00,52.7,71.2,30.4,10,13,287,42,2,2020,0,0,0
2020-10-13 18:00:00,65.4,74.9,29.8,10,13,287,42,2,2020,0,0,0
2020-10-13 19:00:00,72.2,79.2,29.1,10,13,287,42,2,2020,0,0,0
2020-10-13 20:00:00,67.3,80.6,28.6,10,13,287,42,2,2020,0,0,0
2020-10-13 21:00:00,40.9,79.3,28.6,10,13,287,42,2,2020,0,0,0
2020-10-13 22:00:00,45.4,83.2,28.1,10,13,287,42,2,2020,0,0,0
2020-10-13 23:00:00,49.8,92.9,26.7,10,13,287,42,2,2020,0,0,0
2020-10-14 00:00:00,59.3,91.1,27.0,10,14,288,42,3,2020,0,0,0
2020-10-14 01:00:00,61.7,89.1,27.3,10,14,288,42,3,2020,0,0,0
2020-10-14 02:00:00,44.2,92.4,26.6,10,14,288,42,3,2020,0,0,0
2020-10-14 03:00:00,39.5,90.6,26.7,10,14,288,42,3,2020,0,0,0
2020-10-14 04:00:00,42.6,97.7,25.5,10,14,288,42,3,2020,0,0,0
2020-10-14 05:00:00,45.6,100.0,24.7,10,14,288,42,3,2020,0,0,0
2020-10-14 06:00:00,44.8,100.0,24.7,10,14,288,42,3,2020,0,0,0
2020-10-14 07:00:00,42.5,100.0,24.9,10,14,288,42,3,2020,0,0,0
2020-10-14 08:00:00,45.9,100.0,25.1,10,14,288,42,3,2020,0,0,0
2020-10-14 09:00:00,47.9,100.0,24.7,10,14,288,42,3,2020,0,0,0
2020-10-14 10:00:00,49.3,100.0,24.4,10,14,288,42,3,2020,0,0,0
2020-10-14 11:00:00,42.8,100.0,24.3,10,14,288,42,3,2020,0,0,0
2020-10-14 12:00:00,35.1,100.0,24.3,10,14,288,42,3,2020,0,0,0
2020-10-14 13:00:00,27.6,100.0,24.1,10,14,288,42,3,2020,0,0,0
2020-10-14 14:00:00,25.1,100.0,24.1,10,14,288,42,3,2020,0,0,0
2020-10-14 15:00:00,25.1,100.0,24.1,10,14,288,42,3,2020,0,0,0
2020-10-14 16:00:00,24.9,100.0,24.1,10,14,288,42,3,2020,0,0,0
2020-10-14 17:00:00,25.5,100.0,23.9,10,14,288,42,3,2020,0,0,0
2020-10-14 18:00:00,24.8,100.0,23.6,10,14,288,42,3,2020,0,0,0
2020-10-14 19:00:00,47.92669639671784,88.37511055336446,26.37755945978244,10,14,288,42,3,2020,0,0,0
2020-10-14 20:00:00,47.92669639671784,88.37511055336446,26.37755945978244,10,14,288,42,3,2020,0,0,0
2020-10-14 21:00:00,47.92669639671784,88.37511055336446,26.37755945978244,10,14,288,42,3,2020,0,0,0
2020-10-14 22:00:00,26.1,100.0,23.6,10,14,288,42,3,2020,0,0,0
2020-10-14 23:00:00,24.6,100.0,23.6,10,14,288,42,3,2020,0,0,0
2020-10-15 00:00:00,25.3,100.0,23.6,10,15,289,42,4,2020,0,0,0
2020-10-15 01:00:00,32.5,100.0,23.6,10,15,289,42,4,2020,0,0,0
2020-10-15 02:00:00,35.7,100.0,23.7,10,15,289,42,4,2020,0,0,0
2020-10-15 03:00:00,36.4,100.0,23.7,10,15,289,42,4,2020,0,0,0
2020-10-15 04:00:00,32.6,100.0,23.4,10,15,289,42,4,2020,0,0,0
2020-10-15 05:00:00,27.1,100.0,23.6,10,15,289,42,4,2020,0,0,0
2020-10-15 06:00:00,26.2,100.0,23.5,10,15,289,42,4,2020,0,0,0
2020-10-15 07:00:00,28.3,100.0,23.7,10,15,289,42,4,2020,0,0,0
2020-10-15 08:00:00,28.7,100.0,24.2,10,15,289,42,4,2020,0,0,0
2020-10-15 09:00:00,26.3,100.0,24.7,10,15,289,42,4,2020,0,0,0
2020-10-15 10:00:00,26.9,100.0,24.9,10,15,289,42,4,2020,0,0,0
2020-10-15 11:00:00,28.1,100.0,25.5,10,15,289,42,4,2020,0,0,0
2020-10-15 12:00:00,28.1,100.0,25.5,10,15,289,42,4,2020,0,0,0
2020-10-15 13:00:00,28.1,100.0,25.0,10,15,289,42,4,2020,0,0,0
2020-10-15 14:00:00,26.8,100.0,24.9,10,15,289,42,4,2020,0,0,0
2020-10-15 15:00:00,28.4,100.0,24.4,10,15,289,42,4,2020,0,0,0
2020-10-15 16:00:00,28.5,100.0,24.2,10,15,289,42,4,2020,0,0,0
2020-10-15 17:00:00,28.4,100.0,23.9,10,15,289,42,4,2020,0,0,0
2020-10-15 18:00:00,27.5,100.0,23.7,10,15,289,42,4,2020,0,0,0
2020-10-15 19:00:00,26.8,100.0,23.6,10,15,289,42,4,2020,0,0,0
2020-10-15 20:00:00,25.6,100.0,23.6,10,15,289,42,4,2020,0,0,0
2020-10-15 21:00:00,24.9,100.0,23.5,10,15,289,42,4,2020,0,0,0
2020-10-15 22:00:00,25.0,100.0,23.4,10,15,289,42,4,2020,0,0,0
2020-10-15 23:00:00,26.1,100.0,23.5,10,15,289,42,4,2020,0,0,0
2020-10-16 00:00:00,27.7,100.0,23.5,10,16,290,42,5,2020,1,0,0
2020-10-16 01:00:00,27.0,100.0,23.5,10,16,290,42,5,2020,1,0,0
2020-10-16 02:00:00,27.5,100.0,23.5,10,16,290,42,5,2020,1,0,0
2020-10-16 03:00:00,26.0,100.0,23.5,10,16,290,42,5,2020,1,0,0
2020-10-16 04:00:00,26.2,100.0,23.5,10,16,290,42,5,2020,1,0,0
2020-10-16 05:00:00,26.0,100.0,23.6,10,16,290,42,5,2020,1,0,0
2020-10-16 06:00:00,27.2,100.0,23.8,10,16,290,42,5,2020,1,0,0
2020-10-16 07:00:00,27.4,100.0,24.0,10,16,290,42,5,2020,1,0,0
2020-10-16 08:00:00,28.3,100.0,24.8,10,16,290,42,5,2020,1,0,0
2020-10-16 09:00:00,29.7,99.7,25.8,10,16,290,42,5,2020,1,0,0
2020-10-16 10:00:00,47.92669639671784,88.37511055336446,26.37755945978244,10,16,290,42,5,2020,1,0,0
2020-10-16 11:00:00,47.92669639671784,88.37511055336446,26.37755945978244,10,16,290,42,5,2020,1,0,0
2020-10-16 12:00:00,47.92669639671784,88.37511055336446,26.37755945978244,10,16,290,42,5,2020,1,0,0
2020-10-16 13:00:00,47.92669639671784,88.37511055336446,26.37755945978244,10,16,290,42,5,2020,1,0,0
2020-10-16 14:00:00,47.92669639671784,88.37511055336446,26.37755945978244,10,16,290,42,5,2020,1,0,0
2020-10-16 15:00:00,47.92669639671784,88.37511055336446,26.37755945978244,10,16,290,42,5,2020,1,0,0
2020-10-16 16:00:00,47.92669639671784,88.37511055336446,26.37755945978244,10,16,290,42,5,2020,1,0,0
2020-10-16 17:00:00,47.92669639671784,88.37511055336446,26.37755945978244,10,16,290,42,5,2020,1,0,0
2020-10-16 18:00:00,47.92669639671784,88.37511055336446,26.37755945978244,10,16,290,42,5,2020,1,0,0
2020-10-16 19:00:00,47.92669639671784,88.37511055336446,26.37755945978244,10,16,290,42,5,2020,1,0,0
2020-10-16 20:00:00,47.92669639671784,88.37511055336446,26.37755945978244,10,16,290,42,5,2020,1,0,0
2020-10-16 21:00:00,47.92669639671784,88.37511055336446,26.37755945978244,10,16,290,42,5,2020,1,0,0
2020-10-16 22:00:00,47.92669639671784,88.37511055336446,26.37755945978244,10,16,290,42,5,2020,1,0,0
2020-10-16 23:00:00,47.92669639671784,88.37511055336446,26.37755945978244,10,16,290,42,5,2020,1,0,0
2020-10-17 00:00:00,47.92669639671784,88.37511055336446,26.37755945978244,10,17,291,42,6,2020,1,0,0
2020-10-17 01:00:00,47.92669639671784,88.37511055336446,26.37755945978244,10,17,291,42,6,2020,1,0,0
2020-10-17 02:00:00,47.92669639671784,88.37511055336446,26.37755945978244,10,17,291,42,6,2020,1,0,0
2020-10-17 03:00:00,47.92669639671784,88.37511055336446,26.37755945978244,10,17,291,42,6,2020,1,0,0
2020-10-17 04:00:00,47.92669639671784,88.37511055336446,26.37755945978244,10,17,291,42,6,2020,1,0,0
2020-10-17 05:00:00,47.92669639671784,88.37511055336446,26.37755945978244,10,17,291,42,6,2020,1,0,0
2020-10-17 06:00:00,47.92669639671784,88.37511055336446,26.37755945978244,10,17,291,42,6,2020,1,0,0
2020-10-17 07:00:00,47.92669639671784,88.37511055336446,26.37755945978244,10,17,291,42,6,2020,1,0,0
2020-10-17 08:00:00,47.92669639671784,88.37511055336446,26.37755945978244,10,17,291,42,6,2020,1,0,0
2020-10-17 09:00:00,47.92669639671784,88.37511055336446,26.37755945978244,10,17,291,42,6,2020,1,0,0
2020-10-17 10:00:00,47.92669639671784,88.37511055336446,26.37755945978244,10,17,291,42,6,2020,1,0,0
2020-10-17 11:00:00,47.92669639671784,88.37511055336446,26.37755945978244,10,17,291,42,6,2020,1,0,0
2020-10-17 12:00:00,47.92669639671784,88.37511055336446,26.37755945978244,10,17,291,42,6,2020,1,0,0
2020-10-17 13:00:00,47.92669639671784,88.37511055336446,26.37755945978244,10,17,291,42,6,2020,1,0,0
2020-10-17 14:00:00,47.92669639671784,88.37511055336446,26.37755945978244,10,17,291,42,6,2020,1,0,0
2020-10-17 15:00:00,47.92669639671784,88.37511055336446,26.37755945978244,10,17,291,42,6,2020,1,0,0
2020-10-17 16:00:00,47.92669639671784,88.37511055336446,26.37755945978244,10,17,291,42,6,2020,1,0,0
2020-10-17 17:00:00,47.92669639671784,88.37511055336446,26.37755945978244,10,17,291,42,6,2020,1,0,0
2020-10-17 18:00:00,47.92669639671784,88.37511055336446,26.37755945978244,10,17,291,42,6,2020,1,0,0
2020-10-17 19:00:00,47.92669639671784,88.37511055336446,26.37755945978244,10,17,291,42,6,2020,1,0,0
2020-10-17 20:00:00,47.92669639671784,88.37511055336446,26.37755945978244,10,17,291,42,6,2020,1,0,0
2020-10-17 21:00:00,47.92669639671784,88.37511055336446,26.37755945978244,10,17,291,42,6,2020,1,0,0
2020-10-17 22:00:00,47.92669639671784,88.37511055336446,26.37755945978244,10,17,291,42,6,2020,1,0,0
2020-10-17 23:00:00,47.92669639671784,88.37511055336446,26.37755945978244,10,17,291,42,6,2020,1,0,0
2020-10-18 00:00:00,47.92669639671784,88.37511055336446,26.37755945978244,10,18,292,42,7,2020,1,0,0
2020-10-18 01:00:00,47.92669639671784,88.37511055336446,26.37755945978244,10,18,292,42,7,2020,1,0,0
2020-10-18 02:00:00,47.92669639671784,88.37511055336446,26.37755945978244,10,18,292,42,7,2020,1,0,0
2020-10-18 03:00:00,47.92669639671784,88.37511055336446,26.37755945978244,10,18,292,42,7,2020,1,0,0
2020-10-18 04:00:00,47.92669639671784,88.37511055336446,26.37755945978244,10,18,292,42,7,2020,1,0,0
2020-10-18 05:00:00,47.92669639671784,88.37511055336446,26.37755945978244,10,18,292,42,7,2020,1,0,0
2020-10-18 06:00:00,47.92669639671784,88.37511055336446,26.37755945978244,10,18,292,42,7,2020,1,0,0
2020-10-18 07:00:00,47.92669639671784,88.37511055336446,26.37755945978244,10,18,292,42,7,2020,1,0,0
2020-10-18 08:00:00,47.92669639671784,88.37511055336446,26.37755945978244,10,18,292,42,7,2020,1,0,0
2020-10-18 09:00:00,47.92669639671784,88.37511055336446,26.37755945978244,10,18,292,42,7,2020,1,0,0
2020-10-18 10:00:00,47.92669639671784,88.37511055336446,26.37755945978244,10,18,292,42,7,2020,1,0,0
2020-10-18 11:00:00,47.92669639671784,88.37511055336446,26.37755945978244,10,18,292,42,7,2020,1,0,0
2020-10-18 12:00:00,47.92669639671784,88.37511055336446,26.37755945978244,10,18,292,42,7,2020,1,0,0
2020-10-18 13:00:00,47.92669639671784,88.37511055336446,26.37755945978244,10,18,292,42,7,2020,1,0,0
2020-10-18 14:00:00,47.92669639671784,88.37511055336446,26.37755945978244,10,18,292,42,7,2020,1,0,0
2020-10-18 15:00:00,47.92669639671784,88.37511055336446,26.37755945978244,10,18,292,42,7,2020,1,0,0
2020-10-18 16:00:00,47.92669639671784,88.37511055336446,26.37755945978244,10,18,292,42,7,2020,1,0,0
2020-10-18 17:00:00,47.92669639671784,88.37511055336446,26.37755945978244,10,18,292,42,7,2020,1,0,0
2020-10-18 18:00:00,47.92669639671784,88.37511055336446,26.37755945978244,10,18,292,42,7,2020,1,0,0
2020-10-18 19:00:00,47.92669639671784,88.37511055336446,26.37755945978244,10,18,292,42,7,2020,1,0,0
2020-10-18 20:00:00,47.92669639671784,88.37511055336446,26.37755945978244,10,18,292,42,7,2020,1,0,0
2020-10-18 21:00:00,47.92669639671784,88.37511055336446,26.37755945978244,10,18,292,42,7,2020,1,0,0
2020-10-18 22:00:00,47.92669639671784,88.37511055336446,26.37755945978244,10,18,292,42,7,2020,1,0,0
2020-10-18 23:00:00,47.92669639671784,88.37511055336446,26.37755945978244,10,18,292,42,7,2020,1,0,0
2020-10-19 00:00:00,47.92669639671784,88.37511055336446,26.37755945978244,10,19,293,43,1,2020,0,0,0
2020-10-19 01:00:00,47.92669639671784,88.37511055336446,26.37755945978244,10,19,293,43,1,2020,0,0,0
2020-10-19 02:00:00,47.92669639671784,88.37511055336446,26.37755945978244,10,19,293,43,1,2020,0,0,0
2020-10-19 03:00:00,47.92669639671784,88.37511055336446,26.37755945978244,10,19,293,43,1,2020,0,0,0
2020-10-19 04:00:00,47.92669639671784,88.37511055336446,26.37755945978244,10,19,293,43,1,2020,0,0,0
2020-10-19 05:00:00,47.92669639671784,88.37511055336446,26.37755945978244,10,19,293,43,1,2020,0,0,0
2020-10-19 06:00:00,47.92669639671784,88.37511055336446,26.37755945978244,10,19,293,43,1,2020,0,0,0
2020-10-19 07:00:00,47.92669639671784,88.37511055336446,26.37755945978244,10,19,293,43,1,2020,0,0,0
2020-10-19 08:00:00,47.92669639671784,88.37511055336446,26.37755945978244,10,19,293,43,1,2020,0,0,0
2020-10-19 09:00:00,47.92669639671784,88.37511055336446,26.37755945978244,10,19,293,43,1,2020,0,0,0
2020-10-19 10:00:00,47.92669639671784,88.37511055336446,26.37755945978244,10,19,293,43,1,2020,0,0,0
2020-10-19 11:00:00,47.92669639671784,88.37511055336446,26.37755945978244,10,19,293,43,1,2020,0,0,0
2020-10-19 12:00:00,47.92669639671784,88.37511055336446,26.37755945978244,10,19,293,43,1,2020,0,0,0
2020-10-19 13:00:00,47.92669639671784,88.37511055336446,26.37755945978244,10,19,293,43,1,2020,0,0,0
2020-10-19 14:00:00,47.92669639671784,88.37511055336446,26.37755945978244,10,19,293,43,1,2020,0,0,0
2020-10-19 15:00:00,47.92669639671784,88.37511055336446,26.37755945978244,10,19,293,43,1,2020,0,0,0
2020-10-19 16:00:00,47.92669639671784,88.37511055336446,26.37755945978244,10,19,293,43,1,2020,0,0,0
2020-10-19 17:00:00,47.92669639671784,88.37511055336446,26.37755945978244,10,19,293,43,1,2020,0,0,0
2020-10-19 18:00:00,47.92669639671784,88.37511055336446,26.37755945978244,10,19,293,43,1,2020,0,0,0
2020-10-19 19:00:00,47.92669639671784,88.37511055336446,26.37755945978244,10,19,293,43,1,2020,0,0,0
2020-10-19 20:00:00,47.92669639671784,88.37511055336446,26.37755945978244,10,19,293,43,1,2020,0,0,0
2020-10-19 21:00:00,47.92669639671784,88.37511055336446,26.37755945978244,10,19,293,43,1,2020,0,0,0
2020-10-19 22:00:00,47.92669639671784,88.37511055336446,26.37755945978244,10,19,293,43,1,2020,0,0,0
2020-10-19 23:00:00,47.92669639671784,88.37511055336446,26.37755945978244,10,19,293,43,1,2020,0,0,0
2020-10-20 00:00:00,47.92669639671784,88.37511055336446,26.37755945978244,10,20,294,43,2,2020,0,0,0
2020-10-20 01:00:00,47.92669639671784,88.37511055336446,26.37755945978244,10,20,294,43,2,2020,0,0,0
2020-10-20 02:00:00,47.92669639671784,88.37511055336446,26.37755945978244,10,20,294,43,2,2020,0,0,0
2020-10-20 03:00:00,47.92669639671784,88.37511055336446,26.37755945978244,10,20,294,43,2,2020,0,0,0
2020-10-20 04:00:00,47.92669639671784,88.37511055336446,26.37755945978244,10,20,294,43,2,2020,0,0,0
2020-10-20 05:00:00,47.92669639671784,88.37511055336446,26.37755945978244,10,20,294,43,2,2020,0,0,0
2020-10-20 06:00:00,47.92669639671784,88.37511055336446,26.37755945978244,10,20,294,43,2,2020,0,0,0
2020-10-20 07:00:00,47.92669639671784,88.37511055336446,26.37755945978244,10,20,294,43,2,2020,0,0,0
2020-10-20 08:00:00,47.92669639671784,88.37511055336446,26.37755945978244,10,20,294,43,2,2020,0,0,0
2020-10-20 09:00:00,47.92669639671784,88.37511055336446,26.37755945978244,10,20,294,43,2,2020,0,0,0
2020-10-20 10:00:00,47.92669639671784,88.37511055336446,26.37755945978244,10,20,294,43,2,2020,0,0,0
2020-10-20 11:00:00,47.92669639671784,88.37511055336446,26.37755945978244,10,20,294,43,2,2020,0,0,0
2020-10-20 12:00:00,47.92669639671784,88.37511055336446,26.37755945978244,10,20,294,43,2,2020,0,0,0
2020-10-20 13:00:00,47.92669639671784,88.37511055336446,26.37755945978244,10,20,294,43,2,2020,0,0,0
2020-10-20 14:00:00,47.92669639671784,88.37511055336446,26.37755945978244,10,20,294,43,2,2020,0,0,0
2020-10-20 15:00:00,47.92669639671784,88.37511055336446,26.37755945978244,10,20,294,43,2,2020,0,0,0
2020-10-20 16:00:00,47.92669639671784,88.37511055336446,26.37755945978244,10,20,294,43,2,2020,0,0,0
2020-10-20 17:00:00,47.92669639671784,88.37511055336446,26.37755945978244,10,20,294,43,2,2020,0,0,0
2020-10-20 18:00:00,47.92669639671784,88.37511055336446,26.37755945978244,10,20,294,43,2,2020,0,0,0
2020-10-20 19:00:00,47.92669639671784,88.37511055336446,26.37755945978244,10,20,294,43,2,2020,0,0,0
2020-10-20 20:00:00,47.92669639671784,88.37511055336446,26.37755945978244,10,20,294,43,2,2020,0,0,0
2020-10-20 21:00:00,47.92669639671784,88.37511055336446,26.37755945978244,10,20,294,43,2,2020,0,0,0
2020-10-20 22:00:00,47.92669639671784,88.37511055336446,26.37755945978244,10,20,294,43,2,2020,0,0,0
2020-10-20 23:00:00,47.92669639671784,88.37511055336446,26.37755945978244,10,20,294,43,2,2020,0,0,0
2020-10-21 00:00:00,47.92669639671784,88.37511055336446,26.37755945978244,10,21,295,43,3,2020,0,0,0
2020-10-21 01:00:00,47.92669639671784,88.37511055336446,26.37755945978244,10,21,295,43,3,2020,0,0,0
2020-10-21 02:00:00,47.92669639671784,88.37511055336446,26.37755945978244,10,21,295,43,3,2020,0,0,0
2020-10-21 03:00:00,47.92669639671784,88.37511055336446,26.37755945978244,10,21,295,43,3,2020,0,0,0
2020-10-21 04:00:00,47.92669639671784,88.37511055336446,26.37755945978244,10,21,295,43,3,2020,0,0,0
2020-10-21 05:00:00,47.92669639671784,88.37511055336446,26.37755945978244,10,21,295,43,3,2020,0,0,0
2020-10-21 06:00:00,47.92669639671784,88.37511055336446,26.37755945978244,10,21,295,43,3,2020,0,0,0
2020-10-21 07:00:00,47.92669639671784,88.37511055336446,26.37755945978244,10,21,295,43,3,2020,0,0,0
2020-10-21 08:00:00,47.92669639671784,88.37511055336446,26.37755945978244,10,21,295,43,3,2020,0,0,0
2020-10-21 09:00:00,47.92669639671784,88.37511055336446,26.37755945978244,10,21,295,43,3,2020,0,0,0
2020-10-21 10:00:00,47.92669639671784,88.37511055336446,26.37755945978244,10,21,295,43,3,2020,0,0,0
2020-10-21 11:00:00,47.92669639671784,88.37511055336446,26.37755945978244,10,21,295,43,3,2020,0,0,0
2020-10-21 12:00:00,47.92669639671784,88.37511055336446,26.37755945978244,10,21,295,43,3,2020,0,0,0
2020-10-21 13:00:00,47.92669639671784,88.37511055336446,26.37755945978244,10,21,295,43,3,2020,0,0,0
2020-10-21 14:00:00,47.92669639671784,88.37511055336446,26.37755945978244,10,21,295,43,3,2020,0,0,0
2020-10-21 15:00:00,47.92669639671784,88.37511055336446,26.37755945978244,10,21,295,43,3,2020,0,0,0
2020-10-21 16:00:00,47.92669639671784,88.37511055336446,26.37755945978244,10,21,295,43,3,2020,0,0,0
2020-10-21 17:00:00,47.92669639671784,88.37511055336446,26.37755945978244,10,21,295,43,3,2020,0,0,0
2020-10-21 18:00:00,47.92669639671784,88.37511055336446,26.37755945978244,10,21,295,43,3,2020,0,0,0
2020-10-21 19:00:00,47.92669639671784,88.37511055336446,26.37755945978244,10,21,295,43,3,2020,0,0,0
2020-10-21 20:00:00,47.92669639671784,88.37511055336446,26.37755945978244,10,21,295,43,3,2020,0,0,0
2020-10-21 21:00:00,47.92669639671784,88.37511055336446,26.37755945978244,10,21,295,43,3,2020,0,0,0
2020-10-21 22:00:00,47.92669639671784,88.37511055336446,26.37755945978244,10,21,295,43,3,2020,0,0,0
2020-10-21 23:00:00,47.92669639671784,88.37511055336446,26.37755945978244,10,21,295,43,3,2020,0,0,0
2020-10-22 00:00:00,47.92669639671784,88.37511055336446,26.37755945978244,10,22,296,43,4,2020,0,0,0
2020-10-22 01:00:00,47.92669639671784,88.37511055336446,26.37755945978244,10,22,296,43,4,2020,0,0,0
2020-10-22 02:00:00,47.92669639671784,88.37511055336446,26.37755945978244,10,22,296,43,4,2020,0,0,0
2020-10-22 03:00:00,47.92669639671784,88.37511055336446,26.37755945978244,10,22,296,43,4,2020,0,0,0
2020-10-22 04:00:00,47.92669639671784,88.37511055336446,26.37755945978244,10,22,296,43,4,2020,0,0,0
2020-10-22 05:00:00,47.92669639671784,88.37511055336446,26.37755945978244,10,22,296,43,4,2020,0,0,0
2020-10-22 06:00:00,47.92669639671784,88.37511055336446,26.37755945978244,10,22,296,43,4,2020,0,0,0
2020-10-22 07:00:00,47.92669639671784,88.37511055336446,26.37755945978244,10,22,296,43,4,2020,0,0,0
2020-10-22 08:00:00,47.92669639671784,88.37511055336446,26.37755945978244,10,22,296,43,4,2020,0,0,0
2020-10-22 09:00:00,47.92669639671784,88.37511055336446,26.37755945978244,10,22,296,43,4,2020,0,0,0
2020-10-22 10:00:00,47.92669639671784,88.37511055336446,26.37755945978244,10,22,296,43,4,2020,0,0,0
2020-10-22 11:00:00,47.92669639671784,88.37511055336446,26.37755945978244,10,22,296,43,4,2020,0,0,0
2020-10-22 12:00:00,47.92669639671784,88.37511055336446,26.37755945978244,10,22,296,43,4,2020,0,0,0
2020-10-22 13:00:00,47.92669639671784,88.37511055336446,26.37755945978244,10,22,296,43,4,2020,0,0,0
2020-10-22 14:00:00,47.92669639671784,88.37511055336446,26.37755945978244,10,22,296,43,4,2020,0,0,0
2020-10-22 15:00:00,47.92669639671784,88.37511055336446,26.37755945978244,10,22,296,43,4,2020,0,0,0
2020-10-22 16:00:00,47.92669639671784,88.37511055336446,26.37755945978244,10,22,296,43,4,2020,0,0,0
2020-10-22 17:00:00,47.92669639671784,88.37511055336446,26.37755945978244,10,22,296,43,4,2020,0,0,0
2020-10-22 18:00:00,47.92669639671784,88.37511055336446,26.37755945978244,10,22,296,43,4,2020,0,0,0
2020-10-22 19:00:00,47.92669639671784,88.37511055336446,26.37755945978244,10,22,296,43,4,2020,0,0,0
2020-10-22 20:00:00,47.92669639671784,88.37511055336446,26.37755945978244,10,22,296,43,4,2020,0,0,0
2020-10-22 21:00:00,47.92669639671784,88.37511055336446,26.37755945978244,10,22,296,43,4,2020,0,0,0
2020-10-22 22:00:00,47.92669639671784,88.37511055336446,26.37755945978244,10,22,296,43,4,2020,0,0,0
2020-10-22 23:00:00,47.92669639671784,88.37511055336446,26.37755945978244,10,22,296,43,4,2020,0,0,0
2020-10-23 00:00:00,47.92669639671784,88.37511055336446,26.37755945978244,10,23,297,43,5,2020,1,0,0
2020-10-23 01:00:00,47.92669639671784,88.37511055336446,26.37755945978244,10,23,297,43,5,2020,1,0,0
2020-10-23 02:00:00,47.92669639671784,88.37511055336446,26.37755945978244,10,23,297,43,5,2020,1,0,0
2020-10-23 03:00:00,47.92669639671784,88.37511055336446,26.37755945978244,10,23,297,43,5,2020,1,0,0
2020-10-23 04:00:00,47.92669639671784,88.37511055336446,26.37755945978244,10,23,297,43,5,2020,1,0,0
2020-10-23 05:00:00,47.92669639671784,88.37511055336446,26.37755945978244,10,23,297,43,5,2020,1,0,0
2020-10-23 06:00:00,47.92669639671784,88.37511055336446,26.37755945978244,10,23,297,43,5,2020,1,0,0
2020-10-23 07:00:00,47.92669639671784,88.37511055336446,26.37755945978244,10,23,297,43,5,2020,1,0,0
2020-10-23 08:00:00,47.92669639671784,88.37511055336446,26.37755945978244,10,23,297,43,5,2020,1,0,0
2020-10-23 09:00:00,47.92669639671784,88.37511055336446,26.37755945978244,10,23,297,43,5,2020,1,0,0
2020-10-23 10:00:00,47.92669639671784,88.37511055336446,26.37755945978244,10,23,297,43,5,2020,1,0,0
2020-10-23 11:00:00,47.92669639671784,88.37511055336446,26.37755945978244,10,23,297,43,5,2020,1,0,0
2020-10-23 12:00:00,47.92669639671784,88.37511055336446,26.37755945978244,10,23,297,43,5,2020,1,0,0
2020-10-23 13:00:00,47.92669639671784,88.37511055336446,26.37755945978244,10,23,297,43,5,2020,1,0,0
2020-10-23 14:00:00,47.92669639671784,88.37511055336446,26.37755945978244,10,23,297,43,5,2020,1,0,0
2020-10-23 15:00:00,47.92669639671784,88.37511055336446,26.37755945978244,10,23,297,43,5,2020,1,0,0
2020-10-23 16:00:00,27.9,45.9,28.9,10,23,297,43,5,2020,1,0,0
2020-10-23 17:00:00,30.0,48.7,28.6,10,23,297,43,5,2020,1,0,0
2020-10-23 18:00:00,34.0,54.0,27.8,10,23,297,43,5,2020,1,0,0
2020-10-23 19:00:00,38.7,59.9,26.8,10,23,297,43,5,2020,1,0,0
2020-10-23 20:00:00,48.5,65.1,26.3,10,23,297,43,5,2020,1,0,0
2020-10-23 21:00:00,48.8,63.4,26.2,10,23,297,43,5,2020,1,0,0
2020-10-23 22:00:00,59.1,69.9,25.7,10,23,297,43,5,2020,1,0,0
2020-10-23 23:00:00,61.4,70.4,25.3,10,23,297,43,5,2020,1,0,0
2020-10-24 00:00:00,58.5,75.3,24.5,10,24,298,43,6,2020,1,0,0
2020-10-24 01:00:00,59.2,78.9,23.9,10,24,298,43,6,2020,1,0,0
2020-10-24 02:00:00,87.2,81.0,23.6,10,24,298,43,6,2020,1,0,0
2020-10-24 03:00:00,84.3,82.1,22.9,10,24,298,43,6,2020,1,0,0
2020-10-24 04:00:00,62.0,85.3,22.4,10,24,298,43,6,2020,1,0,0
2020-10-24 05:00:00,59.6,89.4,22.1,10,24,298,43,6,2020,1,0,0
2020-10-24 06:00:00,57.9,90.5,21.8,10,24,298,43,6,2020,1,0,0
2020-10-24 07:00:00,63.7,92.4,21.9,10,24,298,43,6,2020,1,0,0
2020-10-24 08:00:00,72.6,92.1,22.8,10,24,298,43,6,2020,1,0,0
2020-10-24 09:00:00,62.0,85.7,24.0,10,24,298,43,6,2020,1,0,0
2020-10-24 10:00:00,58.7,72.8,26.1,10,24,298,43,6,2020,1,0,0
2020-10-24 11:00:00,41.8,58.2,28.4,10,24,298,43,6,2020,1,0,0
2020-10-24 12:00:00,35.6,49.5,30.3,10,24,298,43,6,2020,1,0,0
2020-10-24 13:00:00,34.5,46.2,31.0,10,24,298,43,6,2020,1,0,0
2020-10-24 14:00:00,32.6,47.1,30.4,10,24,298,43,6,2020,1,0,0
2020-10-24 15:00:00,30.8,48.4,28.8,10,24,298,43,6,2020,1,0,0
2020-10-24 16:00:00,32.2,51.2,28.4,10,24,298,43,6,2020,1,0,0
2020-10-24 17:00:00,37.5,51.1,28.1,10,24,298,43,6,2020,1,0,0
2020-10-24 18:00:00,42.3,57.7,27.4,10,24,298,43,6,2020,1,0,0
2020-10-24 19:00:00,46.9,63.5,26.8,10,24,298,43,6,2020,1,0,0
2020-10-24 20:00:00,55.2,69.2,26.4,10,24,298,43,6,2020,1,0,0
2020-10-24 21:00:00,107.6,69.8,26.4,10,24,298,43,6,2020,1,0,0
2020-10-24 22:00:00,97.5,70.3,26.2,10,24,298,43,6,2020,1,0,0
2020-10-24 23:00:00,87.4,74.5,25.6,10,24,298,43,6,2020,1,0,0
2020-10-25 00:00:00,60.8,73.6,25.0,10,25,299,43,7,2020,1,0,0
2020-10-25 01:00:00,54.9,78.6,24.4,10,25,299,43,7,2020,1,0,0
2020-10-25 02:00:00,48.4,79.8,24.0,10,25,299,43,7,2020,1,0,0
2020-10-25 03:00:00,50.1,82.1,23.7,10,25,299,43,7,2020,1,0,0
2020-10-25 04:00:00,69.1,87.1,23.8,10,25,299,43,7,2020,1,0,0
2020-10-25 05:00:00,61.9,90.8,23.4,10,25,299,43,7,2020,1,0,0
2020-10-25 06:00:00,50.4,89.2,23.4,10,25,299,43,7,2020,1,0,0
2020-10-25 07:00:00,51.6,91.0,23.4,10,25,299,43,7,2020,1,0,0
2020-10-25 08:00:00,49.2,88.8,23.7,10,25,299,43,7,2020,1,0,0
2020-10-25 09:00:00,49.9,85.9,24.2,10,25,299,43,7,2020,1,0,0
2020-10-25 10:00:00,53.2,84.0,24.8,10,25,299,43,7,2020,1,0,0
2020-10-25 11:00:00,50.2,81.0,25.4,10,25,299,43,7,2020,1,0,0
2020-10-25 12:00:00,54.4,80.2,25.7,10,25,299,43,7,2020,1,0,0
2020-10-25 13:00:00,48.1,77.9,25.4,10,25,299,43,7,2020,1,0,0
2020-10-25 14:00:00,41.0,76.5,25.5,10,25,299,43,7,2020,1,0,0
2020-10-25 15:00:00,40.8,82.8,24.7,10,25,299,43,7,2020,1,0,0
2020-10-25 16:00:00,40.6,85.9,24.4,10,25,299,43,7,2020,1,0,0
2020-10-25 17:00:00,48.6,85.5,24.8,10,25,299,43,7,2020,1,0,0
2020-10-25 18:00:00,50.1,85.2,24.8,10,25,299,43,7,2020,1,0,0
2020-10-25 19:00:00,57.9,86.6,24.8,10,25,299,43,7,2020,1,0,0
2020-10-25 20:00:00,50.0,86.4,24.8,10,25,299,43,7,2020,1,0,0
2020-10-25 21:00:00,40.9,83.8,25.0,10,25,299,43,7,2020,1,0,0
2020-10-25 22:00:00,37.5,83.9,25.1,10,25,299,43,7,2020,1,0,0
2020-10-25 23:00:00,36.7,85.3,24.9,10,25,299,43,7,2020,1,0,0
2020-10-26 00:00:00,37.4,88.2,24.7,10,26,300,44,1,2020,0,0,0
2020-10-26 01:00:00,41.8,92.3,24.6,10,26,300,44,1,2020,0,0,0
2020-10-26 02:00:00,64.7,94.7,24.4,10,26,300,44,1,2020,0,0,0
2020-10-26 03:00:00,72.0,94.5,24.4,10,26,300,44,1,2020,0,0,0
2020-10-26 04:00:00,67.4,96.7,24.3,10,26,300,44,1,2020,0,0,0
2020-10-26 05:00:00,67.4,100.0,23.9,10,26,300,44,1,2020,0,0,0
2020-10-26 06:00:00,61.2,99.6,24.0,10,26,300,44,1,2020,0,0,0
2020-10-26 07:00:00,54.3,94.7,24.1,10,26,300,44,1,2020,0,0,0
2020-10-26 08:00:00,49.9,93.0,24.3,10,26,300,44,1,2020,0,0,0
2020-10-26 09:00:00,49.1,97.9,23.9,10,26,300,44,1,2020,0,0,0
2020-10-26 10:00:00,48.3,91.8,24.7,10,26,300,44,1,2020,0,0,0
2020-10-26 11:00:00,43.8,92.7,24.6,10,26,300,44,1,2020,0,0,0
2020-10-26 12:00:00,39.9,92.6,24.7,10,26,300,44,1,2020,0,0,0
2020-10-26 13:00:00,40.2,92.2,25.1,10,26,300,44,1,2020,0,0,0
2020-10-26 14:00:00,41.6,91.7,25.6,10,26,300,44,1,2020,0,0,0
2020-10-26 15:00:00,42.9,92.0,25.6,10,26,300,44,1,2020,0,0,0
2020-10-26 16:00:00,45.9,96.2,25.2,10,26,300,44,1,2020,0,0,0
2020-10-26 17:00:00,53.1,100.0,23.9,10,26,300,44,1,2020,0,0,0
2020-10-26 18:00:00,50.7,100.0,23.9,10,26,300,44,1,2020,0,0,0
2020-10-26 19:00:00,48.4,100.0,23.4,10,26,300,44,1,2020,0,0,0
2020-10-26 20:00:00,47.5,100.0,23.2,10,26,300,44,1,2020,0,0,0
2020-10-26 21:00:00,48.7,100.0,23.4,10,26,300,44,1,2020,0,0,0
2020-10-26 22:00:00,45.7,100.0,23.6,10,26,300,44,1,2020,0,0,0
2020-10-26 23:00:00,43.2,100.0,23.7,10,26,300,44,1,2020,0,0,0
2020-10-27 00:00:00,46.4,100.0,23.9,10,27,301,44,2,2020,0,0,0
2020-10-27 01:00:00,42.4,100.0,23.8,10,27,301,44,2,2020,0,0,0
2020-10-27 02:00:00,50.8,100.0,23.8,10,27,301,44,2,2020,0,0,0
2020-10-27 03:00:00,66.7,100.0,23.8,10,27,301,44,2,2020,0,0,0
2020-10-27 04:00:00,77.5,100.0,23.9,10,27,301,44,2,2020,0,0,0
2020-10-27 05:00:00,70.0,100.0,24.0,10,27,301,44,2,2020,0,0,0
2020-10-27 06:00:00,67.2,100.0,24.1,10,27,301,44,2,2020,0,0,0
2020-10-27 07:00:00,65.2,100.0,24.2,10,27,301,44,2,2020,0,0,0
2020-10-27 08:00:00,61.4,100.0,24.8,10,27,301,44,2,2020,0,0,0
2020-10-27 09:00:00,52.7,99.8,26.0,10,27,301,44,2,2020,0,0,0
2020-10-27 10:00:00,46.4,96.0,27.1,10,27,301,44,2,2020,0,0,0
2020-10-27 11:00:00,42.2,91.2,28.2,10,27,301,44,2,2020,0,0,0
2020-10-27 12:00:00,41.1,86.0,29.6,10,27,301,44,2,2020,0,0,0
2020-10-27 13:00:00,36.7,78.9,31.6,10,27,301,44,2,2020,0,0,0
2020-10-27 14:00:00,35.3,79.9,31.0,10,27,301,44,2,2020,0,0,0
2020-10-27 15:00:00,35.9,84.1,29.7,10,27,301,44,2,2020,0,0,0
2020-10-27 16:00:00,36.0,83.9,29.5,10,27,301,44,2,2020,0,0,0
2020-10-27 17:00:00,37.3,85.8,29.2,10,27,301,44,2,2020,0,0,0
2020-10-27 18:00:00,37.7,87.2,28.7,10,27,301,44,2,2020,0,0,0
2020-10-27 19:00:00,41.3,90.9,28.2,10,27,301,44,2,2020,0,0,0
2020-10-27 20:00:00,42.5,92.0,28.0,10,27,301,44,2,2020,0,0,0
2020-10-27 21:00:00,42.3,91.6,28.0,10,27,301,44,2,2020,0,0,0
2020-10-27 22:00:00,48.2,93.6,27.7,10,27,301,44,2,2020,0,0,0
2020-10-27 23:00:00,51.5,97.4,27.2,10,27,301,44,2,2020,0,0,0
2020-10-28 00:00:00,63.6,99.3,27.0,10,28,302,44,3,2020,0,0,0
2020-10-28 01:00:00,71.9,99.8,27.0,10,28,302,44,3,2020,0,0,0
2020-10-28 02:00:00,68.8,100.0,26.6,10,28,302,44,3,2020,0,0,0
2020-10-28 03:00:00,61.3,100.0,26.2,10,28,302,44,3,2020,0,0,0
2020-10-28 04:00:00,63.6,100.0,25.9,10,28,302,44,3,2020,0,0,0
2020-10-28 05:00:00,61.5,100.0,25.8,10,28,302,44,3,2020,0,0,0
2020-10-28 06:00:00,49.9,100.0,25.8,10,28,302,44,3,2020,0,0,0
2020-10-28 07:00:00,45.7,100.0,25.7,10,28,302,44,3,2020,0,0,0
2020-10-28 08:00:00,49.0,100.0,26.4,10,28,302,44,3,2020,0,0,0
2020-10-28 09:00:00,42.2,95.2,27.6,10,28,302,44,3,2020,0,0,0
2020-10-28 10:00:00,29.8,83.8,29.0,10,28,302,44,3,2020,0,0,0
2020-10-28 11:00:00,31.1,79.8,30.1,10,28,302,44,3,2020,0,0,0
2020-10-28 12:00:00,31.3,81.2,29.6,10,28,302,44,3,2020,0,0,0
2020-10-28 13:00:00,32.8,79.8,30.1,10,28,302,44,3,2020,0,0,0
2020-10-28 14:00:00,33.6,76.9,30.4,10,28,302,44,3,2020,0,0,0
2020-10-28 15:00:00,35.4,76.9,29.9,10,28,302,44,3,2020,0,0,0
2020-10-28 16:00:00,38.9,78.6,29.6,10,28,302,44,3,2020,0,0,0
2020-10-28 17:00:00,47.5,89.5,28.4,10,28,302,44,3,2020,0,0,0
2020-10-28 18:00:00,49.7,98.6,26.8,10,28,302,44,3,2020,0,0,0
2020-10-28 19:00:00,53.5,96.5,27.2,10,28,302,44,3,2020,0,0,0
2020-10-28 20:00:00,60.3,98.6,26.7,10,28,302,44,3,2020,0,0,0
2020-10-28 21:00:00,67.2,100.0,25.7,10,28,302,44,3,2020,0,0,0
2020-10-28 22:00:00,47.6,100.0,25.2,10,28,302,44,3,2020,0,0,0
2020-10-28 23:00:00,42.5,100.0,25.2,10,28,302,44,3,2020,0,0,0
2020-10-29 00:00:00,38.3,100.0,25.3,10,29,303,44,4,2020,0,0,0
2020-10-29 01:00:00,31.7,100.0,24.8,10,29,303,44,4,2020,0,0,0
2020-10-29 02:00:00,35.7,100.0,24.8,10,29,303,44,4,2020,0,0,0
2020-10-29 03:00:00,45.9,99.9,25.0,10,29,303,44,4,2020,0,0,0
2020-10-29 04:00:00,35.7,99.5,24.6,10,29,303,44,4,2020,0,0,0
2020-10-29 05:00:00,42.0,100.0,23.3,10,29,303,44,4,2020,0,0,0
2020-10-29 06:00:00,42.3,100.0,23.3,10,29,303,44,4,2020,0,0,0
2020-10-29 07:00:00,46.7,100.0,23.1,10,29,303,44,4,2020,0,0,0
2020-10-29 08:00:00,56.1,100.0,23.0,10,29,303,44,4,2020,0,0,0
2020-10-29 09:00:00,43.9,100.0,23.0,10,29,303,44,4,2020,0,0,0
2020-10-29 10:00:00,42.4,100.0,23.4,10,29,303,44,4,2020,0,0,0
2020-10-29 11:00:00,38.6,99.1,24.0,10,29,303,44,4,2020,0,0,0
2020-10-29 12:00:00,42.9,98.5,24.1,10,29,303,44,4,2020,0,0,0
2020-10-29 13:00:00,40.6,94.4,24.6,10,29,303,44,4,2020,0,0,0
2020-10-29 14:00:00,38.2,92.1,24.7,10,29,303,44,4,2020,0,0,0
2020-10-29 15:00:00,34.9,90.8,24.8,10,29,303,44,4,2020,0,0,0
2020-10-29 16:00:00,35.7,91.4,24.5,10,29,303,44,4,2020,0,0,0
2020-10-29 17:00:00,35.5,93.1,24.2,10,29,303,44,4,2020,0,0,0
2020-10-29 18:00:00,35.4,94.7,24.1,10,29,303,44,4,2020,0,0,0
2020-10-29 19:00:00,36.2,94.4,23.9,10,29,303,44,4,2020,0,0,0
2020-10-29 20:00:00,36.0,96.8,23.6,10,29,303,44,4,2020,0,0,0
2020-10-29 21:00:00,31.7,97.1,23.5,10,29,303,44,4,2020,0,0,0
2020-10-29 22:00:00,29.8,95.9,23.4,10,29,303,44,4,2020,0,0,0
2020-10-29 23:00:00,29.6,97.8,23.2,10,29,303,44,4,2020,0,0,0
2020-10-30 00:00:00,29.2,100.0,22.7,10,30,304,44,5,2020,1,0,0
2020-10-30 01:00:00,33.9,100.0,22.4,10,30,304,44,5,2020,1,0,0
2020-10-30 02:00:00,38.2,100.0,21.9,10,30,304,44,5,2020,1,0,0
2020-10-30 03:00:00,32.3,100.0,22.2,10,30,304,44,5,2020,1,0,0
2020-10-30 04:00:00,30.7,100.0,22.1,10,30,304,44,5,2020,1,0,0
2020-10-30 05:00:00,29.8,100.0,21.7,10,30,304,44,5,2020,1,0,0
2020-10-30 06:00:00,28.4,100.0,21.6,10,30,304,44,5,2020,1,0,0
2020-10-30 07:00:00,29.7,100.0,21.9,10,30,304,44,5,2020,1,0,0
2020-10-30 08:00:00,33.3,100.0,22.0,10,30,304,44,5,2020,1,0,0
2020-10-30 09:00:00,29.9,100.0,22.1,10,30,304,44,5,2020,1,0,0
2020-10-30 10:00:00,29.7,100.0,22.1,10,30,304,44,5,2020,1,0,0
2020-10-30 11:00:00,29.6,100.0,22.1,10,30,304,44,5,2020,1,0,0
2020-10-30 12:00:00,30.1,100.0,22.6,10,30,304,44,5,2020,1,0,0
2020-10-30 13:00:00,30.6,100.0,22.6,10,30,304,44,5,2020,1,0,0
2020-10-30 14:00:00,29.7,100.0,22.8,10,30,304,44,5,2020,1,0,0
2020-10-30 15:00:00,29.6,100.0,23.0,10,30,304,44,5,2020,1,0,0
2020-10-30 16:00:00,30.7,100.0,22.6,10,30,304,44,5,2020,1,0,0
2020-10-30 17:00:00,31.1,100.0,22.8,10,30,304,44,5,2020,1,0,0
2020-10-30 18:00:00,30.7,100.0,22.9,10,30,304,44,5,2020,1,0,0
2020-10-30 19:00:00,32.1,100.0,23.0,10,30,304,44,5,2020,1,0,0
2020-10-30 20:00:00,33.5,100.0,23.1,10,30,304,44,5,2020,1,0,0
2020-10-30 21:00:00,37.2,100.0,22.8,10,30,304,44,5,2020,1,0,0
2020-10-30 22:00:00,34.0,100.0,22.6,10,30,304,44,5,2020,1,0,0
2020-10-30 23:00:00,34.7,100.0,22.6,10,30,304,44,5,2020,1,0,0
2020-10-31 00:00:00,31.9,100.0,22.5,10,31,305,44,6,2020,1,0,1
2020-10-31 01:00:00,34.1,100.0,22.4,10,31,305,44,6,2020,1,0,1
2020-10-31 02:00:00,35.0,100.0,22.2,10,31,305,44,6,2020,1,0,1
2020-10-31 03:00:00,31.6,100.0,22.1,10,31,305,44,6,2020,1,0,1
2020-10-31 04:00:00,31.3,91.7,22.2,10,31,305,44,6,2020,1,0,1
2020-10-31 05:00:00,31.8,100.0,22.3,10,31,305,44,6,2020,1,0,1
2020-10-31 06:00:00,30.3,100.0,22.4,10,31,305,44,6,2020,1,0,1
2020-10-31 07:00:00,30.3,100.0,22.6,10,31,305,44,6,2020,1,0,1
2020-10-31 08:00:00,30.7,100.0,22.8,10,31,305,44,6,2020,1,0,1
2020-10-31 09:00:00,30.9,100.0,23.0,10,31,305,44,6,2020,1,0,1
2020-10-31 10:00:00,32.2,100.0,23.5,10,31,305,44,6,2020,1,0,1
2020-10-31 11:00:00,34.1,100.0,24.1,10,31,305,44,6,2020,1,0,1
2020-10-31 12:00:00,31.3,99.9,24.4,10,31,305,44,6,2020,1,0,1
2020-10-31 13:00:00,30.3,97.7,25.0,10,31,305,44,6,2020,1,0,1
2020-10-31 14:00:00,29.6,97.0,25.2,10,31,305,44,6,2020,1,0,1
2020-10-31 15:00:00,33.2,98.0,25.0,10,31,305,44,6,2020,1,0,1
2020-10-31 16:00:00,40.4,99.2,25.2,10,31,305,44,6,2020,1,0,1
2020-10-31 17:00:00,45.8,99.0,25.3,10,31,305,44,6,2020,1,0,1
2020-10-31 18:00:00,49.2,100.0,25.1,10,31,305,44,6,2020,1,0,1
2020-10-31 19:00:00,60.4,100.0,24.9,10,31,305,44,6,2020,1,0,1
2020-10-31 20:00:00,65.1,100.0,24.8,10,31,305,44,6,2020,1,0,1
2020-10-31 21:00:00,63.4,100.0,25.0,10,31,305,44,6,2020,1,0,1
2020-10-31 22:00:00,62.2,100.0,25.1,10,31,305,44,6,2020,1,0,1
2020-10-31 23:00:00,65.6,100.0,25.0,10,31,305,44,6,2020,1,0,1
2020-01-11 00:00:00,61.7,100.0,24.3,1,11,11,2,6,2020,1,0,0
2020-01-11 01:00:00,62.9,100.0,23.9,1,11,11,2,6,2020,1,0,0
2020-01-11 02:00:00,62.9,100.0,23.7,1,11,11,2,6,2020,1,0,0
2020-01-11 03:00:00,65.0,100.0,23.5,1,11,11,2,6,2020,1,0,0
2020-01-11 04:00:00,65.3,100.0,23.4,1,11,11,2,6,2020,1,0,0
2020-01-11 05:00:00,62.0,100.0,23.6,1,11,11,2,6,2020,1,0,0
2020-01-11 06:00:00,57.9,100.0,23.8,1,11,11,2,6,2020,1,0,0
2020-01-11 07:00:00,67.2,100.0,23.9,1,11,11,2,6,2020,1,0,0
2020-01-11 08:00:00,80.1,100.0,24.3,1,11,11,2,6,2020,1,0,0
2020-01-11 09:00:00,73.4,100.0,24.9,1,11,11,2,6,2020,1,0,0
2020-01-11 10:00:00,69.3,99.5,25.9,1,11,11,2,6,2020,1,0,0
2020-01-11 11:00:00,65.0,92.1,27.7,1,11,11,2,6,2020,1,0,0
2020-01-11 12:00:00,63.0,85.9,28.8,1,11,11,2,6,2020,1,0,0
2020-01-11 13:00:00,60.1,82.3,29.3,1,11,11,2,6,2020,1,0,0
2020-01-11 14:00:00,59.9,86.8,28.5,1,11,11,2,6,2020,1,0,0
2020-01-11 15:00:00,61.7,88.7,28.3,1,11,11,2,6,2020,1,0,0
2020-01-11 16:00:00,70.5,90.0,27.9,1,11,11,2,6,2020,1,0,0
2020-01-11 17:00:00,71.3,89.5,27.8,1,11,11,2,6,2020,1,0,0
2020-01-11 18:00:00,73.4,92.7,27.4,1,11,11,2,6,2020,1,0,0
2020-01-11 19:00:00,75.9,97.2,27.2,1,11,11,2,6,2020,1,0,0
2020-01-11 20:00:00,67.5,97.4,26.9,1,11,11,2,6,2020,1,0,0
2020-01-11 21:00:00,70.4,99.9,26.9,1,11,11,2,6,2020,1,0,0
2020-01-11 22:00:00,65.7,100.0,26.6,1,11,11,2,6,2020,1,0,0
2020-01-11 23:00:00,60.9,100.0,26.3,1,11,11,2,6,2020,1,0,0
2020-02-11 00:00:00,58.4,100.0,25.9,2,11,42,7,2,2020,0,0,0
2020-02-11 01:00:00,58.7,100.0,25.6,2,11,42,7,2,2020,0,0,0
2020-02-11 02:00:00,60.2,100.0,25.2,2,11,42,7,2,2020,0,0,0
2020-02-11 03:00:00,64.8,100.0,25.0,2,11,42,7,2,2020,0,0,0
2020-02-11 04:00:00,68.7,100.0,24.9,2,11,42,7,2,2020,0,0,0
2020-02-11 05:00:00,72.6,100.0,25.1,2,11,42,7,2,2020,0,0,0
2020-02-11 06:00:00,74.5,100.0,25.2,2,11,42,7,2,2020,0,0,0
2020-02-11 07:00:00,77.7,100.0,25.3,2,11,42,7,2,2020,0,0,0
2020-02-11 08:00:00,78.7,100.0,25.7,2,11,42,7,2,2020,0,0,0
2020-02-11 09:00:00,87.4,100.0,26.0,2,11,42,7,2,2020,0,0,0
2020-02-11 10:00:00,83.6,100.0,26.5,2,11,42,7,2,2020,0,0,0
2020-02-11 11:00:00,82.2,99.1,27.2,2,11,42,7,2,2020,0,0,0
2020-02-11 12:00:00,78.0,95.4,27.9,2,11,42,7,2,2020,0,0,0
2020-02-11 13:00:00,73.2,89.3,29.1,2,11,42,7,2,2020,0,0,0
2020-02-11 14:00:00,57.9,91.6,27.9,2,11,42,7,2,2020,0,0,0
2020-02-11 15:00:00,26.3,99.3,24.2,2,11,42,7,2,2020,0,0,0
2020-02-11 16:00:00,29.0,97.0,24.3,2,11,42,7,2,2020,0,0,0
2020-02-11 17:00:00,28.3,92.4,24.6,2,11,42,7,2,2020,0,0,0
2020-02-11 18:00:00,26.0,89.2,24.5,2,11,42,7,2,2020,0,0,0
2020-02-11 19:00:00,26.3,88.0,24.3,2,11,42,7,2,2020,0,0,0
2020-02-11 20:00:00,25.6,86.5,24.1,2,11,42,7,2,2020,0,0,0
2020-02-11 21:00:00,24.2,83.9,24.0,2,11,42,7,2,2020,0,0,0
2020-02-11 22:00:00,24.6,84.7,23.9,2,11,42,7,2,2020,0,0,0
2020-02-11 23:00:00,24.9,84.8,23.7,2,11,42,7,2,2020,0,0,0
2020-03-11 00:00:00,25.3,86.5,23.5,3,11,71,11,3,2020,0,0,0
2020-03-11 01:00:00,26.0,84.7,23.4,3,11,71,11,3,2020,0,0,0
2020-03-11 02:00:00,29.4,83.1,23.4,3,11,71,11,3,2020,0,0,0
2020-03-11 03:00:00,30.4,82.1,23.4,3,11,71,11,3,2020,0,0,0
2020-03-11 04:00:00,30.2,83.6,23.3,3,11,71,11,3,2020,0,0,0
2020-03-11 05:00:00,29.9,82.3,23.2,3,11,71,11,3,2020,0,0,0
2020-03-11 06:00:00,33.4,81.2,23.2,3,11,71,11,3,2020,0,0,0
2020-03-11 07:00:00,37.5,81.6,23.2,3,11,71,11,3,2020,0,0,0
2020-03-11 08:00:00,38.9,81.4,23.3,3,11,71,11,3,2020,0,0,0
2020-03-11 09:00:00,36.9,80.5,23.4,3,11,71,11,3,2020,0,0,0
2020-03-11 10:00:00,31.8,78.5,23.8,3,11,71,11,3,2020,0,0,0
2020-03-11 11:00:00,29.9,74.6,24.5,3,11,71,11,3,2020,0,0,0
2020-03-11 12:00:00,28.1,73.3,24.7,3,11,71,11,3,2020,0,0,0
2020-03-11 13:00:00,30.6,74.6,25.3,3,11,71,11,3,2020,0,0,0
2020-03-11 14:00:00,30.5,75.1,25.3,3,11,71,11,3,2020,0,0,0
2020-03-11 15:00:00,30.3,76.3,25.1,3,11,71,11,3,2020,0,0,0
2020-03-11 16:00:00,31.1,77.0,25.1,3,11,71,11,3,2020,0,0,0
2020-03-11 17:00:00,33.7,80.1,24.7,3,11,71,11,3,2020,0,0,0
2020-03-11 18:00:00,37.2,80.7,24.4,3,11,71,11,3,2020,0,0,0
2020-03-11 19:00:00,35.1,77.1,24.2,3,11,71,11,3,2020,0,0,0
2020-03-11 20:00:00,36.6,78.0,24.1,3,11,71,11,3,2020,0,0,0
2020-03-11 21:00:00,34.1,76.1,24.0,3,11,71,11,3,2020,0,0,0
2020-03-11 22:00:00,35.1,78.6,23.8,3,11,71,11,3,2020,0,0,0
2020-03-11 23:00:00,38.1,83.4,23.5,3,11,71,11,3,2020,0,0,0
2020-04-11 00:00:00,38.2,82.6,23.4,4,11,102,15,6,2020,1,0,0
2020-04-11 01:00:00,37.3,82.9,23.1,4,11,102,15,6,2020,1,0,0
2020-04-11 02:00:00,38.1,82.8,23.0,4,11,102,15,6,2020,1,0,0
2020-04-11 03:00:00,38.1,82.7,22.8,4,11,102,15,6,2020,1,0,0
2020-04-11 04:00:00,43.1,83.4,22.7,4,11,102,15,6,2020,1,0,0
2020-04-11 05:00:00,55.1,82.9,22.7,4,11,102,15,6,2020,1,0,0
2020-04-11 06:00:00,52.9,82.8,22.7,4,11,102,15,6,2020,1,0,0
2020-04-11 07:00:00,46.9,82.2,22.7,4,11,102,15,6,2020,1,0,0
2020-04-11 08:00:00,52.3,81.9,22.8,4,11,102,15,6,2020,1,0,0
2020-04-11 09:00:00,51.6,80.5,23.2,4,11,102,15,6,2020,1,0,0
2020-04-11 10:00:00,47.7,76.9,23.7,4,11,102,15,6,2020,1,0,0
2020-04-11 11:00:00,41.4,74.8,24.1,4,11,102,15,6,2020,1,0,0
2020-04-11 12:00:00,43.1,73.9,24.5,4,11,102,15,6,2020,1,0,0
2020-04-11 13:00:00,43.6,73.3,25.2,4,11,102,15,6,2020,1,0,0
2020-04-11 14:00:00,42.9,74.2,25.2,4,11,102,15,6,2020,1,0,0
2020-04-11 15:00:00,42.8,74.6,25.2,4,11,102,15,6,2020,1,0,0
2020-04-11 16:00:00,42.2,74.8,25.2,4,11,102,15,6,2020,1,0,0
2020-04-11 17:00:00,43.6,75.3,25.2,4,11,102,15,6,2020,1,0,0
2020-04-11 18:00:00,47.1,75.7,25.0,4,11,102,15,6,2020,1,0,0
2020-04-11 19:00:00,48.4,77.3,24.9,4,11,102,15,6,2020,1,0,0
2020-04-11 20:00:00,52.4,80.5,24.4,4,11,102,15,6,2020,1,0,0
2020-04-11 21:00:00,56.8,83.9,24.0,4,11,102,15,6,2020,1,0,0
2020-04-11 22:00:00,67.9,87.3,24.1,4,11,102,15,6,2020,1,0,0
2020-04-11 23:00:00,78.1,89.8,24.3,4,11,102,15,6,2020,1,0,0
2020-05-11 00:00:00,83.6,94.0,23.8,5,11,132,20,1,2020,0,0,0
2020-05-11 01:00:00,84.7,96.2,23.4,5,11,132,20,1,2020,0,0,0
2020-05-11 02:00:00,84.4,98.4,23.1,5,11,132,20,1,2020,0,0,0
2020-05-11 03:00:00,85.0,99.2,23.0,5,11,132,20,1,2020,0,0,0
2020-05-11 04:00:00,74.1,96.8,22.5,5,11,132,20,1,2020,0,0,0
2020-05-11 05:00:00,72.3,99.7,22.1,5,11,132,20,1,2020,0,0,0
2020-05-11 06:00:00,67.6,99.9,22.0,5,11,132,20,1,2020,0,0,0
2020-05-11 07:00:00,71.1,99.8,22.2,5,11,132,20,1,2020,0,0,0
2020-05-11 08:00:00,78.7,96.3,22.9,5,11,132,20,1,2020,0,0,0
2020-05-11 09:00:00,77.5,90.0,24.1,5,11,132,20,1,2020,0,0,0
2020-05-11 10:00:00,68.0,83.1,25.8,5,11,132,20,1,2020,0,0,0
2020-05-11 11:00:00,65.3,80.9,26.3,5,11,132,20,1,2020,0,0,0
2020-05-11 12:00:00,67.0,78.9,26.8,5,11,132,20,1,2020,0,0,0
2020-05-11 13:00:00,69.0,79.0,26.7,5,11,132,20,1,2020,0,0,0
2020-05-11 14:00:00,68.6,77.9,27.1,5,11,132,20,1,2020,0,0,0
2020-05-11 15:00:00,68.0,78.0,27.2,5,11,132,20,1,2020,0,0,0
2020-05-11 16:00:00,67.4,79.0,27.1,5,11,132,20,1,2020,0,0,0
2020-05-11 17:00:00,68.3,80.5,26.8,5,11,132,20,1,2020,0,0,0
2020-05-11 18:00:00,80.0,82.3,26.6,5,11,132,20,1,2020,0,0,0
2020-05-11 19:00:00,76.4,85.3,26.1,5,11,132,20,1,2020,0,0,0
2020-05-11 20:00:00,65.8,84.5,26.0,5,11,132,20,1,2020,0,0,0
2020-05-11 21:00:00,66.1,84.4,26.0,5,11,132,20,1,2020,0,0,0
2020-05-11 22:00:00,75.6,86.3,25.8,5,11,132,20,1,2020,0,0,0
2020-05-11 23:00:00,84.4,89.5,25.5,5,11,132,20,1,2020,0,0,0
2020-06-11 00:00:00,88.1,92.6,25.3,6,11,163,24,4,2020,0,0,0
2020-06-11 01:00:00,86.5,95.7,24.8,6,11,163,24,4,2020,0,0,0
2020-06-11 02:00:00,89.5,99.5,24.1,6,11,163,24,4,2020,0,0,0
2020-06-11 03:00:00,91.9,99.9,23.9,6,11,163,24,4,2020,0,0,0
2020-06-11 04:00:00,100.6,99.9,24.2,6,11,163,24,4,2020,0,0,0
2020-06-11 05:00:00,104.2,99.9,24.5,6,11,163,24,4,2020,0,0,0
2020-06-11 06:00:00,99.2,99.9,24.1,6,11,163,24,4,2020,0,0,0
2020-06-11 07:00:00,98.8,100.0,24.0,6,11,163,24,4,2020,0,0,0
2020-06-11 08:00:00,95.1,99.7,24.6,6,11,163,24,4,2020,0,0,0
2020-06-11 09:00:00,85.5,94.9,25.6,6,11,163,24,4,2020,0,0,0
2020-06-11 10:00:00,93.5,92.9,26.3,6,11,163,24,4,2020,0,0,0
2020-06-11 11:00:00,104.8,93.0,26.7,6,11,163,24,4,2020,0,0,0
2020-06-11 12:00:00,103.5,90.6,27.0,6,11,163,24,4,2020,0,0,0
2020-06-11 13:00:00,93.3,88.1,27.2,6,11,163,24,4,2020,0,0,0
2020-06-11 14:00:00,83.1,87.2,27.2,6,11,163,24,4,2020,0,0,0
2020-06-11 15:00:00,82.2,87.1,27.3,6,11,163,24,4,2020,0,0,0
2020-06-11 16:00:00,79.5,87.4,27.2,6,11,163,24,4,2020,0,0,0
2020-06-11 17:00:00,78.2,88.5,27.1,6,11,163,24,4,2020,0,0,0
2020-06-11 18:00:00,79.5,90.4,26.8,6,11,163,24,4,2020,0,0,0
2020-06-11 19:00:00,85.0,91.0,26.6,6,11,163,24,4,2020,0,0,0
2020-06-11 20:00:00,88.1,92.4,26.5,6,11,163,24,4,2020,0,0,0
2020-06-11 21:00:00,90.1,95.9,26.4,6,11,163,24,4,2020,0,0,0
2020-06-11 22:00:00,91.7,94.2,26.6,6,11,163,24,4,2020,0,0,0
2020-06-11 23:00:00,92.1,94.7,26.4,6,11,163,24,4,2020,0,0,0
2020-07-11 00:00:00,77.3,91.5,26.1,7,11,193,28,6,2020,1,0,0
2020-07-11 01:00:00,75.8,91.2,25.9,7,11,193,28,6,2020,1,0,0
2020-07-11 02:00:00,81.8,94.6,25.5,7,11,193,28,6,2020,1,0,0
2020-07-11 03:00:00,75.7,97.7,25.2,7,11,193,28,6,2020,1,0,0
2020-07-11 04:00:00,62.0,95.3,25.0,7,11,193,28,6,2020,1,0,0
2020-07-11 05:00:00,48.9,93.4,24.8,7,11,193,28,6,2020,1,0,0
2020-07-11 06:00:00,39.6,91.8,24.6,7,11,193,28,6,2020,1,0,0
2020-07-11 07:00:00,36.5,88.6,24.4,7,11,193,28,6,2020,1,0,0
2020-07-11 08:00:00,33.3,84.6,24.8,7,11,193,28,6,2020,1,0,0
2020-07-11 09:00:00,31.3,76.1,26.1,7,11,193,28,6,2020,1,0,0
2020-07-11 10:00:00,29.3,71.4,26.9,7,11,193,28,6,2020,1,0,0
2020-07-11 11:00:00,28.3,68.4,27.9,7,11,193,28,6,2020,1,0,0
2020-07-11 12:00:00,29.7,69.1,28.0,7,11,193,28,6,2020,1,0,0
2020-07-11 13:00:00,28.7,67.1,28.4,7,11,193,28,6,2020,1,0,0
2020-07-11 14:00:00,28.2,67.8,28.6,7,11,193,28,6,2020,1,0,0
2020-07-11 15:00:00,28.7,69.5,28.4,7,11,193,28,6,2020,1,0,0
2020-07-11 16:00:00,29.7,71.8,28.2,7,11,193,28,6,2020,1,0,0
2020-07-11 17:00:00,29.9,72.1,28.0,7,11,193,28,6,2020,1,0,0
2020-07-11 18:00:00,34.2,74.2,27.7,7,11,193,28,6,2020,1,0,0
2020-07-11 19:00:00,42.1,76.1,27.4,7,11,193,28,6,2020,1,0,0
2020-07-11 20:00:00,46.5,77.4,27.2,7,11,193,28,6,2020,1,0,0
2020-07-11 21:00:00,51.5,79.7,27.1,7,11,193,28,6,2020,1,0,0
2020-07-11 22:00:00,57.0,81.1,26.8,7,11,193,28,6,2020,1,0,0
2020-07-11 23:00:00,58.0,83.3,26.2,7,11,193,28,6,2020,1,0,0
2020-08-11 00:00:00,55.7,87.1,25.6,8,11,224,33,2,2020,0,0,0
2020-08-11 01:00:00,68.3,92.0,24.8,8,11,224,33,2,2020,0,0,0
2020-08-11 02:00:00,47.0,87.7,24.8,8,11,224,33,2,2020,0,0,0
2020-08-11 03:00:00,42.8,84.2,24.7,8,11,224,33,2,2020,0,0,0
2020-08-11 04:00:00,36.3,81.1,24.7,8,11,224,33,2,2020,0,0,0
2020-08-11 05:00:00,37.7,81.2,24.5,8,11,224,33,2,2020,0,0,0
2020-08-11 06:00:00,40.4,83.6,24.2,8,11,224,33,2,2020,0,0,0
2020-08-11 07:00:00,42.9,84.1,24.2,8,11,224,33,2,2020,0,0,0
2020-08-11 08:00:00,48.8,81.5,25.1,8,11,224,33,2,2020,0,0,0
2020-08-11 09:00:00,39.6,70.9,26.9,8,11,224,33,2,2020,0,0,0
2020-08-11 10:00:00,33.0,63.8,27.9,8,11,224,33,2,2020,0,0,0
2020-08-11 11:00:00,32.6,61.1,29.0,8,11,224,33,2,2020,0,0,0
2020-08-11 12:00:00,32.5,61.0,28.9,8,11,224,33,2,2020,0,0,0
2020-08-11 13:00:00,31.4,56.5,30.8,8,11,224,33,2,2020,0,0,0
2020-08-11 14:00:00,31.0,58.1,29.7,8,11,224,33,2,2020,0,0,0
2020-08-11 15:00:00,31.9,61.2,29.0,8,11,224,33,2,2020,0,0,0
2020-08-11 16:00:00,32.3,62.1,28.8,8,11,224,33,2,2020,0,0,0
2020-08-11 17:00:00,33.5,62.9,28.5,8,11,224,33,2,2020,0,0,0
2020-08-11 18:00:00,40.4,67.1,28.0,8,11,224,33,2,2020,0,0,0
2020-08-11 19:00:00,52.4,71.4,27.6,8,11,224,33,2,2020,0,0,0
2020-08-11 20:00:00,60.2,73.5,27.3,8,11,224,33,2,2020,0,0,0
2020-08-11 21:00:00,63.0,72.4,27.2,8,11,224,33,2,2020,0,0,0
2020-08-11 22:00:00,59.2,73.1,26.8,8,11,224,33,2,2020,0,0,0
2020-08-11 23:00:00,82.8,78.5,26.1,8,11,224,33,2,2020,0,0,0
2020-09-11 00:00:00,73.6,85.1,25.1,9,11,255,37,5,2020,1,0,0
2020-09-11 01:00:00,64.3,87.0,24.6,9,11,255,37,5,2020,1,0,0
2020-09-11 02:00:00,56.1,83.9,24.4,9,11,255,37,5,2020,1,0,0
2020-09-11 03:00:00,45.8,79.8,24.4,9,11,255,37,5,2020,1,0,0
2020-09-11 04:00:00,42.5,78.4,24.3,9,11,255,37,5,2020,1,0,0
2020-09-11 05:00:00,41.6,78.5,24.0,9,11,255,37,5,2020,1,0,0
2020-09-11 06:00:00,40.1,79.2,23.8,9,11,255,37,5,2020,1,0,0
2020-09-11 07:00:00,44.0,79.8,23.7,9,11,255,37,5,2020,1,0,0
2020-09-11 08:00:00,49.5,77.0,24.5,9,11,255,37,5,2020,1,0,0
2020-09-11 09:00:00,41.1,68.0,26.2,9,11,255,37,5,2020,1,0,0
2020-09-11 10:00:00,33.8,59.4,27.4,9,11,255,37,5,2020,1,0,0
2020-09-11 11:00:00,31.3,53.2,28.7,9,11,255,37,5,2020,1,0,0
2020-09-11 12:00:00,30.4,51.0,28.5,9,11,255,37,5,2020,1,0,0
2020-09-11 13:00:00,28.7,45.8,30.0,9,11,255,37,5,2020,1,0,0
2020-09-11 14:00:00,29.0,47.6,29.0,9,11,255,37,5,2020,1,0,0
2020-09-11 15:00:00,30.2,51.7,28.4,9,11,255,37,5,2020,1,0,0
2020-09-11 16:00:00,30.2,51.4,28.2,9,11,255,37,5,2020,1,0,0
2020-09-11 17:00:00,31.0,52.1,27.9,9,11,255,37,5,2020,1,0,0
2020-09-11 18:00:00,34.5,54.5,27.6,9,11,255,37,5,2020,1,0,0
2020-09-11 19:00:00,45.3,58.8,26.9,9,11,255,37,5,2020,1,0,0
2020-09-11 20:00:00,57.7,61.8,26.4,9,11,255,37,5,2020,1,0,0
2020-09-11 21:00:00,57.4,65.7,25.8,9,11,255,37,5,2020,1,0,0
2020-09-11 22:00:00,64.1,65.7,25.4,9,11,255,37,5,2020,1,0,0
2020-09-11 23:00:00,78.1,66.1,25.2,9,11,255,37,5,2020,1,0,0
2020-10-11 00:00:00,82.0,72.3,24.2,10,11,285,41,7,2020,1,0,0
2020-10-11 01:00:00,58.2,72.2,23.6,10,11,285,41,7,2020,1,0,0
2020-10-11 02:00:00,54.9,72.1,23.1,10,11,285,41,7,2020,1,0,0
2020-10-11 03:00:00,48.4,69.7,22.8,10,11,285,41,7,2020,1,0,0
2020-10-11 04:00:00,38.8,67.0,22.8,10,11,285,41,7,2020,1,0,0
2020-10-11 05:00:00,35.0,65.7,22.7,10,11,285,41,7,2020,1,0,0
2020-10-11 06:00:00,42.5,69.2,22.8,10,11,285,41,7,2020,1,0,0
2020-10-11 07:00:00,49.8,75.3,22.4,10,11,285,41,7,2020,1,0,0
2020-10-11 08:00:00,50.5,77.3,22.7,10,11,285,41,7,2020,1,0,0
2020-10-11 09:00:00,48.0,69.9,24.0,10,11,285,41,7,2020,1,0,0
2020-10-11 10:00:00,33.3,57.8,25.6,10,11,285,41,7,2020,1,0,0
2020-10-11 11:00:00,30.5,50.1,27.4,10,11,285,41,7,2020,1,0,0
2020-10-11 12:00:00,30.5,49.6,27.6,10,11,285,41,7,2020,1,0,0
2020-10-11 13:00:00,28.6,45.9,28.8,10,11,285,41,7,2020,1,0,0
2020-10-11 14:00:00,28.2,45.8,28.3,10,11,285,41,7,2020,1,0,0
2020-10-11 15:00:00,28.2,46.1,27.6,10,11,285,41,7,2020,1,0,0
2020-10-11 16:00:00,27.7,44.8,27.4,10,11,285,41,7,2020,1,0,0
2020-10-11 17:00:00,29.7,46.3,27.2,10,11,285,41,7,2020,1,0,0
2020-10-11 18:00:00,39.6,51.6,26.6,10,11,285,41,7,2020,1,0,0
2020-10-11 19:00:00,44.0,57.4,25.9,10,11,285,41,7,2020,1,0,0
2020-10-11 20:00:00,55.5,61.9,25.5,10,11,285,41,7,2020,1,0,0
2020-10-11 21:00:00,70.5,59.6,25.8,10,11,285,41,7,2020,1,0,0
2020-10-11 22:00:00,57.3,59.0,25.6,10,11,285,41,7,2020,1,0,0
2020-10-11 23:00:00,70.2,64.7,24.9,10,11,285,41,7,2020,1,0,0
2020-11-11 00:00:00,56.8,68.3,23.9,11,11,316,46,3,2020,0,0,0
2020-11-11 01:00:00,49.0,68.3,23.6,11,11,316,46,3,2020,0,0,0
2020-11-11 02:00:00,39.6,68.0,23.3,11,11,316,46,3,2020,0,0,0
2020-11-11 03:00:00,36.7,67.6,23.1,11,11,316,46,3,2020,0,0,0
2020-11-11 04:00:00,37.4,70.9,23.1,11,11,316,46,3,2020,0,0,0
2020-11-11 05:00:00,50.7,83.4,22.8,11,11,316,46,3,2020,0,0,0
2020-11-11 06:00:00,55.3,86.3,22.7,11,11,316,46,3,2020,0,0,0
2020-11-11 07:00:00,55.8,83.1,22.8,11,11,316,46,3,2020,0,0,0
2020-11-11 08:00:00,55.3,78.6,23.4,11,11,316,46,3,2020,0,0,0
2020-11-11 09:00:00,50.0,74.4,24.2,11,11,316,46,3,2020,0,0,0
2020-11-11 10:00:00,46.6,71.7,25.0,11,11,316,46,3,2020,0,0,0
2020-11-11 11:00:00,44.8,64.1,25.8,11,11,316,46,3,2020,0,0,0
2020-11-11 12:00:00,33.6,50.1,26.8,11,11,316,46,3,2020,0,0,0
2020-11-11 13:00:00,31.9,47.9,27.2,11,11,316,46,3,2020,0,0,0
2020-11-11 14:00:00,31.6,49.0,27.2,11,11,316,46,3,2020,0,0,0
2020-11-11 15:00:00,32.7,50.6,27.4,11,11,316,46,3,2020,0,0,0
2020-11-11 16:00:00,31.5,52.3,27.3,11,11,316,46,3,2020,0,0,0
2020-11-11 17:00:00,32.8,52.4,27.0,11,11,316,46,3,2020,0,0,0
2020-11-11 18:00:00,39.3,56.1,26.7,11,11,316,46,3,2020,0,0,0
2020-11-11 19:00:00,42.5,58.0,26.5,11,11,316,46,3,2020,0,0,0
2020-11-11 20:00:00,48.4,63.4,25.8,11,11,316,46,3,2020,0,0,0
2020-11-11 21:00:00,46.8,68.1,25.2,11,11,316,46,3,2020,0,0,0
2020-11-11 22:00:00,49.4,71.3,24.9,11,11,316,46,3,2020,0,0,0
2020-11-11 23:00:00,50.7,72.5,24.8,11,11,316,46,3,2020,0,0,0
2020-12-11 00:00:00,49.0,74.1,24.7,12,11,346,50,5,2020,1,0,0
2020-12-11 01:00:00,49.9,76.2,24.2,12,11,346,50,5,2020,1,0,0
2020-12-11 02:00:00,59.0,80.9,23.8,12,11,346,50,5,2020,1,0,0
2020-12-11 03:00:00,59.1,78.3,23.6,12,11,346,50,5,2020,1,0,0
2020-12-11 04:00:00,60.7,80.5,23.3,12,11,346,50,5,2020,1,0,0
2020-12-11 05:00:00,75.7,86.3,22.9,12,11,346,50,5,2020,1,0,0
2020-12-11 06:00:00,69.1,88.5,22.6,12,11,346,50,5,2020,1,0,0
2020-12-11 07:00:00,60.2,86.6,22.6,12,11,346,50,5,2020,1,0,0
2020-12-11 08:00:00,67.5,84.8,23.3,12,11,346,50,5,2020,1,0,0
2020-12-11 09:00:00,57.2,72.0,25.3,12,11,346,50,5,2020,1,0,0
2020-12-11 10:00:00,42.8,59.9,27.0,12,11,346,50,5,2020,1,0,0
2020-12-11 11:00:00,41.3,52.6,28.5,12,11,346,50,5,2020,1,0,0
2020-12-11 12:00:00,37.0,51.3,28.5,12,11,346,50,5,2020,1,0,0
2020-12-11 13:00:00,35.1,50.1,29.1,12,11,346,50,5,2020,1,0,0
2020-12-11 14:00:00,32.2,49.8,28.8,12,11,346,50,5,2020,1,0,0
2020-12-11 15:00:00,31.9,49.5,28.3,12,11,346,50,5,2020,1,0,0
2020-12-11 16:00:00,32.4,49.0,28.2,12,11,346,50,5,2020,1,0,0
2020-12-11 17:00:00,33.6,49.8,28.0,12,11,346,50,5,2020,1,0,0
2020-12-11 18:00:00,41.3,52.2,27.5,12,11,346,50,5,2020,1,0,0
2020-12-11 19:00:00,53.5,57.2,26.9,12,11,346,50,5,2020,1,0,0
2020-12-11 20:00:00,55.1,60.9,26.3,12,11,346,50,5,2020,1,0,0
2020-12-11 21:00:00,58.8,65.7,25.9,12,11,346,50,5,2020,1,0,0
2020-12-11 22:00:00,69.2,68.0,25.6,12,11,346,50,5,2020,1,0,0
2020-12-11 23:00:00,67.1,65.9,25.2,12,11,346,50,5,2020,1,0,0
2020-11-13 00:00:00,60.6,67.6,24.9,11,13,318,46,5,2020,1,0,0
2020-11-13 01:00:00,61.7,72.5,24.0,11,13,318,46,5,2020,1,0,0
2020-11-13 02:00:00,61.9,75.6,23.4,11,13,318,46,5,2020,1,0,0
2020-11-13 03:00:00,63.1,81.0,23.2,11,13,318,46,5,2020,1,0,0
2020-11-13 04:00:00,59.0,83.4,23.2,11,13,318,46,5,2020,1,0,0
2020-11-13 05:00:00,62.8,86.9,22.9,11,13,318,46,5,2020,1,0,0
2020-11-13 06:00:00,61.8,88.2,22.4,11,13,318,46,5,2020,1,0,0
2020-11-13 07:00:00,66.5,88.6,22.2,11,13,318,46,5,2020,1,0,0
2020-11-13 08:00:00,73.7,87.7,22.8,11,13,318,46,5,2020,1,0,0
2020-11-13 09:00:00,63.8,78.3,24.9,11,13,318,46,5,2020,1,0,0
2020-11-13 10:00:00,40.7,57.7,27.0,11,13,318,46,5,2020,1,0,0
2020-11-13 11:00:00,36.9,50.4,28.7,11,13,318,46,5,2020,1,0,0
2020-11-13 12:00:00,36.0,49.5,28.7,11,13,318,46,5,2020,1,0,0
2020-11-13 13:00:00,34.8,47.3,29.5,11,13,318,46,5,2020,1,0,0
2020-11-13 14:00:00,31.4,47.7,29.0,11,13,318,46,5,2020,1,0,0
2020-11-13 15:00:00,30.6,48.8,28.7,11,13,318,46,5,2020,1,0,0
2020-11-13 16:00:00,30.8,47.2,28.6,11,13,318,46,5,2020,1,0,0
2020-11-13 17:00:00,31.7,49.8,28.3,11,13,318,46,5,2020,1,0,0
2020-11-13 18:00:00,36.2,57.4,27.2,11,13,318,46,5,2020,1,0,0
2020-11-13 19:00:00,42.2,61.6,26.5,11,13,318,46,5,2020,1,0,0
2020-11-13 20:00:00,45.5,60.2,26.5,11,13,318,46,5,2020,1,0,0
2020-11-13 21:00:00,48.2,62.2,26.3,11,13,318,46,5,2020,1,0,0
2020-11-13 22:00:00,58.6,69.4,25.6,11,13,318,46,5,2020,1,0,0
2020-11-13 23:00:00,66.2,72.0,24.8,11,13,318,46,5,2020,1,0,0
2020-11-14 00:00:00,67.9,70.9,24.3,11,14,319,46,6,2020,1,0,0
2020-11-14 01:00:00,63.9,74.6,23.5,11,14,319,46,6,2020,1,0,0
2020-11-14 02:00:00,53.8,77.2,22.8,11,14,319,46,6,2020,1,0,0
2020-11-14 03:00:00,54.2,79.6,22.4,11,14,319,46,6,2020,1,0,0
2020-11-14 04:00:00,68.7,88.5,22.1,11,14,319,46,6,2020,1,0,0
2020-11-14 05:00:00,66.3,93.3,21.4,11,14,319,46,6,2020,1,0,0
2020-11-14 06:00:00,61.6,94.0,21.3,11,14,319,46,6,2020,1,0,0
2020-11-14 07:00:00,53.1,93.1,21.1,11,14,319,46,6,2020,1,0,0
2020-11-14 08:00:00,50.4,88.7,21.8,11,14,319,46,6,2020,1,0,0
2020-11-14 09:00:00,49.3,75.5,23.9,11,14,319,46,6,2020,1,0,0
2020-11-14 10:00:00,42.7,59.4,26.4,11,14,319,46,6,2020,1,0,0
2020-11-14 11:00:00,32.6,48.0,28.3,11,14,319,46,6,2020,1,0,0
2020-11-14 12:00:00,35.1,48.7,27.9,11,14,319,46,6,2020,1,0,0
2020-11-14 13:00:00,34.4,49.0,28.6,11,14,319,46,6,2020,1,0,0
2020-11-14 14:00:00,33.8,50.7,28.3,11,14,319,46,6,2020,1,0,0
2020-11-14 15:00:00,32.8,50.8,28.3,11,14,319,46,6,2020,1,0,0
2020-11-14 16:00:00,32.4,50.1,28.2,11,14,319,46,6,2020,1,0,0
2020-11-14 17:00:00,35.9,51.6,28.0,11,14,319,46,6,2020,1,0,0
2020-11-14 18:00:00,45.3,53.7,27.6,11,14,319,46,6,2020,1,0,0
2020-11-14 19:00:00,47.3,56.2,27.1,11,14,319,46,6,2020,1,0,0
2020-11-14 20:00:00,44.1,55.8,26.8,11,14,319,46,6,2020,1,0,0
2020-11-14 21:00:00,43.1,61.1,26.2,11,14,319,46,6,2020,1,0,0
2020-11-14 22:00:00,36.9,72.6,25.0,11,14,319,46,6,2020,1,0,0
2020-11-14 23:00:00,35.4,79.4,23.3,11,14,319,46,6,2020,1,0,0
2020-11-15 00:00:00,40.4,83.8,22.4,11,15,320,46,7,2020,1,0,0
2020-11-15 01:00:00,37.2,94.0,21.5,11,15,320,46,7,2020,1,0,0
2020-11-15 02:00:00,34.1,94.4,21.6,11,15,320,46,7,2020,1,0,0
2020-11-15 03:00:00,35.0,98.8,21.2,11,15,320,46,7,2020,1,0,0
2020-11-15 04:00:00,34.4,100.0,21.0,11,15,320,46,7,2020,1,0,0
2020-11-15 05:00:00,36.4,99.1,21.3,11,15,320,46,7,2020,1,0,0
2020-11-15 06:00:00,39.8,100.0,20.9,11,15,320,46,7,2020,1,0,0
2020-11-15 07:00:00,48.4,100.0,20.7,11,15,320,46,7,2020,1,0,0
2020-11-15 08:00:00,55.9,100.0,20.5,11,15,320,46,7,2020,1,0,0
2020-11-15 09:00:00,56.1,100.0,20.5,11,15,320,46,7,2020,1,0,0
2020-11-15 10:00:00,47.2,100.0,20.8,11,15,320,46,7,2020,1,0,0
2020-11-15 11:00:00,44.0,100.0,21.1,11,15,320,46,7,2020,1,0,0
2020-11-15 12:00:00,43.9,100.0,20.9,11,15,320,46,7,2020,1,0,0
2020-11-15 13:00:00,43.5,100.0,20.9,11,15,320,46,7,2020,1,0,0
2020-11-15 14:00:00,40.0,100.0,20.9,11,15,320,46,7,2020,1,0,0
2020-11-15 15:00:00,36.1,100.0,20.9,11,15,320,46,7,2020,1,0,0
2020-11-15 16:00:00,35.6,100.0,20.9,11,15,320,46,7,2020,1,0,0
2020-11-15 17:00:00,37.6,100.0,20.9,11,15,320,46,7,2020,1,0,0
2020-11-15 18:00:00,38.9,100.0,20.8,11,15,320,46,7,2020,1,0,0
2020-11-15 19:00:00,44.6,100.0,21.0,11,15,320,46,7,2020,1,0,0
2020-11-15 20:00:00,46.5,100.0,21.0,11,15,320,46,7,2020,1,0,0
2020-11-15 21:00:00,43.0,100.0,21.2,11,15,320,46,7,2020,1,0,0
2020-11-15 22:00:00,43.9,100.0,21.3,11,15,320,46,7,2020,1,0,0
2020-11-15 23:00:00,44.8,100.0,21.1,11,15,320,46,7,2020,1,0,0
2020-11-16 00:00:00,44.3,100.0,20.9,11,16,321,47,1,2020,0,0,0
2020-11-16 01:00:00,46.1,100.0,20.7,11,16,321,47,1,2020,0,0,0
2020-11-16 02:00:00,47.3,100.0,20.7,11,16,321,47,1,2020,0,0,0
2020-11-16 03:00:00,46.2,100.0,20.8,11,16,321,47,1,2020,0,0,0
2020-11-16 04:00:00,44.4,100.0,20.8,11,16,321,47,1,2020,0,0,0
2020-11-16 05:00:00,44.6,100.0,20.9,11,16,321,47,1,2020,0,0,0
2020-11-16 06:00:00,47.3,100.0,20.8,11,16,321,47,1,2020,0,0,0
2020-11-16 07:00:00,45.2,100.0,20.9,11,16,321,47,1,2020,0,0,0
2020-11-16 08:00:00,44.6,100.0,21.1,11,16,321,47,1,2020,0,0,0
2020-11-16 09:00:00,40.2,100.0,21.3,11,16,321,47,1,2020,0,0,0
2020-11-16 10:00:00,38.2,100.0,21.4,11,16,321,47,1,2020,0,0,0
2020-11-16 11:00:00,38.5,100.0,21.7,11,16,321,47,1,2020,0,0,0
2020-11-16 12:00:00,38.8,100.0,21.9,11,16,321,47,1,2020,0,0,0
2020-11-16 13:00:00,39.6,100.0,20.9,11,16,321,47,1,2020,0,0,0
2020-11-16 14:00:00,41.4,100.0,21.8,11,16,321,47,1,2020,0,0,0
2020-11-16 15:00:00,44.7,100.0,22.1,11,16,321,47,1,2020,0,0,0
2020-11-16 16:00:00,49.1,100.0,22.1,11,16,321,47,1,2020,0,0,0
2020-11-16 17:00:00,47.7,100.0,22.1,11,16,321,47,1,2020,0,0,0
2020-11-16 18:00:00,48.3,100.0,22.2,11,16,321,47,1,2020,0,0,0
2020-11-16 19:00:00,44.7,100.0,22.1,11,16,321,47,1,2020,0,0,0
2020-11-16 20:00:00,40.3,100.0,22.0,11,16,321,47,1,2020,0,0,0
2020-11-16 21:00:00,40.0,100.0,22.1,11,16,321,47,1,2020,0,0,0
2020-11-16 22:00:00,45.3,100.0,22.1,11,16,321,47,1,2020,0,0,0
2020-11-16 23:00:00,34.6,100.0,22.1,11,16,321,47,1,2020,0,0,0
2020-11-17 00:00:00,35.5,100.0,22.1,11,17,322,47,2,2020,0,0,0
2020-11-17 01:00:00,36.7,100.0,22.2,11,17,322,47,2,2020,0,0,0
2020-11-17 02:00:00,39.0,100.0,22.0,11,17,322,47,2,2020,0,0,0
2020-11-17 03:00:00,36.1,100.0,22.1,11,17,322,47,2,2020,0,0,0
2020-11-17 04:00:00,36.5,100.0,22.1,11,17,322,47,2,2020,0,0,0
2020-11-17 05:00:00,35.9,100.0,22.1,11,17,322,47,2,2020,0,0,0
2020-11-17 06:00:00,35.4,100.0,22.3,11,17,322,47,2,2020,0,0,0
2020-11-17 07:00:00,35.5,100.0,22.4,11,17,322,47,2,2020,0,0,0
2020-11-17 08:00:00,39.9,100.0,22.7,11,17,322,47,2,2020,0,0,0
2020-11-17 09:00:00,46.7,100.0,23.1,11,17,322,47,2,2020,0,0,0
2020-11-17 10:00:00,49.8,100.0,23.6,11,17,322,47,2,2020,0,0,0
2020-11-17 11:00:00,55.9,100.0,24.5,11,17,322,47,2,2020,0,0,0
2020-11-17 12:00:00,62.5,100.0,25.4,11,17,322,47,2,2020,0,0,0
2020-11-17 13:00:00,66.0,100.0,25.7,11,17,322,47,2,2020,0,0,0
2020-11-17 14:00:00,59.7,100.0,26.4,11,17,322,47,2,2020,0,0,0
2020-11-17 15:00:00,52.9,99.9,26.9,11,17,322,47,2,2020,0,0,0
2020-11-17 16:00:00,46.3,100.0,27.1,11,17,322,47,2,2020,0,0,0
2020-11-17 17:00:00,44.9,100.0,26.9,11,17,322,47,2,2020,0,0,0
2020-11-17 18:00:00,44.2,100.0,26.5,11,17,322,47,2,2020,0,0,0
2020-11-17 19:00:00,44.2,100.0,25.8,11,17,322,47,2,2020,0,0,0
2020-11-17 20:00:00,45.6,100.0,25.3,11,17,322,47,2,2020,0,0,0
2020-11-17 21:00:00,49.2,100.0,25.2,11,17,322,47,2,2020,0,0,0
2020-11-17 22:00:00,47.0,100.0,25.2,11,17,322,47,2,2020,0,0,0
2020-11-17 23:00:00,46.5,100.0,24.9,11,17,322,47,2,2020,0,0,0
2020-11-18 00:00:00,46.7,100.0,24.6,11,18,323,47,3,2020,0,0,0
2020-11-18 01:00:00,46.7,100.0,24.5,11,18,323,47,3,2020,0,0,0
2020-11-18 02:00:00,47.2,100.0,24.4,11,18,323,47,3,2020,0,0,0
2020-11-18 03:00:00,45.9,100.0,24.3,11,18,323,47,3,2020,0,0,0
2020-11-18 04:00:00,42.6,100.0,24.2,11,18,323,47,3,2020,0,0,0
2020-11-18 05:00:00,40.3,100.0,24.2,11,18,323,47,3,2020,0,0,0
2020-11-18 06:00:00,43.9,100.0,24.2,11,18,323,47,3,2020,0,0,0
2020-11-18 07:00:00,47.2,100.0,24.4,11,18,323,47,3,2020,0,0,0
2020-11-18 08:00:00,45.6,100.0,24.9,11,18,323,47,3,2020,0,0,0
2020-11-18 09:00:00,45.0,100.0,26.2,11,18,323,47,3,2020,0,0,0
2020-11-18 10:00:00,38.9,98.9,27.4,11,18,323,47,3,2020,0,0,0
2020-11-18 11:00:00,33.5,91.9,28.6,11,18,323,47,3,2020,0,0,0
2020-11-18 12:00:00,32.9,89.3,28.9,11,18,323,47,3,2020,0,0,0
2020-11-18 13:00:00,31.8,91.7,28.4,11,18,323,47,3,2020,0,0,0
2020-11-18 14:00:00,33.0,89.7,29.0,11,18,323,47,3,2020,0,0,0
2020-11-18 15:00:00,31.7,90.1,28.9,11,18,323,47,3,2020,0,0,0
2020-11-18 16:00:00,32.4,89.4,28.9,11,18,323,47,3,2020,0,0,0
2020-11-18 17:00:00,35.3,91.8,28.5,11,18,323,47,3,2020,0,0,0
2020-11-18 18:00:00,35.3,94.1,28.0,11,18,323,47,3,2020,0,0,0
2020-11-18 19:00:00,34.7,97.6,27.4,11,18,323,47,3,2020,0,0,0
2020-11-18 20:00:00,35.7,99.5,27.0,11,18,323,47,3,2020,0,0,0
2020-11-18 21:00:00,38.0,100.0,26.2,11,18,323,47,3,2020,0,0,0
2020-11-18 22:00:00,36.1,100.0,25.9,11,18,323,47,3,2020,0,0,0
2020-11-18 23:00:00,38.7,100.0,25.5,11,18,323,47,3,2020,0,0,0
2020-11-19 00:00:00,40.6,100.0,25.1,11,19,324,47,4,2020,0,0,0
2020-11-19 01:00:00,39.9,100.0,25.0,11,19,324,47,4,2020,0,0,0
2020-11-19 02:00:00,40.7,100.0,25.2,11,19,324,47,4,2020,0,0,0
2020-11-19 03:00:00,44.4,100.0,25.1,11,19,324,47,4,2020,0,0,0
2020-11-19 04:00:00,44.1,100.0,24.9,11,19,324,47,4,2020,0,0,0
2020-11-19 05:00:00,42.4,100.0,24.7,11,19,324,47,4,2020,0,0,0
2020-11-19 06:00:00,44.2,100.0,24.9,11,19,324,47,4,2020,0,0,0
2020-11-19 07:00:00,43.9,100.0,25.3,11,19,324,47,4,2020,0,0,0
2020-11-19 08:00:00,45.0,100.0,25.5,11,19,324,47,4,2020,0,0,0
2020-11-19 09:00:00,49.0,100.0,25.7,11,19,324,47,4,2020,0,0,0
2020-11-19 10:00:00,49.4,100.0,26.0,11,19,324,47,4,2020,0,0,0
2020-11-19 11:00:00,47.0,100.0,26.7,11,19,324,47,4,2020,0,0,0
2020-11-19 12:00:00,49.8,98.8,27.6,11,19,324,47,4,2020,0,0,0
2020-11-19 13:00:00,47.6,95.5,28.2,11,19,324,47,4,2020,0,0,0
2020-11-19 14:00:00,37.6,92.5,28.5,11,19,324,47,4,2020,0,0,0
2020-11-19 15:00:00,37.5,94.0,28.2,11,19,324,47,4,2020,0,0,0
2020-11-19 16:00:00,35.1,93.3,28.1,11,19,324,47,4,2020,0,0,0
2020-11-19 17:00:00,35.9,95.2,27.8,11,19,324,47,4,2020,0,0,0
2020-11-19 18:00:00,36.9,97.9,27.5,11,19,324,47,4,2020,0,0,0
2020-11-19 19:00:00,40.4,99.8,27.1,11,19,324,47,4,2020,0,0,0
2020-11-19 20:00:00,43.5,99.9,26.8,11,19,324,47,4,2020,0,0,0
2020-11-19 21:00:00,37.6,100.0,26.4,11,19,324,47,4,2020,0,0,0
2020-11-19 22:00:00,35.4,100.0,26.1,11,19,324,47,4,2020,0,0,0
2020-11-19 23:00:00,34.6,100.0,25.4,11,19,324,47,4,2020,0,0,0
2020-11-20 00:00:00,35.1,100.0,24.7,11,20,325,47,5,2020,1,0,0
2020-11-20 01:00:00,38.1,100.0,24.6,11,20,325,47,5,2020,1,0,0
2020-11-20 02:00:00,45.5,100.0,24.4,11,20,325,47,5,2020,1,0,0
2020-11-20 03:00:00,42.6,100.0,24.2,11,20,325,47,5,2020,1,0,0
2020-11-20 04:00:00,44.2,100.0,24.4,11,20,325,47,5,2020,1,0,0
2020-11-20 05:00:00,46.4,100.0,24.7,11,20,325,47,5,2020,1,0,0
2020-11-20 06:00:00,50.5,100.0,25.0,11,20,325,47,5,2020,1,0,0
2020-11-20 07:00:00,53.2,100.0,25.4,11,20,325,47,5,2020,1,0,0
2020-11-20 08:00:00,56.2,100.0,25.7,11,20,325,47,5,2020,1,0,0
2020-11-20 09:00:00,53.6,100.0,26.4,11,20,325,47,5,2020,1,0,0
2020-11-20 10:00:00,55.4,100.0,26.9,11,20,325,47,5,2020,1,0,0
2020-11-20 11:00:00,55.5,99.7,27.6,11,20,325,47,5,2020,1,0,0
2020-11-20 12:00:00,45.9,95.6,28.2,11,20,325,47,5,2020,1,0,0
2020-11-20 13:00:00,38.7,92.7,28.7,11,20,325,47,5,2020,1,0,0
2020-11-20 14:00:00,37.1,90.3,29.1,11,20,325,47,5,2020,1,0,0
2020-11-20 15:00:00,35.3,90.6,28.9,11,20,325,47,5,2020,1,0,0
2020-11-20 16:00:00,34.6,90.7,28.7,11,20,325,47,5,2020,1,0,0
2020-11-20 17:00:00,35.2,93.8,28.6,11,20,325,47,5,2020,1,0,0
2020-11-20 18:00:00,38.3,97.1,28.2,11,20,325,47,5,2020,1,0,0
2020-11-20 19:00:00,36.1,99.3,27.7,11,20,325,47,5,2020,1,0,0
2020-11-20 20:00:00,36.0,100.0,26.9,11,20,325,47,5,2020,1,0,0
2020-11-20 21:00:00,34.8,100.0,26.5,11,20,325,47,5,2020,1,0,0
2020-11-20 22:00:00,37.0,100.0,26.3,11,20,325,47,5,2020,1,0,0
2020-11-20 23:00:00,43.8,100.0,26.0,11,20,325,47,5,2020,1,0,0
2020-11-21 00:00:00,40.0,100.0,25.9,11,21,326,47,6,2020,1,0,0
2020-11-21 01:00:00,38.1,100.0,25.8,11,21,326,47,6,2020,1,0,0
2020-11-21 02:00:00,39.6,100.0,25.4,11,21,326,47,6,2020,1,0,0
2020-11-21 03:00:00,42.5,100.0,25.3,11,21,326,47,6,2020,1,0,0
2020-11-21 04:00:00,42.4,100.0,25.2,11,21,326,47,6,2020,1,0,0
2020-11-21 05:00:00,42.4,100.0,25.4,11,21,326,47,6,2020,1,0,0
2020-11-21 06:00:00,42.0,100.0,25.2,11,21,326,47,6,2020,1,0,0
2020-11-21 07:00:00,41.9,100.0,25.5,11,21,326,47,6,2020,1,0,0
2020-11-21 08:00:00,43.1,100.0,25.8,11,21,326,47,6,2020,1,0,0
2020-11-21 09:00:00,43.1,100.0,26.9,11,21,326,47,6,2020,1,0,0
2020-11-21 10:00:00,42.0,98.4,28.3,11,21,326,47,6,2020,1,0,0
2020-11-21 11:00:00,40.0,95.5,28.6,11,21,326,47,6,2020,1,0,0
2020-11-21 12:00:00,39.6,89.6,29.5,11,21,326,47,6,2020,1,0,0
2020-11-21 13:00:00,36.1,86.6,30.1,11,21,326,47,6,2020,1,0,0
2020-11-21 14:00:00,35.4,85.1,30.1,11,21,326,47,6,2020,1,0,0
2020-11-21 15:00:00,33.7,85.7,29.8,11,21,326,47,6,2020,1,0,0
2020-11-21 16:00:00,32.2,87.4,29.8,11,21,326,47,6,2020,1,0,0
2020-11-21 17:00:00,29.6,97.5,28.7,11,21,326,47,6,2020,1,0,0
2020-11-21 18:00:00,31.5,99.6,28.1,11,21,326,47,6,2020,1,0,0
2020-11-21 19:00:00,32.0,100.0,27.7,11,21,326,47,6,2020,1,0,0
2020-11-21 20:00:00,32.7,100.0,27.3,11,21,326,47,6,2020,1,0,0
2020-11-21 21:00:00,33.6,100.0,27.1,11,21,326,47,6,2020,1,0,0
2020-11-21 22:00:00,36.0,100.0,26.9,11,21,326,47,6,2020,1,0,0
2020-11-21 23:00:00,38.4,100.0,26.6,11,21,326,47,6,2020,1,0,0
2020-11-22 00:00:00,40.0,100.0,26.2,11,22,327,47,7,2020,1,0,0
2020-11-22 01:00:00,41.3,100.0,25.8,11,22,327,47,7,2020,1,0,0
2020-11-22 02:00:00,42.7,100.0,25.6,11,22,327,47,7,2020,1,0,0
2020-11-22 03:00:00,39.8,100.0,25.4,11,22,327,47,7,2020,1,0,0
2020-11-22 04:00:00,38.4,100.0,25.3,11,22,327,47,7,2020,1,0,0
2020-11-22 05:00:00,39.6,100.0,25.2,11,22,327,47,7,2020,1,0,0
2020-11-22 06:00:00,40.7,100.0,25.3,11,22,327,47,7,2020,1,0,0
2020-11-22 07:00:00,47.4,100.0,25.7,11,22,327,47,7,2020,1,0,0
2020-11-22 08:00:00,55.8,100.0,26.0,11,22,327,47,7,2020,1,0,0
2020-11-22 09:00:00,52.5,100.0,26.7,11,22,327,47,7,2020,1,0,0
2020-11-22 10:00:00,52.5,100.0,27.0,11,22,327,47,7,2020,1,0,0
2020-11-22 11:00:00,46.6,99.8,27.6,11,22,327,47,7,2020,1,0,0
2020-11-22 12:00:00,35.3,96.7,28.6,11,22,327,47,7,2020,1,0,0
2020-11-22 13:00:00,35.2,95.3,28.9,11,22,327,47,7,2020,1,0,0
2020-11-22 14:00:00,32.0,92.6,29.3,11,22,327,47,7,2020,1,0,0
2020-11-22 15:00:00,31.8,89.6,29.4,11,22,327,47,7,2020,1,0,0
2020-11-22 16:00:00,29.4,88.2,29.3,11,22,327,47,7,2020,1,0,0
2020-11-22 17:00:00,30.0,89.4,29.3,11,22,327,47,7,2020,1,0,0
2020-11-22 18:00:00,34.5,97.8,28.3,11,22,327,47,7,2020,1,0,0
2020-11-22 19:00:00,38.8,99.9,28.1,11,22,327,47,7,2020,1,0,0
2020-11-22 20:00:00,37.3,100.0,27.7,11,22,327,47,7,2020,1,0,0
2020-11-22 21:00:00,35.5,100.0,27.3,11,22,327,47,7,2020,1,0,0
2020-11-22 22:00:00,37.5,100.0,27.1,11,22,327,47,7,2020,1,0,0
2020-11-22 23:00:00,36.6,100.0,26.9,11,22,327,47,7,2020,1,0,0
2020-11-23 00:00:00,34.6,100.0,26.6,11,23,328,48,1,2020,0,0,0
2020-11-23 01:00:00,34.2,100.0,26.2,11,23,328,48,1,2020,0,0,0
2020-11-23 02:00:00,32.4,100.0,25.9,11,23,328,48,1,2020,0,0,0
2020-11-23 03:00:00,30.6,100.0,25.9,11,23,328,48,1,2020,0,0,0
2020-11-23 04:00:00,30.3,100.0,25.8,11,23,328,48,1,2020,0,0,0
2020-11-23 05:00:00,33.5,100.0,25.7,11,23,328,48,1,2020,0,0,0
2020-11-23 06:00:00,40.9,100.0,25.4,11,23,328,48,1,2020,0,0,0
2020-11-23 07:00:00,49.2,100.0,25.6,11,23,328,48,1,2020,0,0,0
2020-11-23 08:00:00,63.1,100.0,26.1,11,23,328,48,1,2020,0,0,0
2020-11-23 09:00:00,54.2,100.0,26.8,11,23,328,48,1,2020,0,0,0
2020-11-23 10:00:00,48.4,95.9,27.8,11,23,328,48,1,2020,0,0,0
2020-11-23 11:00:00,37.1,89.8,28.8,11,23,328,48,1,2020,0,0,0
2020-11-23 12:00:00,39.0,89.8,28.8,11,23,328,48,1,2020,0,0,0
2020-11-23 13:00:00,36.6,90.7,28.7,11,23,328,48,1,2020,0,0,0
2020-11-23 14:00:00,32.3,89.0,29.0,11,23,328,48,1,2020,0,0,0
2020-11-23 15:00:00,28.5,88.7,29.1,11,23,328,48,1,2020,0,0,0
2020-11-23 16:00:00,28.0,89.0,29.0,11,23,328,48,1,2020,0,0,0
2020-11-23 17:00:00,28.9,90.2,28.6,11,23,328,48,1,2020,0,0,0
2020-11-23 18:00:00,34.4,93.2,28.2,11,23,328,48,1,2020,0,0,0
2020-11-23 19:00:00,36.4,95.7,27.4,11,23,328,48,1,2020,0,0,0
2020-11-23 20:00:00,38.4,97.9,26.9,11,23,328,48,1,2020,0,0,0
2020-11-23 21:00:00,39.2,98.6,26.7,11,23,328,48,1,2020,0,0,0
2020-11-23 22:00:00,41.4,99.1,26.7,11,23,328,48,1,2020,0,0,0
2020-11-23 23:00:00,41.9,99.8,26.6,11,23,328,48,1,2020,0,0,0
2020-11-24 00:00:00,39.5,99.7,26.3,11,24,329,48,2,2020,0,0,0
2020-11-24 01:00:00,40.5,100.0,26.3,11,24,329,48,2,2020,0,0,0
2020-11-24 02:00:00,44.9,100.0,25.8,11,24,329,48,2,2020,0,0,0
2020-11-24 03:00:00,45.7,100.0,25.2,11,24,329,48,2,2020,0,0,0
2020-11-24 04:00:00,48.2,100.0,24.9,11,24,329,48,2,2020,0,0,0
2020-11-24 05:00:00,52.7,100.0,24.8,11,24,329,48,2,2020,0,0,0
2020-11-24 06:00:00,50.4,100.0,24.8,11,24,329,48,2,2020,0,0,0
2020-11-24 07:00:00,49.2,100.0,24.9,11,24,329,48,2,2020,0,0,0
2020-11-24 08:00:00,44.1,99.7,25.5,11,24,329,48,2,2020,0,0,0
2020-11-24 09:00:00,44.7,98.0,25.9,11,24,329,48,2,2020,0,0,0
2020-11-24 10:00:00,40.8,94.0,26.8,11,24,329,48,2,2020,0,0,0
2020-11-24 11:00:00,38.8,93.9,26.9,11,24,329,48,2,2020,0,0,0
2020-11-24 12:00:00,41.1,92.0,27.3,11,24,329,48,2,2020,0,0,0
2020-11-24 13:00:00,44.6,91.9,27.3,11,24,329,48,2,2020,0,0,0
2020-11-24 14:00:00,47.6,93.5,27.2,11,24,329,48,2,2020,0,0,0
2020-11-24 15:00:00,53.0,98.9,26.4,11,24,329,48,2,2020,0,0,0
2020-11-24 16:00:00,39.6,94.1,27.1,11,24,329,48,2,2020,0,0,0
2020-11-24 17:00:00,38.5,93.1,26.9,11,24,329,48,2,2020,0,0,0
2020-11-24 18:00:00,43.9,95.8,26.4,11,24,329,48,2,2020,0,0,0
2020-11-24 19:00:00,50.1,99.0,25.9,11,24,329,48,2,2020,0,0,0
2020-11-24 20:00:00,51.3,99.8,25.5,11,24,329,48,2,2020,0,0,0
2020-11-24 21:00:00,52.0,99.9,25.3,11,24,329,48,2,2020,0,0,0
2020-11-24 22:00:00,52.3,100.0,25.0,11,24,329,48,2,2020,0,0,0
2020-11-24 23:00:00,50.4,99.9,24.9,11,24,329,48,2,2020,0,0,0
2020-11-25 00:00:00,51.7,100.0,24.9,11,25,330,48,3,2020,0,0,0
2020-11-25 01:00:00,52.0,100.0,24.9,11,25,330,48,3,2020,0,0,0
2020-11-25 02:00:00,53.9,100.0,24.8,11,25,330,48,3,2020,0,0,0
2020-11-25 03:00:00,58.9,100.0,24.5,11,25,330,48,3,2020,0,0,0
2020-11-25 04:00:00,66.4,100.0,24.4,11,25,330,48,3,2020,0,0,0
2020-11-25 05:00:00,71.1,100.0,24.1,11,25,330,48,3,2020,0,0,0
2020-11-25 06:00:00,70.4,100.0,24.2,11,25,330,48,3,2020,0,0,0
2020-11-25 07:00:00,70.9,100.0,24.6,11,25,330,48,3,2020,0,0,0
2020-11-25 08:00:00,74.7,100.0,25.0,11,25,330,48,3,2020,0,0,0
2020-11-25 09:00:00,70.3,97.8,25.7,11,25,330,48,3,2020,0,0,0
2020-11-25 10:00:00,57.4,93.3,26.9,11,25,330,48,3,2020,0,0,0
2020-11-25 11:00:00,48.7,91.1,27.6,11,25,330,48,3,2020,0,0,0
2020-11-25 12:00:00,49.8,88.9,28.1,11,25,330,48,3,2020,0,0,0
2020-11-25 13:00:00,41.8,85.2,28.6,11,25,330,48,3,2020,0,0,0
2020-11-25 14:00:00,42.4,86.1,28.4,11,25,330,48,3,2020,0,0,0
2020-11-25 15:00:00,39.1,83.7,28.6,11,25,330,48,3,2020,0,0,0
2020-11-25 16:00:00,38.6,84.3,28.5,11,25,330,48,3,2020,0,0,0
2020-11-25 17:00:00,46.3,89.9,28.0,11,25,330,48,3,2020,0,0,0
2020-11-25 18:00:00,45.7,92.7,27.6,11,25,330,48,3,2020,0,0,0
2020-11-25 19:00:00,41.4,98.3,26.7,11,25,330,48,3,2020,0,0,0
2020-11-25 20:00:00,41.9,100.0,25.9,11,25,330,48,3,2020,0,0,0
2020-11-25 21:00:00,45.0,99.5,25.6,11,25,330,48,3,2020,0,0,0
2020-11-25 22:00:00,43.4,99.9,25.5,11,25,330,48,3,2020,0,0,0
2020-11-25 23:00:00,48.0,100.0,25.2,11,25,330,48,3,2020,0,0,0
2020-11-26 00:00:00,50.7,100.0,25.0,11,26,331,48,4,2020,0,0,0
2020-11-26 01:00:00,47.7,100.0,24.9,11,26,331,48,4,2020,0,0,0
2020-11-26 02:00:00,46.6,100.0,25.0,11,26,331,48,4,2020,0,0,0
2020-11-26 03:00:00,45.4,100.0,25.0,11,26,331,48,4,2020,0,0,0
2020-11-26 04:00:00,47.0,100.0,24.9,11,26,331,48,4,2020,0,0,0
2020-11-26 05:00:00,50.5,100.0,24.8,11,26,331,48,4,2020,0,0,0
2020-11-26 06:00:00,51.6,100.0,24.7,11,26,331,48,4,2020,0,0,0
2020-11-26 07:00:00,75.4,100.0,24.6,11,26,331,48,4,2020,0,0,0
2020-11-26 08:00:00,58.4,98.9,25.5,11,26,331,48,4,2020,0,0,0
2020-11-26 09:00:00,41.5,90.9,27.1,11,26,331,48,4,2020,0,0,0
2020-11-26 10:00:00,34.3,85.4,28.4,11,26,331,48,4,2020,0,0,0
2020-11-26 11:00:00,37.1,82.3,29.3,11,26,331,48,4,2020,0,0,0
2020-11-26 12:00:00,38.8,82.7,29.0,11,26,331,48,4,2020,0,0,0
2020-11-26 13:00:00,36.8,81.5,29.2,11,26,331,48,4,2020,0,0,0
2020-11-26 14:00:00,37.5,81.1,29.3,11,26,331,48,4,2020,0,0,0
2020-11-26 15:00:00,37.8,81.4,29.0,11,26,331,48,4,2020,0,0,0
2020-11-26 16:00:00,37.8,81.6,29.0,11,26,331,48,4,2020,0,0,0
2020-11-26 17:00:00,36.6,84.4,28.8,11,26,331,48,4,2020,0,0,0
2020-11-26 18:00:00,34.4,87.1,28.2,11,26,331,48,4,2020,0,0,0
2020-11-26 19:00:00,34.9,88.6,27.4,11,26,331,48,4,2020,0,0,0
2020-11-26 20:00:00,35.8,92.1,26.9,11,26,331,48,4,2020,0,0,0
2020-11-26 21:00:00,37.5,93.9,26.5,11,26,331,48,4,2020,0,0,0
2020-11-26 22:00:00,40.9,94.8,26.4,11,26,331,48,4,2020,0,0,0
2020-11-26 23:00:00,39.4,93.2,26.2,11,26,331,48,4,2020,0,0,0
2020-11-27 00:00:00,39.9,95.1,25.9,11,27,332,48,5,2020,1,0,0
2020-11-27 01:00:00,44.1,98.0,25.6,11,27,332,48,5,2020,1,0,0
2020-11-27 02:00:00,44.7,98.2,25.6,11,27,332,48,5,2020,1,0,0
2020-11-27 03:00:00,48.3,98.8,25.6,11,27,332,48,5,2020,1,0,0
2020-11-27 04:00:00,51.9,97.4,25.4,11,27,332,48,5,2020,1,0,0
2020-11-27 05:00:00,64.8,99.8,25.4,11,27,332,48,5,2020,1,0,0
2020-11-27 06:00:00,67.3,99.3,25.3,11,27,332,48,5,2020,1,0,0
2020-11-27 07:00:00,63.2,99.8,25.1,11,27,332,48,5,2020,1,0,0
2020-11-27 08:00:00,51.9,95.8,25.2,11,27,332,48,5,2020,1,0,0
2020-11-27 09:00:00,49.9,88.1,26.1,11,27,332,48,5,2020,1,0,0
2020-11-27 10:00:00,49.1,84.1,26.9,11,27,332,48,5,2020,1,0,0
2020-11-27 11:00:00,45.8,81.5,27.4,11,27,332,48,5,2020,1,0,0
2020-11-27 12:00:00,45.0,80.4,27.7,11,27,332,48,5,2020,1,0,0
2020-11-27 13:00:00,45.9,80.9,27.5,11,27,332,48,5,2020,1,0,0
2020-11-27 14:00:00,45.8,81.2,27.5,11,27,332,48,5,2020,1,0,0
2020-11-27 15:00:00,47.8,80.2,27.6,11,27,332,48,5,2020,1,0,0
2020-11-27 16:00:00,45.4,80.6,27.2,11,27,332,48,5,2020,1,0,0
2020-11-27 17:00:00,41.4,81.5,26.6,11,27,332,48,5,2020,1,0,0
2020-11-27 18:00:00,43.2,83.7,25.3,11,27,332,48,5,2020,1,0,0
2020-11-27 19:00:00,46.5,86.3,24.3,11,27,332,48,5,2020,1,0,0
2020-11-27 20:00:00,47.4,88.1,23.2,11,27,332,48,5,2020,1,0,0
2020-11-27 21:00:00,46.5,88.2,22.7,11,27,332,48,5,2020,1,0,0
2020-11-27 22:00:00,42.4,88.5,22.4,11,27,332,48,5,2020,1,0,0
2020-11-27 23:00:00,38.5,88.6,22.2,11,27,332,48,5,2020,1,0,0
2020-11-28 00:00:00,38.7,89.3,21.8,11,28,333,48,6,2020,1,0,0
2020-11-28 01:00:00,38.3,90.3,21.6,11,28,333,48,6,2020,1,0,0
2020-11-28 02:00:00,45.1,90.8,21.6,11,28,333,48,6,2020,1,0,0
2020-11-28 03:00:00,36.1,91.4,21.4,11,28,333,48,6,2020,1,0,0
2020-11-28 04:00:00,37.6,93.9,20.9,11,28,333,48,6,2020,1,0,0
2020-11-28 05:00:00,46.9,95.3,20.6,11,28,333,48,6,2020,1,0,0
2020-11-28 06:00:00,38.6,95.6,20.4,11,28,333,48,6,2020,1,0,0
2020-11-28 07:00:00,35.4,92.8,20.4,11,28,333,48,6,2020,1,0,0
2020-11-28 08:00:00,36.7,92.4,20.4,11,28,333,48,6,2020,1,0,0
2020-11-28 09:00:00,37.2,88.7,21.1,11,28,333,48,6,2020,1,0,0
2020-11-28 10:00:00,37.4,85.8,21.5,11,28,333,48,6,2020,1,0,0
2020-11-28 11:00:00,42.3,84.0,22.5,11,28,333,48,6,2020,1,0,0
2020-11-28 12:00:00,45.4,81.5,23.5,11,28,333,48,6,2020,1,0,0
2020-11-28 13:00:00,43.4,80.5,23.9,11,28,333,48,6,2020,1,0,0
2020-11-28 14:00:00,39.7,79.8,24.0,11,28,333,48,6,2020,1,0,0
2020-11-28 15:00:00,37.4,78.6,24.3,11,28,333,48,6,2020,1,0,0
2020-11-28 16:00:00,40.8,80.3,24.5,11,28,333,48,6,2020,1,0,0
2020-11-28 17:00:00,44.6,82.7,24.2,11,28,333,48,6,2020,1,0,0
2020-11-28 18:00:00,47.0,84.2,23.7,11,28,333,48,6,2020,1,0,0
2020-11-28 19:00:00,37.3,78.5,22.8,11,28,333,48,6,2020,1,0,0
2020-11-28 20:00:00,34.0,78.9,21.8,11,28,333,48,6,2020,1,0,0
2020-11-28 21:00:00,34.4,80.0,21.4,11,28,333,48,6,2020,1,0,0
2020-11-28 22:00:00,35.1,80.8,21.2,11,28,333,48,6,2020,1,0,0
2020-11-28 23:00:00,33.4,81.0,20.8,11,28,333,48,6,2020,1,0,0
2020-11-29 00:00:00,31.8,81.7,20.5,11,29,334,48,7,2020,1,0,0
2020-11-29 01:00:00,30.5,83.0,20.1,11,29,334,48,7,2020,1,0,0
2020-11-29 02:00:00,29.8,81.1,19.7,11,29,334,48,7,2020,1,0,0
2020-11-29 03:00:00,28.3,79.3,19.5,11,29,334,48,7,2020,1,0,0
2020-11-29 04:00:00,28.2,78.0,19.2,11,29,334,48,7,2020,1,0,0
2020-11-29 05:00:00,28.2,78.9,19.1,11,29,334,48,7,2020,1,0,0
2020-11-29 06:00:00,28.5,79.7,18.9,11,29,334,48,7,2020,1,0,0
2020-11-29 07:00:00,30.2,80.8,18.8,11,29,334,48,7,2020,1,0,0
2020-11-29 08:00:00,30.2,79.7,19.1,11,29,334,48,7,2020,1,0,0
2020-11-29 09:00:00,31.9,77.0,19.6,11,29,334,48,7,2020,1,0,0
2020-11-29 10:00:00,31.3,69.4,20.7,11,29,334,48,7,2020,1,0,0
2020-11-29 11:00:00,31.3,65.4,22.0,11,29,334,48,7,2020,1,0,0
2020-11-29 12:00:00,30.7,65.0,22.5,11,29,334,48,7,2020,1,0,0
2020-11-29 13:00:00,30.5,64.7,22.8,11,29,334,48,7,2020,1,0,0
2020-11-29 14:00:00,30.0,65.7,23.0,11,29,334,48,7,2020,1,0,0
2020-11-29 15:00:00,31.3,66.3,23.2,11,29,334,48,7,2020,1,0,0
2020-11-29 16:00:00,32.7,67.6,22.9,11,29,334,48,7,2020,1,0,0
2020-11-29 17:00:00,34.7,69.1,22.6,11,29,334,48,7,2020,1,0,0
2020-11-29 18:00:00,38.1,71.8,22.2,11,29,334,48,7,2020,1,0,0
2020-11-29 19:00:00,41.6,72.9,22.2,11,29,334,48,7,2020,1,0,0
2020-11-29 20:00:00,42.7,74.6,22.2,11,29,334,48,7,2020,1,0,0
2020-11-29 21:00:00,44.7,75.7,22.1,11,29,334,48,7,2020,1,0,0
2020-11-29 22:00:00,42.1,74.0,21.8,11,29,334,48,7,2020,1,0,0
2020-11-29 23:00:00,36.4,73.5,21.3,11,29,334,48,7,2020,1,0,0
2020-11-30 00:00:00,34.4,72.9,20.9,11,30,335,49,1,2020,0,0,1
2020-11-30 01:00:00,40.75,74.7,20.5,11,30,335,49,1,2020,0,0,1
2020-11-30 02:00:00,47.1,75.5,20.0,11,30,335,49,1,2020,0,0,1
2020-11-30 03:00:00,58.9,78.6,19.5,11,30,335,49,1,2020,0,0,1
2020-11-30 04:00:00,34.8,78.5,19.0,11,30,335,49,1,2020,0,0,1
2020-11-30 05:00:00,31.7,74.3,18.8,11,30,335,49,1,2020,0,0,1
2020-11-30 06:00:00,32.3,74.1,18.6,11,30,335,49,1,2020,0,0,1
2020-11-30 07:00:00,33.0,72.5,18.2,11,30,335,49,1,2020,0,0,1
2020-11-30 08:00:00,33.7,70.6,18.4,11,30,335,49,1,2020,0,0,1
2020-11-30 09:00:00,35.2,67.0,19.8,11,30,335,49,1,2020,0,0,1
2020-11-30 10:00:00,38.6,64.4,21.2,11,30,335,49,1,2020,0,0,1
2020-11-30 11:00:00,34.4,58.6,23.2,11,30,335,49,1,2020,0,0,1
2020-11-30 12:00:00,34.7,61.2,22.3,11,30,335,49,1,2020,0,0,1
2020-11-30 13:00:00,33.4,60.3,22.9,11,30,335,49,1,2020,0,0,1
2020-11-30 14:00:00,33.6,61.6,23.1,11,30,335,49,1,2020,0,0,1
2020-11-30 15:00:00,33.4,61.4,23.2,11,30,335,49,1,2020,0,0,1
2020-11-30 16:00:00,33.0,61.5,23.2,11,30,335,49,1,2020,0,0,1
2020-11-30 17:00:00,33.9,61.9,23.4,11,30,335,49,1,2020,0,0,1
2020-11-30 18:00:00,37.4,63.0,23.3,11,30,335,49,1,2020,0,0,1
2020-11-30 19:00:00,38.8,64.3,23.2,11,30,335,49,1,2020,0,0,1
2020-11-30 20:00:00,41.2,65.0,23.2,11,30,335,49,1,2020,0,0,1
2020-11-30 21:00:00,46.8,66.7,23.0,11,30,335,49,1,2020,0,0,1
2020-11-30 22:00:00,49.8,70.0,22.7,11,30,335,49,1,2020,0,0,1
2020-11-30 23:00:00,44.2,68.5,22.2,11,30,335,49,1,2020,0,0,1
2020-01-12 00:00:00,45.6,67.8,21.9,1,12,12,2,7,2020,1,0,0
2020-01-12 01:00:00,49.6,70.0,21.5,1,12,12,2,7,2020,1,0,0
2020-01-12 02:00:00,47.1,70.3,21.1,1,12,12,2,7,2020,1,0,0
2020-01-12 03:00:00,59.4,69.9,20.8,1,12,12,2,7,2020,1,0,0
2020-01-12 04:00:00,54.6,70.2,20.7,1,12,12,2,7,2020,1,0,0
2020-01-12 05:00:00,48.7,71.3,20.5,1,12,12,2,7,2020,1,0,0
2020-01-12 06:00:00,43.8,73.2,20.3,1,12,12,2,7,2020,1,0,0
2020-01-12 07:00:00,45.6,74.1,20.1,1,12,12,2,7,2020,1,0,0
2020-01-12 08:00:00,50.6,71.1,20.2,1,12,12,2,7,2020,1,0,0
2020-01-12 09:00:00,51.6,72.0,20.4,1,12,12,2,7,2020,1,0,0
2020-01-12 10:00:00,50.6,71.1,20.8,1,12,12,2,7,2020,1,0,0
2020-01-12 11:00:00,50.2,68.5,21.1,1,12,12,2,7,2020,1,0,0
2020-01-12 12:00:00,49.7,68.8,21.4,1,12,12,2,7,2020,1,0,0
2020-01-12 13:00:00,46.7,68.7,21.6,1,12,12,2,7,2020,1,0,0
2020-01-12 14:00:00,44.4,67.9,21.8,1,12,12,2,7,2020,1,0,0
2020-01-12 15:00:00,42.7,67.7,22.0,1,12,12,2,7,2020,1,0,0
2020-01-12 16:00:00,46.4,69.3,22.1,1,12,12,2,7,2020,1,0,0
2020-01-12 17:00:00,51.2,72.2,21.3,1,12,12,2,7,2020,1,0,0
2020-01-12 18:00:00,57.5,73.9,21.2,1,12,12,2,7,2020,1,0,0
2020-01-12 19:00:00,56.2,74.2,21.1,1,12,12,2,7,2020,1,0,0
2020-01-12 20:00:00,59.0,75.1,21.0,1,12,12,2,7,2020,1,0,0
2020-01-12 21:00:00,60.1,72.8,21.2,1,12,12,2,7,2020,1,0,0
2020-01-12 22:00:00,68.3,73.6,21.1,1,12,12,2,7,2020,1,0,0
2020-01-12 23:00:00,65.6,77.1,20.7,1,12,12,2,7,2020,1,0,0
2020-02-12 00:00:00,61.5,79.0,20.3,2,12,43,7,3,2020,0,0,0
2020-02-12 01:00:00,77.5,81.0,20.1,2,12,43,7,3,2020,0,0,0
2020-02-12 02:00:00,72.0,80.3,20.0,2,12,43,7,3,2020,0,0,0
2020-02-12 03:00:00,61.4,80.9,19.9,2,12,43,7,3,2020,0,0,0
2020-02-12 04:00:00,60.5,81.2,19.7,2,12,43,7,3,2020,0,0,0
2020-02-12 05:00:00,54.4,79.7,19.7,2,12,43,7,3,2020,0,0,0
2020-02-12 06:00:00,46.2,79.6,19.6,2,12,43,7,3,2020,0,0,0
2020-02-12 07:00:00,51.1,85.8,18.9,2,12,43,7,3,2020,0,0,0
2020-02-12 08:00:00,57.7,94.2,18.3,2,12,43,7,3,2020,0,0,0
2020-02-12 09:00:00,58.1,98.8,18.3,2,12,43,7,3,2020,0,0,0
2020-02-12 10:00:00,47.6,93.3,18.6,2,12,43,7,3,2020,0,0,0
2020-02-12 11:00:00,54.4,85.7,19.7,2,12,43,7,3,2020,0,0,0
2020-02-12 12:00:00,53.5,83.4,20.3,2,12,43,7,3,2020,0,0,0
2020-02-12 13:00:00,52.9,81.0,21.0,2,12,43,7,3,2020,0,0,0
2020-02-12 14:00:00,49.0,79.4,21.7,2,12,43,7,3,2020,0,0,0
2020-02-12 15:00:00,50.1,79.1,22.1,2,12,43,7,3,2020,0,0,0
2020-02-12 16:00:00,48.8,79.0,22.2,2,12,43,7,3,2020,0,0,0
2020-02-12 17:00:00,50.5,79.5,22.1,2,12,43,7,3,2020,0,0,0
2020-02-12 18:00:00,51.0,80.2,22.0,2,12,43,7,3,2020,0,0,0
2020-02-12 19:00:00,55.8,82.1,21.7,2,12,43,7,3,2020,0,0,0
2020-02-12 20:00:00,58.0,83.1,21.8,2,12,43,7,3,2020,0,0,0
2020-02-12 21:00:00,65.6,84.2,21.7,2,12,43,7,3,2020,0,0,0
2020-02-12 22:00:00,73.2,85.3,21.7,2,12,43,7,3,2020,0,0,0
2020-02-12 23:00:00,72.6,86.6,21.4,2,12,43,7,3,2020,0,0,0
2020-03-12 00:00:00,73.2,89.6,21.3,3,12,72,11,4,2020,0,0,0
2020-03-12 01:00:00,73.7,91.5,21.0,3,12,72,11,4,2020,0,0,0
2020-03-12 02:00:00,94.2,90.1,20.9,3,12,72,11,4,2020,0,0,0
2020-03-12 03:00:00,58.9,89.1,20.7,3,12,72,11,4,2020,0,0,0
2020-03-12 04:00:00,55.2,88.2,20.5,3,12,72,11,4,2020,0,0,0
2020-03-12 05:00:00,54.5,83.6,20.2,3,12,72,11,4,2020,0,0,0
2020-03-12 06:00:00,45.5,81.2,20.1,3,12,72,11,4,2020,0,0,0
2020-03-12 07:00:00,47.2,83.6,19.8,3,12,72,11,4,2020,0,0,0
2020-03-12 08:00:00,43.8,80.5,20.0,3,12,72,11,4,2020,0,0,0
2020-03-12 09:00:00,45.8,78.0,20.2,3,12,72,11,4,2020,0,0,0
2020-03-12 10:00:00,43.4,74.3,20.9,3,12,72,11,4,2020,0,0,0
2020-03-12 11:00:00,43.9,72.5,21.5,3,12,72,11,4,2020,0,0,0
2020-03-12 12:00:00,44.8,72.9,21.7,3,12,72,11,4,2020,0,0,0
2020-03-12 13:00:00,43.1,71.0,22.3,3,12,72,11,4,2020,0,0,0
2020-03-12 14:00:00,42.1,70.2,22.7,3,12,72,11,4,2020,0,0,0
2020-03-12 15:00:00,39.6,69.8,22.8,3,12,72,11,4,2020,0,0,0
2020-03-12 16:00:00,39.9,72.1,22.6,3,12,72,11,4,2020,0,0,0
2020-03-12 17:00:00,41.5,74.1,22.7,3,12,72,11,4,2020,0,0,0
2020-03-12 18:00:00,44.2,75.2,21.9,3,12,72,11,4,2020,0,0,0
2020-03-12 19:00:00,42.5,75.6,21.3,3,12,72,11,4,2020,0,0,0
2020-03-12 20:00:00,43.6,77.4,20.7,3,12,72,11,4,2020,0,0,0
2020-03-12 21:00:00,41.6,77.3,20.4,3,12,72,11,4,2020,0,0,0
2020-03-12 22:00:00,37.8,76.1,20.0,3,12,72,11,4,2020,0,0,0
2020-03-12 23:00:00,36.1,75.9,19.7,3,12,72,11,4,2020,0,0,0
2020-04-12 00:00:00,33.1,76.1,19.3,4,12,103,15,7,2020,1,0,0
2020-04-12 01:00:00,32.0,76.0,19.1,4,12,103,15,7,2020,1,0,0
2020-04-12 02:00:00,30.8,76.9,18.6,4,12,103,15,7,2020,1,0,0
2020-04-12 03:00:00,37.0,77.6,18.4,4,12,103,15,7,2020,1,0,0
2020-04-12 04:00:00,37.4,77.5,18.3,4,12,103,15,7,2020,1,0,0
2020-04-12 05:00:00,31.0,76.5,18.2,4,12,103,15,7,2020,1,0,0
2020-04-12 06:00:00,29.6,76.8,17.9,4,12,103,15,7,2020,1,0,0
2020-04-12 07:00:00,31.4,78.0,17.3,4,12,103,15,7,2020,1,0,0
2020-04-12 08:00:00,32.0,76.2,17.7,4,12,103,15,7,2020,1,0,0
2020-04-12 09:00:00,33.7,75.5,18.0,4,12,103,15,7,2020,1,0,0
2020-04-12 10:00:00,32.7,71.3,19.6,4,12,103,15,7,2020,1,0,0
2020-04-12 11:00:00,32.0,65.7,21.7,4,12,103,15,7,2020,1,0,0
2020-04-12 12:00:00,30.4,68.1,21.1,4,12,103,15,7,2020,1,0,0
2020-04-12 13:00:00,28.9,67.2,21.4,4,12,103,15,7,2020,1,0,0
2020-04-12 14:00:00,28.7,66.7,21.7,4,12,103,15,7,2020,1,0,0
2020-04-12 15:00:00,30.2,67.9,21.5,4,12,103,15,7,2020,1,0,0
2020-04-12 16:00:00,31.7,68.4,21.5,4,12,103,15,7,2020,1,0,0
2020-04-12 17:00:00,41.5,73.6,21.3,4,12,103,15,7,2020,1,0,0
2020-04-12 18:00:00,43.8,74.2,21.2,4,12,103,15,7,2020,1,0,0
2020-04-12 19:00:00,44.3,77.7,20.8,4,12,103,15,7,2020,1,0,0
2020-04-12 20:00:00,43.5,78.7,20.5,4,12,103,15,7,2020,1,0,0
2020-04-12 21:00:00,43.1,77.9,20.2,4,12,103,15,7,2020,1,0,0
2020-04-12 22:00:00,34.6,73.2,19.4,4,12,103,15,7,2020,1,0,0
2020-04-12 23:00:00,33.3,73.2,18.6,4,12,103,15,7,2020,1,0,0
2020-05-12 00:00:00,31.0,73.3,17.7,5,12,133,20,2,2020,0,0,0
2020-05-12 01:00:00,32.1,75.6,16.9,5,12,133,20,2,2020,0,0,0
2020-05-12 02:00:00,48.1,76.6,16.6,5,12,133,20,2,2020,0,0,0
2020-05-12 03:00:00,58.0,76.8,16.2,5,12,133,20,2,2020,0,0,0
2020-05-12 04:00:00,46.9,78.5,16.0,5,12,133,20,2,2020,0,0,0
2020-05-12 05:00:00,54.6,79.2,15.9,5,12,133,20,2,2020,0,0,0
2020-05-12 06:00:00,33.8,78.5,15.7,5,12,133,20,2,2020,0,0,0
2020-05-12 07:00:00,30.9,77.8,15.7,5,12,133,20,2,2020,0,0,0
2020-05-12 08:00:00,32.5,77.6,15.7,5,12,133,20,2,2020,0,0,0
2020-05-12 09:00:00,33.5,75.3,16.1,5,12,133,20,2,2020,0,0,0
2020-05-12 10:00:00,33.9,72.5,16.9,5,12,133,20,2,2020,0,0,0
2020-05-12 11:00:00,35.6,68.6,18.8,5,12,133,20,2,2020,0,0,0
2020-05-12 12:00:00,34.8,68.1,19.2,5,12,133,20,2,2020,0,0,0
2020-05-12 13:00:00,33.7,68.4,19.5,5,12,133,20,2,2020,0,0,0
2020-05-12 14:00:00,33.6,68.0,19.9,5,12,133,20,2,2020,0,0,0
2020-05-12 15:00:00,32.1,68.2,20.1,5,12,133,20,2,2020,0,0,0
2020-05-12 16:00:00,34.4,70.4,20.0,5,12,133,20,2,2020,0,0,0
2020-05-12 17:00:00,36.4,71.2,19.9,5,12,133,20,2,2020,0,0,0
2020-05-12 18:00:00,42.1,72.7,19.7,5,12,133,20,2,2020,0,0,0
2020-05-12 19:00:00,45.7,74.5,19.6,5,12,133,20,2,2020,0,0,0
2020-05-12 20:00:00,48.8,75.4,19.5,5,12,133,20,2,2020,0,0,0
2020-05-12 21:00:00,62.0,80.3,18.9,5,12,133,20,2,2020,0,0,0
2020-05-12 22:00:00,48.9,83.5,18.2,5,12,133,20,2,2020,0,0,0
2020-05-12 23:00:00,45.5,85.0,17.8,5,12,133,20,2,2020,0,0,0
2020-06-12 00:00:00,46.2,86.0,17.3,6,12,164,24,5,2020,1,0,0
2020-06-12 01:00:00,46.4,86.4,16.9,6,12,164,24,5,2020,1,0,0
2020-06-12 02:00:00,47.5,87.9,16.5,6,12,164,24,5,2020,1,0,0
2020-06-12 03:00:00,56.0,89.1,16.2,6,12,164,24,5,2020,1,0,0
2020-06-12 04:00:00,60.3,90.9,15.9,6,12,164,24,5,2020,1,0,0
2020-06-12 05:00:00,62.5,94.2,15.6,6,12,164,24,5,2020,1,0,0
2020-06-12 06:00:00,65.5,94.4,15.5,6,12,164,24,5,2020,1,0,0
2020-06-12 07:00:00,71.6,96.9,15.2,6,12,164,24,5,2020,1,0,0
2020-06-12 08:00:00,64.8,94.6,15.7,6,12,164,24,5,2020,1,0,0
2020-06-12 09:00:00,52.1,85.8,17.4,6,12,164,24,5,2020,1,0,0
2020-06-12 10:00:00,55.7,76.1,19.6,6,12,164,24,5,2020,1,0,0
2020-06-12 11:00:00,47.1,67.2,21.4,6,12,164,24,5,2020,1,0,0
2020-06-12 12:00:00,43.6,68.7,20.9,6,12,164,24,5,2020,1,0,0
2020-06-12 13:00:00,45.6,68.2,21.4,6,12,164,24,5,2020,1,0,0
2020-06-12 14:00:00,46.3,68.1,22.0,6,12,164,24,5,2020,1,0,0
2020-06-12 15:00:00,43.4,67.8,22.3,6,12,164,24,5,2020,1,0,0
2020-06-12 16:00:00,45.5,69.6,22.1,6,12,164,24,5,2020,1,0,0
2020-06-12 17:00:00,48.6,71.2,21.8,6,12,164,24,5,2020,1,0,0
2020-06-12 18:00:00,47.0,72.8,21.4,6,12,164,24,5,2020,1,0,0
2020-06-12 19:00:00,56.9,76.6,20.9,6,12,164,24,5,2020,1,0,0
2020-06-12 20:00:00,67.4,85.4,20.7,6,12,164,24,5,2020,1,0,0
2020-06-12 21:00:00,69.2,92.9,20.1,6,12,164,24,5,2020,1,0,0
2020-06-12 22:00:00,61.7,93.5,19.8,6,12,164,24,5,2020,1,0,0
2020-06-12 23:00:00,71.9,97.7,19.2,6,12,164,24,5,2020,1,0,0
2020-07-12 00:00:00,73.1,98.0,19.1,7,12,194,28,7,2020,1,0,0
2020-07-12 01:00:00,66.3,98.9,18.7,7,12,194,28,7,2020,1,0,0
2020-07-12 02:00:00,64.8,98.6,18.3,7,12,194,28,7,2020,1,0,0
2020-07-12 03:00:00,79.5,99.0,18.3,7,12,194,28,7,2020,1,0,0
2020-07-12 04:00:00,84.0,97.8,18.3,7,12,194,28,7,2020,1,0,0
2020-07-12 05:00:00,88.5,92.4,18.0,7,12,194,28,7,2020,1,0,0
2020-07-12 06:00:00,55.7,90.4,17.9,7,12,194,28,7,2020,1,0,0
2020-07-12 07:00:00,64.3,91.1,17.9,7,12,194,28,7,2020,1,0,0
2020-07-12 08:00:00,55.2,87.2,18.3,7,12,194,28,7,2020,1,0,0
2020-07-12 09:00:00,54.2,80.6,19.0,7,12,194,28,7,2020,1,0,0
2020-07-12 10:00:00,53.3,74.7,20.3,7,12,194,28,7,2020,1,0,0
2020-07-12 11:00:00,51.0,69.0,22.2,7,12,194,28,7,2020,1,0,0
2020-07-12 12:00:00,49.0,68.6,22.1,7,12,194,28,7,2020,1,0,0
2020-07-12 13:00:00,47.1,67.9,22.4,7,12,194,28,7,2020,1,0,0
2020-07-12 14:00:00,44.2,67.9,22.7,7,12,194,28,7,2020,1,0,0
2020-07-12 15:00:00,44.1,67.1,22.8,7,12,194,28,7,2020,1,0,0
2020-07-12 16:00:00,51.0,70.2,22.9,7,12,194,28,7,2020,1,0,0
2020-07-12 17:00:00,70.6,80.2,22.4,7,12,194,28,7,2020,1,0,0
2020-07-12 18:00:00,68.0,83.0,21.9,7,12,194,28,7,2020,1,0,0
2020-07-12 19:00:00,69.6,85.1,21.6,7,12,194,28,7,2020,1,0,0
2020-07-12 20:00:00,68.1,86.5,21.1,7,12,194,28,7,2020,1,0,0
2020-07-12 21:00:00,62.1,85.2,20.8,7,12,194,28,7,2020,1,0,0
2020-07-12 22:00:00,59.7,85.2,20.6,7,12,194,28,7,2020,1,0,0
2020-07-12 23:00:00,63.9,87.7,20.5,7,12,194,28,7,2020,1,0,0
2020-08-12 00:00:00,67.9,90.6,20.1,8,12,225,33,3,2020,0,0,0
2020-08-12 01:00:00,68.0,91.3,20.1,8,12,225,33,3,2020,0,0,0
2020-08-12 02:00:00,67.3,90.7,20.1,8,12,225,33,3,2020,0,0,0
2020-08-12 03:00:00,67.1,89.4,19.8,8,12,225,33,3,2020,0,0,0
2020-08-12 04:00:00,65.5,82.3,19.1,8,12,225,33,3,2020,0,0,0
2020-08-12 05:00:00,59.2,82.2,18.6,8,12,225,33,3,2020,0,0,0
2020-08-12 06:00:00,44.9,82.9,18.1,8,12,225,33,3,2020,0,0,0
2020-08-12 07:00:00,54.4,84.4,17.9,8,12,225,33,3,2020,0,0,0
2020-08-12 08:00:00,49.4,84.1,18.4,8,12,225,33,3,2020,0,0,0
2020-08-12 09:00:00,44.7,79.1,19.1,8,12,225,33,3,2020,0,0,0
2020-08-12 10:00:00,42.5,72.8,20.5,8,12,225,33,3,2020,0,0,0
2020-08-12 11:00:00,43.7,67.7,22.4,8,12,225,33,3,2020,0,0,0
2020-08-12 12:00:00,43.9,69.5,22.2,8,12,225,33,3,2020,0,0,0
2020-08-12 13:00:00,42.8,68.7,22.6,8,12,225,33,3,2020,0,0,0
2020-08-12 14:00:00,41.1,68.2,23.0,8,12,225,33,3,2020,0,0,0
2020-08-12 15:00:00,53.9,72.4,23.0,8,12,225,33,3,2020,0,0,0
2020-08-12 16:00:00,62.2,75.0,22.7,8,12,225,33,3,2020,0,0,0
2020-08-12 17:00:00,59.5,76.2,22.4,8,12,225,33,3,2020,0,0,0
2020-08-12 18:00:00,59.5,78.8,21.9,8,12,225,33,3,2020,0,0,0
2020-08-12 19:00:00,63.3,81.3,21.4,8,12,225,33,3,2020,0,0,0
2020-08-12 20:00:00,68.7,85.2,20.8,8,12,225,33,3,2020,0,0,0
2020-08-12 21:00:00,72.1,87.2,20.5,8,12,225,33,3,2020,0,0,0
2020-08-12 22:00:00,74.7,89.2,20.3,8,12,225,33,3,2020,0,0,0
2020-08-12 23:00:00,84.1,92.2,19.9,8,12,225,33,3,2020,0,0,0
2020-09-12 00:00:00,93.6,97.2,19.5,9,12,256,37,6,2020,1,0,0
2020-09-12 01:00:00,103.7,97.3,19.2,9,12,256,37,6,2020,1,0,0
2020-09-12 02:00:00,94.4,96.5,18.8,9,12,256,37,6,2020,1,0,0
2020-09-12 03:00:00,84.8,95.5,18.5,9,12,256,37,6,2020,1,0,0
2020-09-12 04:00:00,89.8,95.5,18.1,9,12,256,37,6,2020,1,0,0
2020-09-12 05:00:00,100.6,94.9,17.8,9,12,256,37,6,2020,1,0,0
2020-09-12 06:00:00,95.8,95.2,17.6,9,12,256,37,6,2020,1,0,0
2020-09-12 07:00:00,96.2,97.4,17.4,9,12,256,37,6,2020,1,0,0
2020-09-12 08:00:00,98.5,94.5,17.7,9,12,256,37,6,2020,1,0,0
2020-09-12 09:00:00,88.6,87.5,19.0,9,12,256,37,6,2020,1,0,0
2020-09-12 10:00:00,60.5,79.1,21.1,9,12,256,37,6,2020,1,0,0
2020-09-12 11:00:00,51.7,73.9,23.1,9,12,256,37,6,2020,1,0,0
2020-09-12 12:00:00,59.3,78.8,22.7,9,12,256,37,6,2020,1,0,0
2020-09-12 13:00:00,52.1,73.3,23.5,9,12,256,37,6,2020,1,0,0
2020-09-12 14:00:00,50.8,71.6,23.8,9,12,256,37,6,2020,1,0,0
2020-09-12 15:00:00,54.1,72.2,23.9,9,12,256,37,6,2020,1,0,0
2020-09-12 16:00:00,53.8,73.2,23.9,9,12,256,37,6,2020,1,0,0
2020-09-12 17:00:00,53.1,74.4,23.7,9,12,256,37,6,2020,1,0,0
2020-09-12 18:00:00,56.9,78.2,23.0,9,12,256,37,6,2020,1,0,0
2020-09-12 19:00:00,71.5,81.2,22.6,9,12,256,37,6,2020,1,0,0
2020-09-12 20:00:00,68.2,87.7,22.3,9,12,256,37,6,2020,1,0,0
2020-09-12 21:00:00,61.7,90.2,21.5,9,12,256,37,6,2020,1,0,0
2020-09-12 22:00:00,63.1,92.7,21.0,9,12,256,37,6,2020,1,0,0
2020-09-12 23:00:00,59.9,93.8,20.8,9,12,256,37,6,2020,1,0,0
2020-10-12 00:00:00,54.1,94.4,20.5,10,12,286,42,1,2020,0,0,0
2020-10-12 01:00:00,52.0,95.4,20.4,10,12,286,42,1,2020,0,0,0
2020-10-12 02:00:00,55.8,98.2,20.0,10,12,286,42,1,2020,0,0,0
2020-10-12 03:00:00,78.1,99.8,19.9,10,12,286,42,1,2020,0,0,0
2020-10-12 04:00:00,80.35,99.6,19.6,10,12,286,42,1,2020,0,0,0
2020-10-12 05:00:00,82.6,97.0,19.8,10,12,286,42,1,2020,0,0,0
2020-10-12 06:00:00,91.6,96.2,19.9,10,12,286,42,1,2020,0,0,0
2020-10-12 07:00:00,89.2,95.2,19.9,10,12,286,42,1,2020,0,0,0
2020-10-12 08:00:00,84.8,88.5,20.5,10,12,286,42,1,2020,0,0,0
2020-10-12 09:00:00,59.8,85.8,21.0,10,12,286,42,1,2020,0,0,0
2020-10-12 10:00:00,60.7,81.2,22.5,10,12,286,42,1,2020,0,0,0
2020-10-12 11:00:00,59.3,74.4,24.4,10,12,286,42,1,2020,0,0,0
2020-10-12 12:00:00,55.4,73.5,24.2,10,12,286,42,1,2020,0,0,0
2020-10-12 13:00:00,54.9,71.8,24.7,10,12,286,42,1,2020,0,0,0
2020-10-12 14:00:00,56.2,71.6,24.8,10,12,286,42,1,2020,0,0,0
2020-10-12 15:00:00,59.7,72.4,24.7,10,12,286,42,1,2020,0,0,0
2020-10-12 16:00:00,70.5,75.1,24.4,10,12,286,42,1,2020,0,0,0
2020-10-12 17:00:00,77.1,77.6,24.0,10,12,286,42,1,2020,0,0,0
2020-10-12 18:00:00,86.1,81.6,23.2,10,12,286,42,1,2020,0,0,0
2020-10-12 19:00:00,89.6,84.1,22.7,10,12,286,42,1,2020,0,0,0
2020-10-12 20:00:00,106.1,87.5,22.3,10,12,286,42,1,2020,0,0,0
2020-10-12 21:00:00,117.9,90.5,22.1,10,12,286,42,1,2020,0,0,0
2020-10-12 22:00:00,90.4,92.2,22.0,10,12,286,42,1,2020,0,0,0
2020-10-12 23:00:00,81.4,95.3,21.6,10,12,286,42,1,2020,0,0,0
2020-11-12 00:00:00,78.8,98.5,21.2,11,12,317,46,4,2020,0,0,0
2020-11-12 01:00:00,83.5,100.0,21.0,11,12,317,46,4,2020,0,0,0
2020-11-12 02:00:00,84.2,100.0,20.7,11,12,317,46,4,2020,0,0,0
2020-11-12 03:00:00,88.1,100.0,20.5,11,12,317,46,4,2020,0,0,0
2020-11-12 04:00:00,87.0,100.0,20.8,11,12,317,46,4,2020,0,0,0
2020-11-12 05:00:00,100.4,100.0,20.6,11,12,317,46,4,2020,0,0,0
2020-11-12 06:00:00,137.0,100.0,20.5,11,12,317,46,4,2020,0,0,0
2020-11-12 07:00:00,133.2,100.0,20.2,11,12,317,46,4,2020,0,0,0
2020-11-12 08:00:00,111.7,99.6,20.5,11,12,317,46,4,2020,0,0,0
2020-11-12 09:00:00,106.1,94.6,21.7,11,12,317,46,4,2020,0,0,0
2020-11-12 10:00:00,88.8,84.7,23.5,11,12,317,46,4,2020,0,0,0
2020-11-12 11:00:00,73.7,82.6,24.1,11,12,317,46,4,2020,0,0,0
2020-11-12 12:00:00,71.4,81.3,25.1,11,12,317,46,4,2020,0,0,0
2020-11-12 13:00:00,70.4,81.6,25.1,11,12,317,46,4,2020,0,0,0
2020-11-12 14:00:00,65.8,82.9,25.2,11,12,317,46,4,2020,0,0,0
2020-11-12 15:00:00,62.0,82.4,25.4,11,12,317,46,4,2020,0,0,0
2020-11-12 16:00:00,61.6,82.5,25.5,11,12,317,46,4,2020,0,0,0
2020-11-12 17:00:00,63.7,86.2,25.1,11,12,317,46,4,2020,0,0,0
2020-11-12 18:00:00,62.0,97.3,23.9,11,12,317,46,4,2020,0,0,0
2020-11-12 19:00:00,56.9,100.0,23.0,11,12,317,46,4,2020,0,0,0
2020-11-12 20:00:00,54.5,100.0,22.7,11,12,317,46,4,2020,0,0,0
2020-11-12 21:00:00,54.4,100.0,22.4,11,12,317,46,4,2020,0,0,0
2020-11-12 22:00:00,50.6,100.0,22.7,11,12,317,46,4,2020,0,0,0
2020-11-12 23:00:00,49.2,100.0,22.7,11,12,317,46,4,2020,0,0,0
2020-12-12 00:00:00,51.4,100.0,22.5,12,12,347,50,6,2020,1,0,0
2020-12-12 01:00:00,49.3,100.0,22.2,12,12,347,50,6,2020,1,0,0
2020-12-12 02:00:00,54.5,100.0,21.9,12,12,347,50,6,2020,1,0,0
2020-12-12 03:00:00,60.3,100.0,21.7,12,12,347,50,6,2020,1,0,0
2020-12-12 04:00:00,65.5,100.0,21.8,12,12,347,50,6,2020,1,0,0
2020-12-12 05:00:00,68.7,100.0,21.7,12,12,347,50,6,2020,1,0,0
2020-12-12 06:00:00,70.4,100.0,21.7,12,12,347,50,6,2020,1,0,0
2020-12-12 07:00:00,74.7,100.0,21.8,12,12,347,50,6,2020,1,0,0
2020-12-12 08:00:00,83.2,100.0,22.0,12,12,347,50,6,2020,1,0,0
2020-12-12 09:00:00,89.7,98.1,22.9,12,12,347,50,6,2020,1,0,0
2020-12-12 10:00:00,73.4,94.2,24.0,12,12,347,50,6,2020,1,0,0
2020-12-12 11:00:00,74.0,94.5,24.2,12,12,347,50,6,2020,1,0,0
2020-12-12 12:00:00,62.9,90.4,25.4,12,12,347,50,6,2020,1,0,0
2020-12-12 13:00:00,52.3,89.4,25.8,12,12,347,50,6,2020,1,0,0
2020-12-12 14:00:00,48.5,86.0,26.2,12,12,347,50,6,2020,1,0,0
2020-12-12 15:00:00,51.0,85.1,26.4,12,12,347,50,6,2020,1,0,0
2020-12-12 16:00:00,49.8,86.0,26.4,12,12,347,50,6,2020,1,0,0
2020-12-12 17:00:00,51.8,89.0,25.8,12,12,347,50,6,2020,1,0,0
2020-12-12 18:00:00,59.2,93.4,25.0,12,12,347,50,6,2020,1,0,0
2020-12-12 19:00:00,63.0,98.1,24.0,12,12,347,50,6,2020,1,0,0
2020-12-12 20:00:00,67.4,100.0,23.4,12,12,347,50,6,2020,1,0,0
2020-12-12 21:00:00,73.6,100.0,23.3,12,12,347,50,6,2020,1,0,0
2020-12-12 22:00:00,62.7,100.0,23.1,12,12,347,50,6,2020,1,0,0
2020-12-12 23:00:00,57.5,100.0,22.6,12,12,347,50,6,2020,1,0,0
2020-12-13 00:00:00,59.3,100.0,22.4,12,13,348,50,7,2020,1,0,0
2020-12-13 01:00:00,57.2,100.0,22.4,12,13,348,50,7,2020,1,0,0
2020-12-13 02:00:00,61.9,100.0,22.2,12,13,348,50,7,2020,1,0,0
2020-12-13 03:00:00,64.2,100.0,21.9,12,13,348,50,7,2020,1,0,0
2020-12-13 04:00:00,69.6,100.0,21.7,12,13,348,50,7,2020,1,0,0
2020-12-13 05:00:00,70.0,100.0,21.9,12,13,348,50,7,2020,1,0,0
2020-12-13 06:00:00,72.6,100.0,22.0,12,13,348,50,7,2020,1,0,0
2020-12-13 07:00:00,74.9,100.0,22.2,12,13,348,50,7,2020,1,0,0
2020-12-13 08:00:00,73.7,100.0,22.8,12,13,348,50,7,2020,1,0,0
2020-12-13 09:00:00,67.3,100.0,23.8,12,13,348,50,7,2020,1,0,0
2020-12-13 10:00:00,59.1,97.9,25.1,12,13,348,50,7,2020,1,0,0
2020-12-13 11:00:00,63.4,94.3,26.0,12,13,348,50,7,2020,1,0,0
2020-12-13 12:00:00,62.4,93.0,26.2,12,13,348,50,7,2020,1,0,0
2020-12-13 13:00:00,47.5,89.7,27.0,12,13,348,50,7,2020,1,0,0
2020-12-13 14:00:00,42.8,88.6,27.4,12,13,348,50,7,2020,1,0,0
2020-12-13 15:00:00,31.6,84.8,27.7,12,13,348,50,7,2020,1,0,0
2020-12-13 16:00:00,30.2,84.8,27.7,12,13,348,50,7,2020,1,0,0
2020-12-13 17:00:00,33.5,87.7,27.3,12,13,348,50,7,2020,1,0,0
2020-12-13 18:00:00,32.4,92.2,26.6,12,13,348,50,7,2020,1,0,0
2020-12-13 19:00:00,49.2,98.5,25.7,12,13,348,50,7,2020,1,0,0
2020-12-13 20:00:00,77.0,100.0,24.8,12,13,348,50,7,2020,1,0,0
2020-12-13 21:00:00,81.8,100.0,24.5,12,13,348,50,7,2020,1,0,0
2020-12-13 22:00:00,72.7,100.0,24.5,12,13,348,50,7,2020,1,0,0
2020-12-13 23:00:00,65.0,100.0,24.4,12,13,348,50,7,2020,1,0,0
2020-12-14 00:00:00,59.6,100.0,24.4,12,14,349,51,1,2020,0,0,0
2020-12-14 01:00:00,64.4,100.0,24.1,12,14,349,51,1,2020,0,0,0
2020-12-14 02:00:00,65.9,100.0,24.0,12,14,349,51,1,2020,0,0,0
2020-12-14 03:00:00,64.6,100.0,23.9,12,14,349,51,1,2020,0,0,0
2020-12-14 04:00:00,67.1,100.0,23.9,12,14,349,51,1,2020,0,0,0
2020-12-14 05:00:00,64.0,100.0,24.0,12,14,349,51,1,2020,0,0,0
2020-12-14 06:00:00,64.0,100.0,24.0,12,14,349,51,1,2020,0,0,0
2020-12-14 07:00:00,65.7,100.0,24.4,12,14,349,51,1,2020,0,0,0
2020-12-14 08:00:00,59.0,100.0,24.8,12,14,349,51,1,2020,0,0,0
2020-12-14 09:00:00,52.9,100.0,25.2,12,14,349,51,1,2020,0,0,0
2020-12-14 10:00:00,47.9,100.0,26.2,12,14,349,51,1,2020,0,0,0
2020-12-14 11:00:00,49.4,99.1,27.1,12,14,349,51,1,2020,0,0,0
2020-12-14 12:00:00,55.2,93.4,28.1,12,14,349,51,1,2020,0,0,0
2020-12-14 13:00:00,52.1,88.7,28.6,12,14,349,51,1,2020,0,0,0
2020-12-14 14:00:00,44.9,87.0,28.3,12,14,349,51,1,2020,0,0,0
2020-12-14 15:00:00,36.6,90.0,25.2,12,14,349,51,1,2020,0,0,0
2020-12-14 16:00:00,31.0,87.4,23.1,12,14,349,51,1,2020,0,0,0
2020-12-14 17:00:00,29.4,86.2,21.8,12,14,349,51,1,2020,0,0,0
2020-12-14 18:00:00,32.1,86.7,21.0,12,14,349,51,1,2020,0,0,0
2020-12-14 19:00:00,29.4,90.0,20.1,12,14,349,51,1,2020,0,0,0
2020-12-14 20:00:00,30.1,94.6,19.3,12,14,349,51,1,2020,0,0,0
2020-12-14 21:00:00,30.3,91.2,19.5,12,14,349,51,1,2020,0,0,0
2020-12-14 22:00:00,29.3,91.8,19.1,12,14,349,51,1,2020,0,0,0
2020-12-14 23:00:00,27.6,90.8,18.9,12,14,349,51,1,2020,0,0,0
2020-12-15 00:00:00,27.5,89.8,18.6,12,15,350,51,2,2020,0,0,0
2020-12-15 01:00:00,28.6,97.7,17.6,12,15,350,51,2,2020,0,0,0
2020-12-15 02:00:00,30.3,99.5,17.2,12,15,350,51,2,2020,0,0,0
2020-12-15 03:00:00,32.4,97.9,17.1,12,15,350,51,2,2020,0,0,0
2020-12-15 04:00:00,33.5,99.8,16.3,12,15,350,51,2,2020,0,0,0
2020-12-15 05:00:00,33.4,100.0,15.3,12,15,350,51,2,2020,0,0,0
2020-12-15 06:00:00,31.8,100.0,15.2,12,15,350,51,2,2020,0,0,0
2020-12-15 07:00:00,28.0,100.0,15.2,12,15,350,51,2,2020,0,0,0
2020-12-15 08:00:00,26.4,100.0,15.2,12,15,350,51,2,2020,0,0,0
2020-12-15 09:00:00,26.1,97.6,15.5,12,15,350,51,2,2020,0,0,0
2020-12-15 10:00:00,26.2,94.1,16.0,12,15,350,51,2,2020,0,0,0
2020-12-15 11:00:00,26.4,92.2,16.2,12,15,350,51,2,2020,0,0,0
2020-12-15 12:00:00,27.6,92.6,16.3,12,15,350,51,2,2020,0,0,0
2020-12-15 13:00:00,28.8,93.6,16.3,12,15,350,51,2,2020,0,0,0
2020-12-15 14:00:00,27.6,94.0,16.1,12,15,350,51,2,2020,0,0,0
2020-12-15 15:00:00,30.0,93.6,16.3,12,15,350,51,2,2020,0,0,0
2020-12-15 16:00:00,30.3,94.0,16.1,12,15,350,51,2,2020,0,0,0
2020-12-15 17:00:00,30.4,93.6,16.1,12,15,350,51,2,2020,0,0,0
2020-12-15 18:00:00,31.9,94.4,16.0,12,15,350,51,2,2020,0,0,0
2020-12-15 19:00:00,31.2,95.2,15.5,12,15,350,51,2,2020,0,0,0
2020-12-15 20:00:00,32.7,93.2,15.5,12,15,350,51,2,2020,0,0,0
2020-12-15 21:00:00,32.8,91.1,15.5,12,15,350,51,2,2020,0,0,0
2020-12-15 22:00:00,32.1,91.3,15.4,12,15,350,51,2,2020,0,0,0
2020-12-15 23:00:00,36.2,91.5,15.4,12,15,350,51,2,2020,0,0,0
2020-12-16 00:00:00,45.1,92.5,15.2,12,16,351,51,3,2020,0,0,0
2020-12-16 01:00:00,40.3,93.6,14.9,12,16,351,51,3,2020,0,0,0
2020-12-16 02:00:00,42.9,97.7,14.3,12,16,351,51,3,2020,0,0,0
2020-12-16 03:00:00,42.8,100.0,13.8,12,16,351,51,3,2020,0,0,0
2020-12-16 04:00:00,36.1,100.0,13.6,12,16,351,51,3,2020,0,0,0
2020-12-16 05:00:00,38.2,100.0,13.5,12,16,351,51,3,2020,0,0,0
2020-12-16 06:00:00,30.1,99.2,13.5,12,16,351,51,3,2020,0,0,0
2020-12-16 07:00:00,28.4,96.2,13.7,12,16,351,51,3,2020,0,0,0
2020-12-16 08:00:00,29.1,96.4,13.9,12,16,351,51,3,2020,0,0,0
2020-12-16 09:00:00,26.1,92.9,14.1,12,16,351,51,3,2020,0,0,0
2020-12-16 10:00:00,26.6,89.4,14.5,12,16,351,51,3,2020,0,0,0
2020-12-16 11:00:00,26.8,85.5,15.0,12,16,351,51,3,2020,0,0,0
2020-12-16 12:00:00,27.1,82.0,15.6,12,16,351,51,3,2020,0,0,0
2020-12-16 13:00:00,26.6,80.5,16.3,12,16,351,51,3,2020,0,0,0
2020-12-16 14:00:00,25.9,78.8,16.8,12,16,351,51,3,2020,0,0,0
2020-12-16 15:00:00,26.8,79.2,16.8,12,16,351,51,3,2020,0,0,0
2020-12-16 16:00:00,26.4,80.0,16.6,12,16,351,51,3,2020,0,0,0
2020-12-16 17:00:00,27.3,79.9,16.2,12,16,351,51,3,2020,0,0,0
2020-12-16 18:00:00,28.9,80.5,16.0,12,16,351,51,3,2020,0,0,0
2020-12-16 19:00:00,30.6,81.7,15.8,12,16,351,51,3,2020,0,0,0
2020-12-16 20:00:00,31.6,82.9,15.5,12,16,351,51,3,2020,0,0,0
2020-12-16 21:00:00,28.9,82.5,15.2,12,16,351,51,3,2020,0,0,0
2020-12-16 22:00:00,30.0,82.7,15.2,12,16,351,51,3,2020,0,0,0
2020-12-16 23:00:00,30.6,83.8,14.8,12,16,351,51,3,2020,0,0,0
2020-12-17 00:00:00,31.0,84.9,14.7,12,17,352,51,4,2020,0,0,0
2020-12-17 01:00:00,30.9,88.0,14.5,12,17,352,51,4,2020,0,0,0
2020-12-17 02:00:00,28.9,88.3,14.2,12,17,352,51,4,2020,0,0,0
2020-12-17 03:00:00,28.5,89.8,14.0,12,17,352,51,4,2020,0,0,0
2020-12-17 04:00:00,29.1,90.8,13.8,12,17,352,51,4,2020,0,0,0
2020-12-17 05:00:00,29.1,92.3,13.5,12,17,352,51,4,2020,0,0,0
2020-12-17 06:00:00,28.9,91.8,13.5,12,17,352,51,4,2020,0,0,0
2020-12-17 07:00:00,29.1,90.3,13.7,12,17,352,51,4,2020,0,0,0
2020-12-17 08:00:00,32.4,89.5,14.0,12,17,352,51,4,2020,0,0,0
2020-12-17 09:00:00,34.0,88.4,14.3,12,17,352,51,4,2020,0,0,0
2020-12-17 10:00:00,33.4,86.5,14.7,12,17,352,51,4,2020,0,0,0
2020-12-17 11:00:00,32.2,85.1,15.1,12,17,352,51,4,2020,0,0,0
2020-12-17 12:00:00,29.7,81.6,15.8,12,17,352,51,4,2020,0,0,0
2020-12-17 13:00:00,29.2,80.6,16.3,12,17,352,51,4,2020,0,0,0
2020-12-17 14:00:00,28.7,79.8,16.7,12,17,352,51,4,2020,0,0,0
2020-12-17 15:00:00,28.3,80.6,16.7,12,17,352,51,4,2020,0,0,0
2020-12-17 16:00:00,28.3,81.7,16.5,12,17,352,51,4,2020,0,0,0
2020-12-17 17:00:00,28.7,82.4,16.4,12,17,352,51,4,2020,0,0,0
2020-12-17 18:00:00,31.5,83.5,16.1,12,17,352,51,4,2020,0,0,0
2020-12-17 19:00:00,33.8,84.8,15.9,12,17,352,51,4,2020,0,0,0
2020-12-17 20:00:00,33.5,86.4,15.6,12,17,352,51,4,2020,0,0,0
2020-12-17 21:00:00,35.5,86.2,15.4,12,17,352,51,4,2020,0,0,0
2020-12-17 22:00:00,31.3,86.5,15.0,12,17,352,51,4,2020,0,0,0
2020-12-17 23:00:00,29.5,88.6,14.6,12,17,352,51,4,2020,0,0,0
2020-12-18 00:00:00,29.6,91.1,14.2,12,18,353,51,5,2020,1,0,0
2020-12-18 01:00:00,33.1,96.2,13.7,12,18,353,51,5,2020,1,0,0
2020-12-18 02:00:00,30.6,100.0,12.9,12,18,353,51,5,2020,1,0,0
2020-12-18 03:00:00,31.1,100.0,12.5,12,18,353,51,5,2020,1,0,0
2020-12-18 04:00:00,30.1,100.0,12.4,12,18,353,51,5,2020,1,0,0
2020-12-18 05:00:00,28.3,99.8,12.8,12,18,353,51,5,2020,1,0,0
2020-12-18 06:00:00,26.6,95.5,13.3,12,18,353,51,5,2020,1,0,0
2020-12-18 07:00:00,25.3,92.0,13.3,12,18,353,51,5,2020,1,0,0
2020-12-18 08:00:00,25.5,89.6,13.6,12,18,353,51,5,2020,1,0,0
2020-12-18 09:00:00,26.2,86.5,13.8,12,18,353,51,5,2020,1,0,0
2020-12-18 10:00:00,28.8,84.9,14.3,12,18,353,51,5,2020,1,0,0
2020-12-18 11:00:00,28.9,81.3,14.9,12,18,353,51,5,2020,1,0,0
2020-12-18 12:00:00,29.8,78.6,15.5,12,18,353,51,5,2020,1,0,0
2020-12-18 13:00:00,30.0,75.6,16.4,12,18,353,51,5,2020,1,0,0
2020-12-18 14:00:00,29.7,74.5,16.7,12,18,353,51,5,2020,1,0,0
2020-12-18 15:00:00,33.1,75.9,17.0,12,18,353,51,5,2020,1,0,0
2020-12-18 16:00:00,40.5,84.9,16.9,12,18,353,51,5,2020,1,0,0
2020-12-18 17:00:00,46.7,88.3,16.6,12,18,353,51,5,2020,1,0,0
2020-12-18 18:00:00,46.8,88.4,16.5,12,18,353,51,5,2020,1,0,0
2020-12-18 19:00:00,47.9,89.8,16.4,12,18,353,51,5,2020,1,0,0
2020-12-18 20:00:00,48.8,91.2,16.0,12,18,353,51,5,2020,1,0,0
2020-12-18 21:00:00,43.6,82.9,15.1,12,18,353,51,5,2020,1,0,0
2020-12-18 22:00:00,43.6,82.5,14.8,12,18,353,51,5,2020,1,0,0
2020-12-18 23:00:00,38.1,82.0,14.5,12,18,353,51,5,2020,1,0,0
2020-12-19 00:00:00,53.2,80.5,14.6,12,19,354,51,6,2020,1,0,0
2020-12-19 01:00:00,43.4,80.7,14.5,12,19,354,51,6,2020,1,0,0
2020-12-19 02:00:00,33.5,79.0,14.6,12,19,354,51,6,2020,1,0,0
2020-12-19 03:00:00,33.4,79.0,14.7,12,19,354,51,6,2020,1,0,0
2020-12-19 04:00:00,36.0,76.9,14.7,12,19,354,51,6,2020,1,0,0
2020-12-19 05:00:00,32.1,76.6,14.5,12,19,354,51,6,2020,1,0,0
2020-12-19 06:00:00,32.1,77.3,14.5,12,19,354,51,6,2020,1,0,0
2020-12-19 07:00:00,32.6,77.0,14.6,12,19,354,51,6,2020,1,0,0
2020-12-19 08:00:00,34.1,76.1,14.9,12,19,354,51,6,2020,1,0,0
2020-12-19 09:00:00,35.2,74.3,15.3,12,19,354,51,6,2020,1,0,0
2020-12-19 10:00:00,34.6,71.8,15.9,12,19,354,51,6,2020,1,0,0
2020-12-19 11:00:00,32.8,70.2,16.5,12,19,354,51,6,2020,1,0,0
2020-12-19 12:00:00,33.6,69.7,16.9,12,19,354,51,6,2020,1,0,0
2020-12-19 13:00:00,33.8,70.2,16.9,12,19,354,51,6,2020,1,0,0
2020-12-19 14:00:00,33.2,70.3,17.2,12,19,354,51,6,2020,1,0,0
2020-12-19 15:00:00,34.6,70.4,17.5,12,19,354,51,6,2020,1,0,0
2020-12-19 16:00:00,35.9,70.5,18.0,12,19,354,51,6,2020,1,0,0
2020-12-19 17:00:00,36.4,72.5,17.9,12,19,354,51,6,2020,1,0,0
2020-12-19 18:00:00,37.5,75.3,17.7,12,19,354,51,6,2020,1,0,0
2020-12-19 19:00:00,45.9,78.6,17.6,12,19,354,51,6,2020,1,0,0
2020-12-19 20:00:00,41.3,75.8,17.2,12,19,354,51,6,2020,1,0,0
2020-12-19 21:00:00,38.3,74.7,17.0,12,19,354,51,6,2020,1,0,0
2020-12-19 22:00:00,38.4,74.5,16.8,12,19,354,51,6,2020,1,0,0
2020-12-19 23:00:00,38.7,73.8,16.7,12,19,354,51,6,2020,1,0,0
2020-12-20 00:00:00,35.2,72.5,16.4,12,20,355,51,7,2020,1,0,0
2020-12-20 01:00:00,34.7,71.9,16.1,12,20,355,51,7,2020,1,0,0
2020-12-20 02:00:00,31.2,71.7,15.9,12,20,355,51,7,2020,1,0,0
2020-12-20 03:00:00,31.7,72.1,15.7,12,20,355,51,7,2020,1,0,0
2020-12-20 04:00:00,32.2,71.2,15.5,12,20,355,51,7,2020,1,0,0
2020-12-20 05:00:00,32.9,69.8,15.5,12,20,355,51,7,2020,1,0,0
2020-12-20 06:00:00,34.3,68.8,15.6,12,20,355,51,7,2020,1,0,0
2020-12-20 07:00:00,34.5,68.1,15.5,12,20,355,51,7,2020,1,0,0
2020-12-20 08:00:00,34.1,66.9,15.8,12,20,355,51,7,2020,1,0,0
2020-12-20 09:00:00,35.1,65.1,16.2,12,20,355,51,7,2020,1,0,0
2020-12-20 10:00:00,36.4,63.4,16.8,12,20,355,51,7,2020,1,0,0
2020-12-20 11:00:00,34.2,62.7,17.4,12,20,355,51,7,2020,1,0,0
2020-12-20 12:00:00,34.0,61.9,18.0,12,20,355,51,7,2020,1,0,0
2020-12-20 13:00:00,33.9,61.9,18.3,12,20,355,51,7,2020,1,0,0
2020-12-20 14:00:00,33.6,62.8,18.5,12,20,355,51,7,2020,1,0,0
2020-12-20 15:00:00,35.8,63.8,18.3,12,20,355,51,7,2020,1,0,0
2020-12-20 16:00:00,36.8,64.4,18.4,12,20,355,51,7,2020,1,0,0
2020-12-20 17:00:00,35.7,65.5,18.3,12,20,355,51,7,2020,1,0,0
2020-12-20 18:00:00,38.9,67.9,18.1,12,20,355,51,7,2020,1,0,0
2020-12-20 19:00:00,38.5,68.2,18.0,12,20,355,51,7,2020,1,0,0
2020-12-20 20:00:00,39.1,70.0,17.8,12,20,355,51,7,2020,1,0,0
2020-12-20 21:00:00,42.5,71.4,17.8,12,20,355,51,7,2020,1,0,0
2020-12-20 22:00:00,47.1,74.7,17.4,12,20,355,51,7,2020,1,0,0
2020-12-20 23:00:00,40.2,63.6,16.7,12,20,355,51,7,2020,1,0,0
2020-12-21 00:00:00,42.0,62.6,16.6,12,21,356,52,1,2020,0,0,0
2020-12-21 01:00:00,58.4,64.1,16.4,12,21,356,52,1,2020,0,0,0
2020-12-21 02:00:00,60.7,61.2,16.3,12,21,356,52,1,2020,0,0,0
2020-12-21 03:00:00,38.5,66.7,16.0,12,21,356,52,1,2020,0,0,0
2020-12-21 04:00:00,40.7,69.0,15.9,12,21,356,52,1,2020,0,0,0
2020-12-21 05:00:00,40.6,65.1,16.0,12,21,356,52,1,2020,0,0,0
2020-12-21 06:00:00,38.4,64.6,16.0,12,21,356,52,1,2020,0,0,0
2020-12-21 07:00:00,40.4,64.1,16.1,12,21,356,52,1,2020,0,0,0
2020-12-21 08:00:00,39.6,62.6,16.3,12,21,356,52,1,2020,0,0,0
2020-12-21 09:00:00,41.3,59.6,16.5,12,21,356,52,1,2020,0,0,0
2020-12-21 10:00:00,40.9,55.7,17.0,12,21,356,52,1,2020,0,0,0
2020-12-21 11:00:00,38.5,52.6,17.8,12,21,356,52,1,2020,0,0,0
2020-12-21 12:00:00,38.2,51.6,18.4,12,21,356,52,1,2020,0,0,0
2020-12-21 13:00:00,37.9,50.7,19.2,12,21,356,52,1,2020,0,0,0
2020-12-21 14:00:00,36.2,51.4,19.7,12,21,356,52,1,2020,0,0,0
2020-12-21 15:00:00,39.9,54.3,20.0,12,21,356,52,1,2020,0,0,0
2020-12-21 16:00:00,46.6,59.5,20.1,12,21,356,52,1,2020,0,0,0
2020-12-21 17:00:00,42.8,58.8,19.8,12,21,356,52,1,2020,0,0,0
2020-12-21 18:00:00,44.4,61.9,19.2,12,21,356,52,1,2020,0,0,0
2020-12-21 19:00:00,48.1,65.7,18.7,12,21,356,52,1,2020,0,0,0
2020-12-21 20:00:00,50.0,68.7,18.5,12,21,356,52,1,2020,0,0,0
2020-12-21 21:00:00,49.9,70.8,18.2,12,21,356,52,1,2020,0,0,0
2020-12-21 22:00:00,49.3,71.7,18.2,12,21,356,52,1,2020,0,0,0
2020-12-21 23:00:00,52.2,73.7,18.0,12,21,356,52,1,2020,0,0,0
2020-12-22 00:00:00,54.3,76.6,17.8,12,22,357,52,2,2020,0,0,0
2020-12-22 01:00:00,58.3,78.3,17.6,12,22,357,52,2,2020,0,0,0
2020-12-22 02:00:00,60.1,79.4,17.5,12,22,357,52,2,2020,0,0,0
2020-12-22 03:00:00,61.6,82.5,17.3,12,22,357,52,2,2020,0,0,0
2020-12-22 04:00:00,55.7,82.9,17.3,12,22,357,52,2,2020,0,0,0
2020-12-22 05:00:00,55.0,83.1,17.2,12,22,357,52,2,2020,0,0,0
2020-12-22 06:00:00,62.4,86.4,17.1,12,22,357,52,2,2020,0,0,0
2020-12-22 07:00:00,64.7,89.3,17.0,12,22,357,52,2,2020,0,0,0
2020-12-22 08:00:00,62.3,88.0,17.4,12,22,357,52,2,2020,0,0,0
2020-12-22 09:00:00,57.8,81.5,18.2,12,22,357,52,2,2020,0,0,0
2020-12-22 10:00:00,50.7,67.0,19.2,12,22,357,52,2,2020,0,0,0
2020-12-22 11:00:00,45.0,57.2,20.3,12,22,357,52,2,2020,0,0,0
2020-12-22 12:00:00,47.0,55.4,21.6,12,22,357,52,2,2020,0,0,0
2020-12-22 13:00:00,43.1,53.7,22.0,12,22,357,52,2,2020,0,0,0
2020-12-22 14:00:00,46.1,57.8,22.1,12,22,357,52,2,2020,0,0,0
2020-12-22 15:00:00,46.9,60.1,22.2,12,22,357,52,2,2020,0,0,0
2020-12-22 16:00:00,46.8,61.3,22.1,12,22,357,52,2,2020,0,0,0
2020-12-22 17:00:00,47.1,63.2,21.8,12,22,357,52,2,2020,0,0,0
2020-12-22 18:00:00,48.5,65.4,21.4,12,22,357,52,2,2020,0,0,0
2020-12-22 19:00:00,48.7,68.7,21.0,12,22,357,52,2,2020,0,0,0
2020-12-22 20:00:00,53.2,68.9,21.0,12,22,357,52,2,2020,0,0,0
2020-12-22 21:00:00,55.6,63.5,21.2,12,22,357,52,2,2020,0,0,0
2020-12-22 22:00:00,54.5,61.8,21.1,12,22,357,52,2,2020,0,0,0
2020-12-22 23:00:00,57.4,63.3,20.7,12,22,357,52,2,2020,0,0,0
2020-12-23 00:00:00,61.3,63.7,20.3,12,23,358,52,3,2020,0,0,0
2020-12-23 01:00:00,62.9,67.5,20.0,12,23,358,52,3,2020,0,0,0
2020-12-23 02:00:00,63.9,71.0,19.6,12,23,358,52,3,2020,0,0,0
2020-12-23 03:00:00,73.1,80.8,19.0,12,23,358,52,3,2020,0,0,0
2020-12-23 04:00:00,78.5,83.5,18.6,12,23,358,52,3,2020,0,0,0
2020-12-23 05:00:00,72.5,82.9,18.8,12,23,358,52,3,2020,0,0,0
2020-12-23 06:00:00,64.3,81.2,18.9,12,23,358,52,3,2020,0,0,0
2020-12-23 07:00:00,63.7,81.6,19.1,12,23,358,52,3,2020,0,0,0
2020-12-23 08:00:00,54.1,82.6,19.4,12,23,358,52,3,2020,0,0,0
2020-12-23 09:00:00,51.1,82.7,19.6,12,23,358,52,3,2020,0,0,0
2020-12-23 10:00:00,48.1,81.0,20.2,12,23,358,52,3,2020,0,0,0
2020-12-23 11:00:00,49.0,77.3,21.1,12,23,358,52,3,2020,0,0,0
2020-12-23 12:00:00,60.7,76.5,21.4,12,23,358,52,3,2020,0,0,0
2020-12-23 13:00:00,53.6,74.9,21.8,12,23,358,52,3,2020,0,0,0
2020-12-23 14:00:00,54.9,75.3,21.7,12,23,358,52,3,2020,0,0,0
2020-12-23 15:00:00,61.3,77.8,21.6,12,23,358,52,3,2020,0,0,0
2020-12-23 16:00:00,58.9,82.1,21.2,12,23,358,52,3,2020,0,0,0
2020-12-23 17:00:00,55.1,87.1,20.5,12,23,358,52,3,2020,0,0,0
2020-12-23 18:00:00,53.0,88.5,20.2,12,23,358,52,3,2020,0,0,0
2020-12-23 19:00:00,49.2,88.6,20.0,12,23,358,52,3,2020,0,0,0
2020-12-23 20:00:00,48.7,90.2,20.1,12,23,358,52,3,2020,0,0,0
2020-12-23 21:00:00,55.9,90.9,20.1,12,23,358,52,3,2020,0,0,0
2020-12-23 22:00:00,60.0,91.3,20.1,12,23,358,52,3,2020,0,0,0
2020-12-23 23:00:00,54.1,92.5,19.7,12,23,358,52,3,2020,0,0,0
2020-12-24 00:00:00,53.0,95.0,19.1,12,24,359,52,4,2020,0,0,0
2020-12-24 01:00:00,61.5,98.8,18.6,12,24,359,52,4,2020,0,0,0
2020-12-24 02:00:00,72.5,99.3,18.2,12,24,359,52,4,2020,0,0,0
2020-12-24 03:00:00,58.6,97.8,18.2,12,24,359,52,4,2020,0,0,0
2020-12-24 04:00:00,55.1,97.5,18.2,12,24,359,52,4,2020,0,0,0
2020-12-24 05:00:00,45.9,96.8,18.3,12,24,359,52,4,2020,0,0,0
2020-12-24 06:00:00,35.7,93.7,18.5,12,24,359,52,4,2020,0,0,0
2020-12-24 07:00:00,40.4,92.9,18.7,12,24,359,52,4,2020,0,0,0
2020-12-24 08:00:00,42.4,91.6,19.1,12,24,359,52,4,2020,0,0,0
2020-12-24 09:00:00,39.4,85.9,19.9,12,24,359,52,4,2020,0,0,0
2020-12-24 10:00:00,37.0,79.0,20.8,12,24,359,52,4,2020,0,0,0
2020-12-24 11:00:00,38.9,76.2,21.3,12,24,359,52,4,2020,0,0,0
2020-12-24 12:00:00,39.2,73.4,22.0,12,24,359,52,4,2020,0,0,0
2020-12-24 13:00:00,40.0,71.7,22.4,12,24,359,52,4,2020,0,0,0
2020-12-24 14:00:00,40.6,69.6,22.8,12,24,359,52,4,2020,0,0,0
2020-12-24 15:00:00,40.7,68.1,23.1,12,24,359,52,4,2020,0,0,0
2020-12-24 16:00:00,42.8,68.9,23.2,12,24,359,52,4,2020,0,0,0
2020-12-24 17:00:00,43.5,70.0,22.8,12,24,359,52,4,2020,0,0,0
2020-12-24 18:00:00,44.7,72.2,22.6,12,24,359,52,4,2020,0,0,0
2020-12-24 19:00:00,47.0,74.1,22.4,12,24,359,52,4,2020,0,0,0
2020-12-24 20:00:00,53.1,76.1,22.1,12,24,359,52,4,2020,0,0,0
2020-12-24 21:00:00,63.0,80.6,21.9,12,24,359,52,4,2020,0,0,0
2020-12-24 22:00:00,68.4,83.7,21.7,12,24,359,52,4,2020,0,0,0
2020-12-24 23:00:00,66.8,86.2,21.2,12,24,359,52,4,2020,0,0,0
2020-12-25 00:00:00,67.9,89.7,20.9,12,25,360,52,5,2020,1,0,0
2020-12-25 01:00:00,69.8,91.2,20.8,12,25,360,52,5,2020,1,0,0
2020-12-25 02:00:00,76.1,94.8,20.4,12,25,360,52,5,2020,1,0,0
2020-12-25 03:00:00,98.4,96.5,19.8,12,25,360,52,5,2020,1,0,0
2020-12-25 04:00:00,103.6,99.9,19.5,12,25,360,52,5,2020,1,0,0
2020-12-25 05:00:00,95.0,100.0,19.4,12,25,360,52,5,2020,1,0,0
2020-12-25 06:00:00,92.3,100.0,19.4,12,25,360,52,5,2020,1,0,0
2020-12-25 07:00:00,75.8,99.8,19.6,12,25,360,52,5,2020,1,0,0
2020-12-25 08:00:00,67.9,93.7,20.2,12,25,360,52,5,2020,1,0,0
2020-12-25 09:00:00,60.6,85.9,20.3,12,25,360,52,5,2020,1,0,0
2020-12-25 10:00:00,55.2,79.6,21.0,12,25,360,52,5,2020,1,0,0
2020-12-25 11:00:00,55.0,74.9,22.2,12,25,360,52,5,2020,1,0,0
2020-12-25 12:00:00,50.6,73.4,22.8,12,25,360,52,5,2020,1,0,0
2020-12-25 13:00:00,54.0,73.4,23.2,12,25,360,52,5,2020,1,0,0
2020-12-25 14:00:00,57.1,72.8,23.5,12,25,360,52,5,2020,1,0,0
2020-12-25 15:00:00,61.3,73.9,23.4,12,25,360,52,5,2020,1,0,0
2020-12-25 16:00:00,64.8,75.6,23.3,12,25,360,52,5,2020,1,0,0
2020-12-25 17:00:00,65.5,77.8,23.2,12,25,360,52,5,2020,1,0,0
2020-12-25 18:00:00,72.6,81.1,22.8,12,25,360,52,5,2020,1,0,0
2020-12-25 19:00:00,81.0,87.0,22.2,12,25,360,52,5,2020,1,0,0
2020-12-25 20:00:00,70.5,88.6,21.7,12,25,360,52,5,2020,1,0,0
2020-12-25 21:00:00,60.0,92.1,21.4,12,25,360,52,5,2020,1,0,0
2020-12-25 22:00:00,56.0,91.9,20.9,12,25,360,52,5,2020,1,0,0
2020-12-25 23:00:00,54.9,95.1,20.5,12,25,360,52,5,2020,1,0,0
2020-12-26 00:00:00,57.1,98.3,20.2,12,26,361,52,6,2020,1,0,0
2020-12-26 01:00:00,52.4,100.0,19.9,12,26,361,52,6,2020,1,0,0
2020-12-26 02:00:00,55.8,100.0,19.6,12,26,361,52,6,2020,1,0,0
2020-12-26 03:00:00,63.1,100.0,19.7,12,26,361,52,6,2020,1,0,0
2020-12-26 04:00:00,59.6,100.0,19.7,12,26,361,52,6,2020,1,0,0
2020-12-26 05:00:00,51.8,100.0,20.0,12,26,361,52,6,2020,1,0,0
2020-12-26 06:00:00,57.4,100.0,19.7,12,26,361,52,6,2020,1,0,0
2020-12-26 07:00:00,66.4,100.0,19.4,12,26,361,52,6,2020,1,0,0
2020-12-26 08:00:00,74.3,100.0,20.0,12,26,361,52,6,2020,1,0,0
2020-12-26 09:00:00,71.1,99.8,20.3,12,26,361,52,6,2020,1,0,0
2020-12-26 10:00:00,64.7,96.7,20.8,12,26,361,52,6,2020,1,0,0
2020-12-26 11:00:00,69.8,93.1,21.1,12,26,361,52,6,2020,1,0,0
2020-12-26 12:00:00,73.6,91.8,21.4,12,26,361,52,6,2020,1,0,0
2020-12-26 13:00:00,80.9,91.7,21.6,12,26,361,52,6,2020,1,0,0
2020-12-26 14:00:00,81.0,87.9,22.5,12,26,361,52,6,2020,1,0,0
2020-12-26 15:00:00,76.3,86.9,22.7,12,26,361,52,6,2020,1,0,0
2020-12-26 16:00:00,59.9,85.7,23.0,12,26,361,52,6,2020,1,0,0
2020-12-26 17:00:00,72.7,87.8,22.8,12,26,361,52,6,2020,1,0,0
2020-12-26 18:00:00,87.0,90.9,22.5,12,26,361,52,6,2020,1,0,0
2020-12-26 19:00:00,76.1,92.4,22.5,12,26,361,52,6,2020,1,0,0
2020-12-26 20:00:00,72.0,92.6,22.4,12,26,361,52,6,2020,1,0,0
2020-12-26 21:00:00,78.9,94.5,22.1,12,26,361,52,6,2020,1,0,0
2020-12-26 22:00:00,85.9,97.8,22.0,12,26,361,52,6,2020,1,0,0
2020-12-26 23:00:00,82.4,100.0,21.9,12,26,361,52,6,2020,1,0,0
2020-12-27 00:00:00,72.9,100.0,21.4,12,27,362,52,7,2020,1,0,0
2020-12-27 01:00:00,69.5,100.0,21.2,12,27,362,52,7,2020,1,0,0
2020-12-27 02:00:00,67.5,100.0,21.3,12,27,362,52,7,2020,1,0,0
2020-12-27 03:00:00,66.1,100.0,21.0,12,27,362,52,7,2020,1,0,0
2020-12-27 04:00:00,72.6,100.0,20.8,12,27,362,52,7,2020,1,0,0
2020-12-27 05:00:00,60.8,100.0,20.8,12,27,362,52,7,2020,1,0,0
2020-12-27 06:00:00,55.8,100.0,20.6,12,27,362,52,7,2020,1,0,0
2020-12-27 07:00:00,63.8,100.0,20.6,12,27,362,52,7,2020,1,0,0
2020-12-27 08:00:00,77.8,100.0,20.5,12,27,362,52,7,2020,1,0,0
2020-12-27 09:00:00,75.2,100.0,20.3,12,27,362,52,7,2020,1,0,0
2020-12-27 10:00:00,74.7,100.0,20.7,12,27,362,52,7,2020,1,0,0
2020-12-27 11:00:00,82.2,100.0,21.0,12,27,362,52,7,2020,1,0,0
2020-12-27 12:00:00,86.4,100.0,21.5,12,27,362,52,7,2020,1,0,0
2020-12-27 13:00:00,86.0,100.0,21.6,12,27,362,52,7,2020,1,0,0
2020-12-27 14:00:00,84.5,100.0,21.9,12,27,362,52,7,2020,1,0,0
2020-12-27 15:00:00,81.4,100.0,22.2,12,27,362,52,7,2020,1,0,0
2020-12-27 16:00:00,83.5,100.0,22.5,12,27,362,52,7,2020,1,0,0
2020-12-27 17:00:00,82.5,100.0,22.6,12,27,362,52,7,2020,1,0,0
2020-12-27 18:00:00,85.7,100.0,22.3,12,27,362,52,7,2020,1,0,0
2020-12-27 19:00:00,101.1,100.0,22.2,12,27,362,52,7,2020,1,0,0
2020-12-27 20:00:00,92.8,100.0,22.0,12,27,362,52,7,2020,1,0,0
2020-12-27 21:00:00,91.8,100.0,22.2,12,27,362,52,7,2020,1,0,0
2020-12-27 22:00:00,78.2,100.0,22.3,12,27,362,52,7,2020,1,0,0
2020-12-27 23:00:00,67.4,100.0,22.0,12,27,362,52,7,2020,1,0,0
2020-12-28 00:00:00,67.4,100.0,21.4,12,28,363,53,1,2020,0,0,0
2020-12-28 01:00:00,60.5,100.0,21.3,12,28,363,53,1,2020,0,0,0
2020-12-28 02:00:00,57.6,100.0,21.2,12,28,363,53,1,2020,0,0,0
2020-12-28 03:00:00,59.9,100.0,21.0,12,28,363,53,1,2020,0,0,0
2020-12-28 04:00:00,58.2,100.0,21.0,12,28,363,53,1,2020,0,0,0
2020-12-28 05:00:00,56.6,100.0,20.9,12,28,363,53,1,2020,0,0,0
2020-12-28 06:00:00,57.1,100.0,21.0,12,28,363,53,1,2020,0,0,0
2020-12-28 07:00:00,54.1,100.0,21.1,12,28,363,53,1,2020,0,0,0
2020-12-28 08:00:00,54.9,100.0,21.6,12,28,363,53,1,2020,0,0,0
2020-12-28 09:00:00,50.3,100.0,22.2,12,28,363,53,1,2020,0,0,0
2020-12-28 10:00:00,48.4,100.0,22.6,12,28,363,53,1,2020,0,0,0
2020-12-28 11:00:00,55.2,100.0,23.3,12,28,363,53,1,2020,0,0,0
2020-12-28 12:00:00,51.3,100.0,23.7,12,28,363,53,1,2020,0,0,0
2020-12-28 13:00:00,52.5,100.0,24.2,12,28,363,53,1,2020,0,0,0
2020-12-28 14:00:00,48.2,99.8,25.1,12,28,363,53,1,2020,0,0,0
2020-12-28 15:00:00,47.6,98.9,25.4,12,28,363,53,1,2020,0,0,0
2020-12-28 16:00:00,45.8,99.1,25.6,12,28,363,53,1,2020,0,0,0
2020-12-28 17:00:00,48.4,100.0,25.3,12,28,363,53,1,2020,0,0,0
2020-12-28 18:00:00,57.8,100.0,24.4,12,28,363,53,1,2020,0,0,0
2020-12-28 19:00:00,58.8,100.0,23.5,12,28,363,53,1,2020,0,0,0
2020-12-28 20:00:00,52.8,100.0,23.0,12,28,363,53,1,2020,0,0,0
2020-12-28 21:00:00,46.3,100.0,22.7,12,28,363,53,1,2020,0,0,0
2020-12-28 22:00:00,46.6,100.0,22.7,12,28,363,53,1,2020,0,0,0
2020-12-28 23:00:00,44.5,100.0,22.5,12,28,363,53,1,2020,0,0,0
2020-12-29 00:00:00,42.3,100.0,22.5,12,29,364,53,2,2020,0,0,0
2020-12-29 01:00:00,40.0,100.0,22.2,12,29,364,53,2,2020,0,0,0
2020-12-29 02:00:00,41.6,100.0,22.1,12,29,364,53,2,2020,0,0,0
2020-12-29 03:00:00,35.5,100.0,21.7,12,29,364,53,2,2020,0,0,0
2020-12-29 04:00:00,33.3,100.0,21.4,12,29,364,53,2,2020,0,0,0
2020-12-29 05:00:00,33.9,100.0,21.7,12,29,364,53,2,2020,0,0,0
2020-12-29 06:00:00,37.5,100.0,21.8,12,29,364,53,2,2020,0,0,0
2020-12-29 07:00:00,38.8,100.0,21.9,12,29,364,53,2,2020,0,0,0
2020-12-29 08:00:00,38.7,100.0,22.2,12,29,364,53,2,2020,0,0,0
2020-12-29 09:00:00,38.9,100.0,22.8,12,29,364,53,2,2020,0,0,0
2020-12-29 10:00:00,38.2,100.0,23.4,12,29,364,53,2,2020,0,0,0
2020-12-29 11:00:00,36.8,94.8,25.7,12,29,364,53,2,2020,0,0,0
2020-12-29 12:00:00,34.6,92.9,26.0,12,29,364,53,2,2020,0,0,0
2020-12-29 13:00:00,33.1,89.8,26.3,12,29,364,53,2,2020,0,0,0
2020-12-29 14:00:00,32.0,86.8,26.9,12,29,364,53,2,2020,0,0,0
2020-12-29 15:00:00,31.8,86.0,26.8,12,29,364,53,2,2020,0,0,0
2020-12-29 16:00:00,32.8,86.2,26.7,12,29,364,53,2,2020,0,0,0
2020-12-29 17:00:00,36.4,90.3,26.3,12,29,364,53,2,2020,0,0,0
2020-12-29 18:00:00,43.9,95.0,25.7,12,29,364,53,2,2020,0,0,0
2020-12-29 19:00:00,43.7,98.2,25.1,12,29,364,53,2,2020,0,0,0
2020-12-29 20:00:00,41.8,99.8,24.6,12,29,364,53,2,2020,0,0,0
2020-12-29 21:00:00,46.6,100.0,24.2,12,29,364,53,2,2020,0,0,0
2020-12-29 22:00:00,42.9,100.0,24.1,12,29,364,53,2,2020,0,0,0
2020-12-29 23:00:00,46.8,100.0,23.3,12,29,364,53,2,2020,0,0,0
2020-12-30 00:00:00,56.9,100.0,23.0,12,30,365,53,3,2020,0,0,0
2020-12-30 01:00:00,64.0,100.0,23.1,12,30,365,53,3,2020,0,0,0
2020-12-30 02:00:00,38.4,96.6,21.2,12,30,365,53,3,2020,0,0,0
2020-12-30 03:00:00,31.9,84.4,20.9,12,30,365,53,3,2020,0,0,0
2020-12-30 04:00:00,30.1,77.9,20.5,12,30,365,53,3,2020,0,0,0
2020-12-30 05:00:00,29.4,73.3,20.0,12,30,365,53,3,2020,0,0,0
2020-12-30 06:00:00,28.6,71.3,19.6,12,30,365,53,3,2020,0,0,0
2020-12-30 07:00:00,29.0,69.7,19.5,12,30,365,53,3,2020,0,0,0
2020-12-30 08:00:00,28.2,65.3,19.5,12,30,365,53,3,2020,0,0,0
2020-12-30 09:00:00,28.1,63.1,19.4,12,30,365,53,3,2020,0,0,0
2020-12-30 10:00:00,29.2,62.6,19.4,12,30,365,53,3,2020,0,0,0
2020-12-30 11:00:00,29.1,61.4,19.7,12,30,365,53,3,2020,0,0,0
2020-12-30 12:00:00,30.1,59.1,20.2,12,30,365,53,3,2020,0,0,0
2020-12-30 13:00:00,28.3,58.4,20.0,12,30,365,53,3,2020,0,0,0
2020-12-30 14:00:00,28.6,59.2,20.0,12,30,365,53,3,2020,0,0,0
2020-12-30 15:00:00,31.9,60.0,20.0,12,30,365,53,3,2020,0,0,0
2020-12-30 16:00:00,32.7,60.1,20.0,12,30,365,53,3,2020,0,0,0
2020-12-30 17:00:00,36.6,61.2,19.7,12,30,365,53,3,2020,0,0,0
2020-12-30 18:00:00,41.2,61.2,19.4,12,30,365,53,3,2020,0,0,0
2020-12-30 19:00:00,40.8,61.9,19.4,12,30,365,53,3,2020,0,0,0
2020-12-30 20:00:00,40.7,62.4,19.2,12,30,365,53,3,2020,0,0,0
2020-12-30 21:00:00,40.4,63.9,18.7,12,30,365,53,3,2020,0,0,0
2020-12-30 22:00:00,38.5,65.0,18.4,12,30,365,53,3,2020,0,0,0
2020-12-30 23:00:00,37.0,63.7,18.1,12,30,365,53,3,2020,0,0,0
2020-12-31 00:00:00,37.4,64.6,17.6,12,31,366,53,4,2020,0,0,1
2020-12-31 01:00:00,38.0,67.6,16.8,12,31,366,53,4,2020,0,0,1
2020-12-31 02:00:00,35.9,67.1,16.2,12,31,366,53,4,2020,0,0,1
2020-12-31 03:00:00,36.6,66.6,15.8,12,31,366,53,4,2020,0,0,1
2020-12-31 04:00:00,38.8,65.5,15.4,12,31,366,53,4,2020,0,0,1
2020-12-31 05:00:00,36.2,64.9,15.2,12,31,366,53,4,2020,0,0,1
2020-12-31 06:00:00,36.8,64.4,15.4,12,31,366,53,4,2020,0,0,1
2020-12-31 07:00:00,36.3,62.9,15.5,12,31,366,53,4,2020,0,0,1
2020-12-31 08:00:00,36.7,62.4,15.5,12,31,366,53,4,2020,0,0,1
2020-12-31 09:00:00,38.1,60.0,16.1,12,31,366,53,4,2020,0,0,1
2020-12-31 10:00:00,36.2,56.8,16.6,12,31,366,53,4,2020,0,0,1
2020-12-31 11:00:00,36.6,52.7,17.6,12,31,366,53,4,2020,0,0,1
2020-12-31 12:00:00,41.6,50.9,17.9,12,31,366,53,4,2020,0,0,1
2020-12-31 13:00:00,34.4,48.7,18.3,12,31,366,53,4,2020,0,0,1
2020-12-31 14:00:00,34.7,48.7,18.6,12,31,366,53,4,2020,0,0,1
2020-12-31 15:00:00,38.6,48.9,18.8,12,31,366,53,4,2020,0,0,1
2020-12-31 16:00:00,41.1,51.6,18.7,12,31,366,53,4,2020,0,0,1
2020-12-31 17:00:00,40.3,53.4,18.6,12,31,366,53,4,2020,0,0,1
2020-12-31 18:00:00,40.4,55.3,18.3,12,31,366,53,4,2020,0,0,1
2020-12-31 19:00:00,41.9,56.9,18.1,12,31,366,53,4,2020,0,0,1
2020-12-31 20:00:00,44.9,56.0,18.0,12,31,366,53,4,2020,0,0,1
2020-12-31 21:00:00,47.92669639671784,88.37511055336446,26.37755945978244,12,31,366,53,4,2020,0,0,1
2020-12-31 22:00:00,47.92669639671784,88.37511055336446,26.37755945978244,12,31,366,53,4,2020,0,0,1
2020-12-31 23:00:00,47.92669639671784,88.37511055336446,26.37755945978244,12,31,366,53,4,2020,0,0,1
2021-01-01 00:00:00,47.92669639671784,88.37511055336446,26.37755945978244,1,1,1,53,5,2021,1,1,0
2021-01-01 01:00:00,47.9,73.2,16.1,1,1,1,53,5,2021,1,1,0
2021-01-01 02:00:00,46.8,68.9,15.7,1,1,1,53,5,2021,1,1,0
2021-01-01 03:00:00,77.0,75.8,14.9,1,1,1,53,5,2021,1,1,0
2021-01-01 04:00:00,76.3,72.7,14.2,1,1,1,53,5,2021,1,1,0
2021-01-01 05:00:00,55.4,72.9,13.6,1,1,1,53,5,2021,1,1,0
2021-01-01 06:00:00,47.2,73.2,13.0,1,1,1,53,5,2021,1,1,0
2021-01-01 07:00:00,50.6,74.3,12.8,1,1,1,53,5,2021,1,1,0
2021-01-01 08:00:00,49.9,69.8,13.0,1,1,1,53,5,2021,1,1,0
2021-01-01 09:00:00,42.9,60.0,14.2,1,1,1,53,5,2021,1,1,0
2021-01-01 10:00:00,38.3,49.4,16.5,1,1,1,53,5,2021,1,1,0
2021-01-01 11:00:00,38.5,44.6,18.4,1,1,1,53,5,2021,1,1,0
2021-01-01 12:00:00,39.5,44.0,18.1,1,1,1,53,5,2021,1,1,0
2021-01-01 13:00:00,37.6,41.2,18.3,1,1,1,53,5,2021,1,1,0
2021-01-01 14:00:00,37.3,41.2,18.5,1,1,1,53,5,2021,1,1,0
2021-01-01 15:00:00,40.0,42.2,18.6,1,1,1,53,5,2021,1,1,0
2021-01-01 16:00:00,38.8,42.6,18.8,1,1,1,53,5,2021,1,1,0
2021-01-01 17:00:00,39.3,44.3,18.7,1,1,1,53,5,2021,1,1,0
2021-01-01 18:00:00,40.9,48.5,18.1,1,1,1,53,5,2021,1,1,0
2021-01-01 19:00:00,43.8,51.8,17.7,1,1,1,53,5,2021,1,1,0
2021-01-01 20:00:00,49.4,58.5,17.3,1,1,1,53,5,2021,1,1,0
2021-01-01 21:00:00,53.9,60.0,17.1,1,1,1,53,5,2021,1,1,0
2021-01-01 22:00:00,59.3,65.8,16.7,1,1,1,53,5,2021,1,1,0
2021-01-01 23:00:00,66.0,66.6,16.5,1,1,1,53,5,2021,1,1,0
2021-02-01 00:00:00,67.7,72.9,15.8,2,1,32,5,1,2021,0,1,0
2021-02-01 01:00:00,76.0,74.8,15.3,2,1,32,5,1,2021,0,1,0
2021-02-01 02:00:00,91.7,77.3,14.6,2,1,32,5,1,2021,0,1,0
2021-02-01 03:00:00,86.0,83.3,14.1,2,1,32,5,1,2021,0,1,0
2021-02-01 04:00:00,77.5,84.4,14.0,2,1,32,5,1,2021,0,1,0
2021-02-01 05:00:00,103.7,83.1,13.9,2,1,32,5,1,2021,0,1,0
2021-02-01 06:00:00,97.8,85.0,13.2,2,1,32,5,1,2021,0,1,0
2021-02-01 07:00:00,74.5,79.7,13.0,2,1,32,5,1,2021,0,1,0
2021-02-01 08:00:00,79.1,80.9,13.4,2,1,32,5,1,2021,0,1,0
2021-02-01 09:00:00,83.0,80.4,14.8,2,1,32,5,1,2021,0,1,0
2021-02-01 10:00:00,74.2,68.7,17.5,2,1,32,5,1,2021,0,1,0
2021-02-01 11:00:00,65.0,59.9,19.4,2,1,32,5,1,2021,0,1,0
2021-02-01 12:00:00,55.7,57.0,19.2,2,1,32,5,1,2021,0,1,0
2021-02-01 13:00:00,52.6,53.1,19.7,2,1,32,5,1,2021,0,1,0
2021-02-01 14:00:00,55.0,54.9,19.8,2,1,32,5,1,2021,0,1,0
2021-02-01 15:00:00,54.1,54.7,19.8,2,1,32,5,1,2021,0,1,0
2021-02-01 16:00:00,56.1,55.1,19.6,2,1,32,5,1,2021,0,1,0
2021-02-01 17:00:00,57.6,56.0,19.8,2,1,32,5,1,2021,0,1,0
2021-02-01 18:00:00,67.5,58.7,19.3,2,1,32,5,1,2021,0,1,0
2021-02-01 19:00:00,67.7,60.0,18.7,2,1,32,5,1,2021,0,1,0
2021-02-01 20:00:00,73.1,62.5,18.4,2,1,32,5,1,2021,0,1,0
2021-02-01 21:00:00,78.3,63.2,18.1,2,1,32,5,1,2021,0,1,0
2021-02-01 22:00:00,70.5,66.9,17.5,2,1,32,5,1,2021,0,1,0
2021-02-01 23:00:00,59.9,72.7,17.0,2,1,32,5,1,2021,0,1,0
2021-03-01 00:00:00,56.8,78.5,16.6,3,1,60,9,1,2021,0,1,0
2021-03-01 01:00:00,72.4,88.5,15.4,3,1,60,9,1,2021,0,1,0
2021-03-01 02:00:00,79.0,91.1,15.0,3,1,60,9,1,2021,0,1,0
2021-03-01 03:00:00,76.5,95.1,14.8,3,1,60,9,1,2021,0,1,0
2021-03-01 04:00:00,90.8,93.9,14.9,3,1,60,9,1,2021,0,1,0
2021-03-01 05:00:00,113.6,88.6,14.5,3,1,60,9,1,2021,0,1,0
2021-03-01 06:00:00,83.0,87.3,13.9,3,1,60,9,1,2021,0,1,0
2021-03-01 07:00:00,91.9,86.2,13.8,3,1,60,9,1,2021,0,1,0
2021-03-01 08:00:00,85.1,83.4,14.6,3,1,60,9,1,2021,0,1,0
2021-03-01 09:00:00,97.2,85.6,15.7,3,1,60,9,1,2021,0,1,0
2021-03-01 10:00:00,101.0,80.2,17.9,3,1,60,9,1,2021,0,1,0
2021-03-01 11:00:00,88.1,70.0,20.0,3,1,60,9,1,2021,0,1,0
2021-03-01 12:00:00,80.5,65.6,20.2,3,1,60,9,1,2021,0,1,0
2021-03-01 13:00:00,77.2,65.1,20.6,3,1,60,9,1,2021,0,1,0
2021-03-01 14:00:00,49.6,62.1,20.4,3,1,60,9,1,2021,0,1,0
2021-03-01 15:00:00,53.6,62.6,19.7,3,1,60,9,1,2021,0,1,0
2021-03-01 16:00:00,45.1,63.9,19.2,3,1,60,9,1,2021,0,1,0
2021-03-01 17:00:00,44.0,62.9,18.9,3,1,60,9,1,2021,0,1,0
2021-03-01 18:00:00,47.0,65.8,18.7,3,1,60,9,1,2021,0,1,0
2021-03-01 19:00:00,49.7,69.4,18.4,3,1,60,9,1,2021,0,1,0
2021-03-01 20:00:00,51.4,71.2,18.6,3,1,60,9,1,2021,0,1,0
2021-03-01 21:00:00,56.3,71.3,18.6,3,1,60,9,1,2021,0,1,0
2021-03-01 22:00:00,58.7,68.4,18.5,3,1,60,9,1,2021,0,1,0
2021-03-01 23:00:00,64.9,68.6,18.3,3,1,60,9,1,2021,0,1,0
2021-04-01 00:00:00,65.5,69.2,18.2,4,1,91,13,4,2021,0,1,0
2021-04-01 01:00:00,79.6,70.0,18.0,4,1,91,13,4,2021,0,1,0
2021-04-01 02:00:00,79.3,69.1,18.0,4,1,91,13,4,2021,0,1,0
2021-04-01 03:00:00,70.2,70.0,18.2,4,1,91,13,4,2021,0,1,0
2021-04-01 04:00:00,77.9,73.2,18.0,4,1,91,13,4,2021,0,1,0
2021-04-01 05:00:00,77.4,77.0,17.7,4,1,91,13,4,2021,0,1,0
2021-04-01 06:00:00,69.8,78.0,17.5,4,1,91,13,4,2021,0,1,0
2021-04-01 07:00:00,74.4,78.6,17.3,4,1,91,13,4,2021,0,1,0
2021-04-01 08:00:00,74.5,77.7,17.4,4,1,91,13,4,2021,0,1,0
2021-04-01 09:00:00,76.3,75.0,18.0,4,1,91,13,4,2021,0,1,0
2021-04-01 10:00:00,67.9,68.7,18.7,4,1,91,13,4,2021,0,1,0
2021-04-01 11:00:00,59.2,61.4,19.4,4,1,91,13,4,2021,0,1,0
2021-04-01 12:00:00,56.4,58.7,20.0,4,1,91,13,4,2021,0,1,0
2021-04-01 13:00:00,55.9,57.9,20.4,4,1,91,13,4,2021,0,1,0
2021-04-01 14:00:00,56.4,57.5,21.1,4,1,91,13,4,2021,0,1,0
2021-04-01 15:00:00,58.1,57.7,21.4,4,1,91,13,4,2021,0,1,0
2021-04-01 16:00:00,59.1,58.6,21.1,4,1,91,13,4,2021,0,1,0
2021-04-01 17:00:00,59.1,59.9,21.0,4,1,91,13,4,2021,0,1,0
2021-04-01 18:00:00,67.5,61.7,20.7,4,1,91,13,4,2021,0,1,0
2021-04-01 19:00:00,70.3,64.5,20.1,4,1,91,13,4,2021,0,1,0
2021-04-01 20:00:00,78.0,69.6,19.2,4,1,91,13,4,2021,0,1,0
2021-04-01 21:00:00,84.4,73.1,18.6,4,1,91,13,4,2021,0,1,0
2021-04-01 22:00:00,86.1,76.6,18.2,4,1,91,13,4,2021,0,1,0
2021-04-01 23:00:00,104.1,78.8,18.3,4,1,91,13,4,2021,0,1,0
2021-05-01 00:00:00,119.8,81.2,18.3,5,1,121,17,6,2021,1,1,0
2021-05-01 01:00:00,120.0,81.9,18.6,5,1,121,17,6,2021,1,1,0
2021-05-01 02:00:00,116.6,84.5,18.5,5,1,121,17,6,2021,1,1,0
2021-05-01 03:00:00,110.6,89.5,18.4,5,1,121,17,6,2021,1,1,0
2021-05-01 04:00:00,129.0,91.5,18.3,5,1,121,17,6,2021,1,1,0
2021-05-01 05:00:00,158.5,91.5,18.2,5,1,121,17,6,2021,1,1,0
2021-05-01 06:00:00,142.7,91.8,18.1,5,1,121,17,6,2021,1,1,0
2021-05-01 07:00:00,115.1,88.5,18.1,5,1,121,17,6,2021,1,1,0
2021-05-01 08:00:00,107.8,86.6,18.4,5,1,121,17,6,2021,1,1,0
2021-05-01 09:00:00,147.3,91.5,18.7,5,1,121,17,6,2021,1,1,0
2021-05-01 10:00:00,131.4,89.3,18.9,5,1,121,17,6,2021,1,1,0
2021-05-01 11:00:00,120.7,81.4,19.9,5,1,121,17,6,2021,1,1,0
2021-05-01 12:00:00,119.0,79.0,20.4,5,1,121,17,6,2021,1,1,0
2021-05-01 13:00:00,123.9,79.0,20.6,5,1,121,17,6,2021,1,1,0
2021-05-01 14:00:00,127.2,78.6,20.8,5,1,121,17,6,2021,1,1,0
2021-05-01 15:00:00,105.1,78.5,20.8,5,1,121,17,6,2021,1,1,0
2021-05-01 16:00:00,87.5,79.3,20.8,5,1,121,17,6,2021,1,1,0
2021-05-01 17:00:00,74.6,80.8,20.6,5,1,121,17,6,2021,1,1,0
2021-05-01 18:00:00,64.5,80.9,20.5,5,1,121,17,6,2021,1,1,0
2021-05-01 19:00:00,63.1,81.8,20.3,5,1,121,17,6,2021,1,1,0
2021-05-01 20:00:00,60.0,84.5,20.1,5,1,121,17,6,2021,1,1,0
2021-05-01 21:00:00,60.0,86.2,19.9,5,1,121,17,6,2021,1,1,0
2021-05-01 22:00:00,61.9,86.8,19.9,5,1,121,17,6,2021,1,1,0
2021-05-01 23:00:00,66.5,89.7,19.6,5,1,121,17,6,2021,1,1,0
2021-06-01 00:00:00,64.2,93.0,19.3,6,1,152,22,2,2021,0,1,0
2021-06-01 01:00:00,62.9,94.0,19.0,6,1,152,22,2,2021,0,1,0
2021-06-01 02:00:00,60.4,92.6,18.7,6,1,152,22,2,2021,0,1,0
2021-06-01 03:00:00,61.5,92.5,18.5,6,1,152,22,2,2021,0,1,0
2021-06-01 04:00:00,62.5,92.0,18.2,6,1,152,22,2,2021,0,1,0
2021-06-01 05:00:00,59.9,91.7,18.1,6,1,152,22,2,2021,0,1,0
2021-06-01 06:00:00,58.7,91.2,18.1,6,1,152,22,2,2021,0,1,0
2021-06-01 07:00:00,60.6,91.0,18.1,6,1,152,22,2,2021,0,1,0
2021-06-01 08:00:00,61.7,89.3,18.3,6,1,152,22,2,2021,0,1,0
2021-06-01 09:00:00,59.9,87.0,18.5,6,1,152,22,2,2021,0,1,0
2021-06-01 10:00:00,58.7,84.8,18.5,6,1,152,22,2,2021,0,1,0
2021-06-01 11:00:00,54.4,81.0,18.7,6,1,152,22,2,2021,0,1,0
2021-06-01 12:00:00,58.0,82.8,18.7,6,1,152,22,2,2021,0,1,0
2021-06-01 13:00:00,61.9,83.5,19.0,6,1,152,22,2,2021,0,1,0
2021-06-01 14:00:00,59.7,83.2,19.0,6,1,152,22,2,2021,0,1,0
2021-06-01 15:00:00,58.5,81.2,19.4,6,1,152,22,2,2021,0,1,0
2021-06-01 16:00:00,60.2,80.7,19.4,6,1,152,22,2,2021,0,1,0
2021-06-01 17:00:00,62.3,81.8,19.2,6,1,152,22,2,2021,0,1,0
2021-06-01 18:00:00,62.0,84.0,18.8,6,1,152,22,2,2021,0,1,0
2021-06-01 19:00:00,64.9,84.5,18.8,6,1,152,22,2,2021,0,1,0
2021-06-01 20:00:00,73.8,88.0,18.7,6,1,152,22,2,2021,0,1,0
2021-06-01 21:00:00,78.9,90.9,18.5,6,1,152,22,2,2021,0,1,0
2021-06-01 22:00:00,78.5,92.0,18.5,6,1,152,22,2,2021,0,1,0
2021-06-01 23:00:00,74.3,91.4,18.3,6,1,152,22,2,2021,0,1,0
2021-07-01 00:00:00,75.5,91.1,18.3,7,1,182,26,4,2021,0,1,0
2021-07-01 01:00:00,77.7,91.9,18.2,7,1,182,26,4,2021,0,1,0
2021-07-01 02:00:00,81.5,93.1,18.0,7,1,182,26,4,2021,0,1,0
2021-07-01 03:00:00,75.7,92.5,17.7,7,1,182,26,4,2021,0,1,0
2021-07-01 04:00:00,72.2,92.5,17.6,7,1,182,26,4,2021,0,1,0
2021-07-01 05:00:00,76.9,92.6,17.5,7,1,182,26,4,2021,0,1,0
2021-07-01 06:00:00,71.6,87.2,17.1,7,1,182,26,4,2021,0,1,0
2021-07-01 07:00:00,63.6,86.7,16.8,7,1,182,26,4,2021,0,1,0
2021-07-01 08:00:00,71.3,94.0,16.0,7,1,182,26,4,2021,0,1,0
2021-07-01 09:00:00,71.0,98.2,15.3,7,1,182,26,4,2021,0,1,0
2021-07-01 10:00:00,64.9,94.5,15.4,7,1,182,26,4,2021,0,1,0
2021-07-01 11:00:00,56.5,92.4,15.4,7,1,182,26,4,2021,0,1,0
2021-07-01 12:00:00,45.5,88.8,15.8,7,1,182,26,4,2021,0,1,0
2021-07-01 13:00:00,40.1,84.7,16.1,7,1,182,26,4,2021,0,1,0
2021-07-01 14:00:00,37.4,83.4,16.2,7,1,182,26,4,2021,0,1,0
2021-07-01 15:00:00,35.8,82.9,16.2,7,1,182,26,4,2021,0,1,0
2021-07-01 16:00:00,36.2,83.3,15.9,7,1,182,26,4,2021,0,1,0
2021-07-01 17:00:00,34.8,84.1,15.6,7,1,182,26,4,2021,0,1,0
2021-07-01 18:00:00,35.9,84.8,15.6,7,1,182,26,4,2021,0,1,0
2021-07-01 19:00:00,35.0,87.1,15.2,7,1,182,26,4,2021,0,1,0
2021-07-01 20:00:00,36.0,87.9,15.1,7,1,182,26,4,2021,0,1,0
2021-07-01 21:00:00,33.7,88.8,14.8,7,1,182,26,4,2021,0,1,0
2021-07-01 22:00:00,31.1,90.0,14.6,7,1,182,26,4,2021,0,1,0
2021-07-01 23:00:00,29.4,90.3,14.4,7,1,182,26,4,2021,0,1,0
2021-08-01 00:00:00,27.7,91.1,14.0,8,1,213,30,7,2021,1,1,0
2021-08-01 01:00:00,27.8,91.8,13.6,8,1,213,30,7,2021,1,1,0
2021-08-01 02:00:00,27.4,88.7,13.6,8,1,213,30,7,2021,1,1,0
2021-08-01 03:00:00,29.5,85.0,13.5,8,1,213,30,7,2021,1,1,0
2021-08-01 04:00:00,25.0,83.2,13.2,8,1,213,30,7,2021,1,1,0
2021-08-01 05:00:00,24.4,81.8,12.8,8,1,213,30,7,2021,1,1,0
2021-08-01 06:00:00,23.8,80.7,12.7,8,1,213,30,7,2021,1,1,0
2021-08-01 07:00:00,23.6,81.2,12.6,8,1,213,30,7,2021,1,1,0
2021-08-01 08:00:00,23.8,82.8,12.6,8,1,213,30,7,2021,1,1,0
2021-08-01 09:00:00,25.4,79.4,12.8,8,1,213,30,7,2021,1,1,0
2021-08-01 10:00:00,24.9,73.7,12.9,8,1,213,30,7,2021,1,1,0
2021-08-01 11:00:00,24.4,71.5,13.1,8,1,213,30,7,2021,1,1,0
2021-08-01 12:00:00,24.9,69.3,13.3,8,1,213,30,7,2021,1,1,0
2021-08-01 13:00:00,25.1,68.0,13.7,8,1,213,30,7,2021,1,1,0
2021-08-01 14:00:00,24.9,67.9,13.9,8,1,213,30,7,2021,1,1,0
2021-08-01 15:00:00,25.0,67.6,14.1,8,1,213,30,7,2021,1,1,0
2021-08-01 16:00:00,25.0,67.9,14.0,8,1,213,30,7,2021,1,1,0
2021-08-01 17:00:00,25.9,68.2,13.8,8,1,213,30,7,2021,1,1,0
2021-08-01 18:00:00,28.1,68.3,13.7,8,1,213,30,7,2021,1,1,0
2021-08-01 19:00:00,28.4,69.8,13.4,8,1,213,30,7,2021,1,1,0
2021-08-01 20:00:00,27.6,68.7,13.1,8,1,213,30,7,2021,1,1,0
2021-08-01 21:00:00,29.3,71.9,12.8,8,1,213,30,7,2021,1,1,0
2021-08-01 22:00:00,30.4,73.8,12.4,8,1,213,30,7,2021,1,1,0
2021-08-01 23:00:00,31.0,72.7,12.3,8,1,213,30,7,2021,1,1,0
2021-09-01 00:00:00,28.9,72.4,11.9,9,1,244,35,3,2021,0,1,0
2021-09-01 01:00:00,29.2,72.4,11.7,9,1,244,35,3,2021,0,1,0
2021-09-01 02:00:00,35.6,72.6,11.6,9,1,244,35,3,2021,0,1,0
2021-09-01 03:00:00,36.2,72.6,11.5,9,1,244,35,3,2021,0,1,0
2021-09-01 04:00:00,38.4,70.4,11.3,9,1,244,35,3,2021,0,1,0
2021-09-01 05:00:00,30.6,69.7,11.4,9,1,244,35,3,2021,0,1,0
2021-09-01 06:00:00,28.2,67.5,11.4,9,1,244,35,3,2021,0,1,0
2021-09-01 07:00:00,28.8,67.9,11.4,9,1,244,35,3,2021,0,1,0
2021-09-01 08:00:00,29.3,67.2,11.5,9,1,244,35,3,2021,0,1,0
2021-09-01 09:00:00,29.1,64.8,12.0,9,1,244,35,3,2021,0,1,0
2021-09-01 10:00:00,30.7,62.3,12.5,9,1,244,35,3,2021,0,1,0
2021-09-01 11:00:00,30.7,60.8,12.6,9,1,244,35,3,2021,0,1,0
2021-09-01 12:00:00,31.3,60.9,13.0,9,1,244,35,3,2021,0,1,0
2021-09-01 13:00:00,30.8,59.7,13.3,9,1,244,35,3,2021,0,1,0
2021-09-01 14:00:00,30.5,59.4,13.3,9,1,244,35,3,2021,0,1,0
2021-09-01 15:00:00,30.7,58.7,13.6,9,1,244,35,3,2021,0,1,0
2021-09-01 16:00:00,31.9,59.6,13.6,9,1,244,35,3,2021,0,1,0
2021-09-01 17:00:00,32.7,59.8,13.7,9,1,244,35,3,2021,0,1,0
2021-09-01 18:00:00,33.6,60.3,13.5,9,1,244,35,3,2021,0,1,0
2021-09-01 19:00:00,33.6,60.4,13.3,9,1,244,35,3,2021,0,1,0
2021-09-01 20:00:00,33.4,61.0,13.2,9,1,244,35,3,2021,0,1,0
2021-09-01 21:00:00,33.8,61.2,12.9,9,1,244,35,3,2021,0,1,0
2021-09-01 22:00:00,33.2,60.9,12.7,9,1,244,35,3,2021,0,1,0
2021-09-01 23:00:00,31.8,57.7,12.5,9,1,244,35,3,2021,0,1,0
2021-10-01 00:00:00,32.2,56.8,12.4,10,1,274,39,5,2021,1,1,0
2021-10-01 01:00:00,32.3,57.5,12.2,10,1,274,39,5,2021,1,1,0
2021-10-01 02:00:00,42.2,58.1,12.1,10,1,274,39,5,2021,1,1,0
2021-10-01 03:00:00,31.6,57.1,12.0,10,1,274,39,5,2021,1,1,0
2021-10-01 04:00:00,30.2,59.1,11.9,10,1,274,39,5,2021,1,1,0
2021-10-01 05:00:00,30.6,61.8,11.8,10,1,274,39,5,2021,1,1,0
2021-10-01 06:00:00,29.7,61.6,11.8,10,1,274,39,5,2021,1,1,0
2021-10-01 07:00:00,30.4,63.8,11.7,10,1,274,39,5,2021,1,1,0
2021-10-01 08:00:00,30.3,64.6,11.8,10,1,274,39,5,2021,1,1,0
2021-10-01 09:00:00,30.6,62.6,12.2,10,1,274,39,5,2021,1,1,0
2021-10-01 10:00:00,30.4,59.2,12.6,10,1,274,39,5,2021,1,1,0
2021-10-01 11:00:00,29.0,56.9,13.1,10,1,274,39,5,2021,1,1,0
2021-10-01 12:00:00,30.6,58.2,13.4,10,1,274,39,5,2021,1,1,0
2021-10-01 13:00:00,31.2,57.1,14.0,10,1,274,39,5,2021,1,1,0
2021-10-01 14:00:00,31.2,57.5,14.1,10,1,274,39,5,2021,1,1,0
2021-10-01 15:00:00,32.2,58.2,14.3,10,1,274,39,5,2021,1,1,0
2021-10-01 16:00:00,33.4,59.6,14.1,10,1,274,39,5,2021,1,1,0
2021-10-01 17:00:00,35.6,60.4,14.1,10,1,274,39,5,2021,1,1,0
2021-10-01 18:00:00,36.8,61.2,14.1,10,1,274,39,5,2021,1,1,0
2021-10-01 19:00:00,37.1,61.7,14.1,10,1,274,39,5,2021,1,1,0
2021-10-01 20:00:00,38.4,62.0,14.2,10,1,274,39,5,2021,1,1,0
2021-10-01 21:00:00,41.9,62.9,14.5,10,1,274,39,5,2021,1,1,0
2021-10-01 22:00:00,46.4,65.9,14.3,10,1,274,39,5,2021,1,1,0
2021-10-01 23:00:00,48.3,66.3,14.3,10,1,274,39,5,2021,1,1,0
2021-11-01 00:00:00,50.9,68.6,14.1,11,1,305,44,1,2021,0,1,0
2021-11-01 01:00:00,51.4,73.0,13.6,11,1,305,44,1,2021,0,1,0
2021-11-01 02:00:00,42.6,70.2,13.4,11,1,305,44,1,2021,0,1,0
2021-11-01 03:00:00,31.5,62.2,13.3,11,1,305,44,1,2021,0,1,0
2021-11-01 04:00:00,31.5,63.7,13.2,11,1,305,44,1,2021,0,1,0
2021-11-01 05:00:00,32.5,67.5,13.0,11,1,305,44,1,2021,0,1,0
2021-11-01 06:00:00,33.2,66.3,12.8,11,1,305,44,1,2021,0,1,0
2021-11-01 07:00:00,31.1,62.7,13.0,11,1,305,44,1,2021,0,1,0
2021-11-01 08:00:00,34.0,60.2,13.3,11,1,305,44,1,2021,0,1,0
2021-11-01 09:00:00,33.9,65.1,13.2,11,1,305,44,1,2021,0,1,0
2021-11-01 10:00:00,35.0,62.9,13.8,11,1,305,44,1,2021,0,1,0
2021-11-01 11:00:00,31.2,56.7,14.0,11,1,305,44,1,2021,0,1,0
2021-11-01 12:00:00,30.5,51.6,14.9,11,1,305,44,1,2021,0,1,0
2021-11-01 13:00:00,29.5,51.0,15.5,11,1,305,44,1,2021,0,1,0
2021-11-01 14:00:00,29.0,48.2,16.1,11,1,305,44,1,2021,0,1,0
2021-11-01 15:00:00,28.0,43.7,16.1,11,1,305,44,1,2021,0,1,0
2021-11-01 16:00:00,29.3,42.9,16.4,11,1,305,44,1,2021,0,1,0
2021-11-01 17:00:00,30.8,44.6,16.5,11,1,305,44,1,2021,0,1,0
2021-11-01 18:00:00,31.5,46.8,16.3,11,1,305,44,1,2021,0,1,0
2021-11-01 19:00:00,34.9,49.1,16.2,11,1,305,44,1,2021,0,1,0
2021-11-01 20:00:00,40.0,60.0,15.7,11,1,305,44,1,2021,0,1,0
2021-11-01 21:00:00,37.3,55.9,15.4,11,1,305,44,1,2021,0,1,0
2021-11-01 22:00:00,37.3,48.9,15.3,11,1,305,44,1,2021,0,1,0
2021-11-01 23:00:00,36.0,52.6,15.0,11,1,305,44,1,2021,0,1,0
2021-12-01 00:00:00,37.5,54.7,14.9,12,1,335,48,3,2021,0,1,0
2021-12-01 01:00:00,43.9,69.0,14.9,12,1,335,48,3,2021,0,1,0
2021-12-01 02:00:00,40.9,61.9,14.9,12,1,335,48,3,2021,0,1,0
2021-12-01 03:00:00,38.2,55.6,14.8,12,1,335,48,3,2021,0,1,0
2021-12-01 04:00:00,40.0,58.4,14.4,12,1,335,48,3,2021,0,1,0
2021-12-01 05:00:00,38.4,62.5,14.3,12,1,335,48,3,2021,0,1,0
2021-12-01 06:00:00,39.2,63.0,14.2,12,1,335,48,3,2021,0,1,0
2021-12-01 07:00:00,37.3,65.2,14.0,12,1,335,48,3,2021,0,1,0
2021-12-01 08:00:00,39.0,65.0,14.3,12,1,335,48,3,2021,0,1,0
2021-12-01 09:00:00,38.5,60.5,15.4,12,1,335,48,3,2021,0,1,0
2021-12-01 10:00:00,34.1,47.6,17.2,12,1,335,48,3,2021,0,1,0
2021-12-01 11:00:00,31.5,39.9,18.8,12,1,335,48,3,2021,0,1,0
2021-12-01 12:00:00,31.3,40.9,18.4,12,1,335,48,3,2021,0,1,0
2021-12-01 13:00:00,30.6,38.6,18.4,12,1,335,48,3,2021,0,1,0
2021-12-01 14:00:00,30.8,37.9,18.7,12,1,335,48,3,2021,0,1,0
2021-12-01 15:00:00,31.9,38.7,19.0,12,1,335,48,3,2021,0,1,0
2021-12-01 16:00:00,33.7,38.9,18.7,12,1,335,48,3,2021,0,1,0
2021-12-01 17:00:00,34.4,39.7,18.7,12,1,335,48,3,2021,0,1,0
2021-12-01 18:00:00,36.1,41.8,18.3,12,1,335,48,3,2021,0,1,0
2021-12-01 19:00:00,37.2,44.8,17.9,12,1,335,48,3,2021,0,1,0
2021-12-01 20:00:00,37.9,47.3,17.9,12,1,335,48,3,2021,0,1,0
2021-12-01 21:00:00,38.4,48.3,17.7,12,1,335,48,3,2021,0,1,0
2021-12-01 22:00:00,41.9,52.1,17.2,12,1,335,48,3,2021,0,1,0
2021-12-01 23:00:00,41.0,55.4,16.8,12,1,335,48,3,2021,0,1,0
2021-01-13 00:00:00,46.6,60.6,16.5,1,13,13,2,3,2021,0,0,0
2021-01-13 01:00:00,50.2,64.1,16.2,1,13,13,2,3,2021,0,0,0
2021-01-13 02:00:00,58.9,71.1,15.5,1,13,13,2,3,2021,0,0,0
2021-01-13 03:00:00,61.0,76.2,14.8,1,13,13,2,3,2021,0,0,0
2021-01-13 04:00:00,64.8,81.6,14.3,1,13,13,2,3,2021,0,0,0
2021-01-13 05:00:00,56.2,74.3,14.5,1,13,13,2,3,2021,0,0,0
2021-01-13 06:00:00,57.7,72.9,14.3,1,13,13,2,3,2021,0,0,0
2021-01-13 07:00:00,64.3,81.8,13.8,1,13,13,2,3,2021,0,0,0
2021-01-13 08:00:00,73.0,77.4,14.3,1,13,13,2,3,2021,0,0,0
2021-01-13 09:00:00,66.0,69.2,15.7,1,13,13,2,3,2021,0,0,0
2021-01-13 10:00:00,56.6,61.0,17.8,1,13,13,2,3,2021,0,0,0
2021-01-13 11:00:00,49.3,51.7,19.9,1,13,13,2,3,2021,0,0,0
2021-01-13 12:00:00,43.4,49.4,19.9,1,13,13,2,3,2021,0,0,0
2021-01-13 13:00:00,43.7,47.6,20.0,1,13,13,2,3,2021,0,0,0
2021-01-13 14:00:00,44.7,46.4,20.7,1,13,13,2,3,2021,0,0,0
2021-01-13 15:00:00,45.0,48.1,20.7,1,13,13,2,3,2021,0,0,0
2021-01-13 16:00:00,42.3,46.7,20.6,1,13,13,2,3,2021,0,0,0
2021-01-13 17:00:00,43.4,47.8,20.4,1,13,13,2,3,2021,0,0,0
2021-01-13 18:00:00,46.6,53.1,20.1,1,13,13,2,3,2021,0,0,0
2021-01-13 19:00:00,42.0,68.8,18.7,1,13,13,2,3,2021,0,0,0
2021-01-13 20:00:00,43.9,73.7,17.8,1,13,13,2,3,2021,0,0,0
2021-01-13 21:00:00,42.8,73.7,17.4,1,13,13,2,3,2021,0,0,0
2021-01-13 22:00:00,46.6,77.1,16.9,1,13,13,2,3,2021,0,0,0
2021-01-13 23:00:00,46.7,78.6,16.7,1,13,13,2,3,2021,0,0,0
2021-01-14 00:00:00,47.5,81.1,16.2,1,14,14,2,4,2021,0,0,0
2021-01-14 01:00:00,50.2,84.6,16.0,1,14,14,2,4,2021,0,0,0
2021-01-14 02:00:00,54.7,89.4,15.5,1,14,14,2,4,2021,0,0,0
2021-01-14 03:00:00,60.2,87.9,15.4,1,14,14,2,4,2021,0,0,0
2021-01-14 04:00:00,64.4,87.5,15.5,1,14,14,2,4,2021,0,0,0
2021-01-14 05:00:00,69.1,89.8,15.1,1,14,14,2,4,2021,0,0,0
2021-01-14 06:00:00,72.5,86.1,15.2,1,14,14,2,4,2021,0,0,0
2021-01-14 07:00:00,85.4,82.9,15.0,1,14,14,2,4,2021,0,0,0
2021-01-14 08:00:00,65.8,77.9,15.3,1,14,14,2,4,2021,0,0,0
2021-01-14 09:00:00,69.0,73.9,16.2,1,14,14,2,4,2021,0,0,0
2021-01-14 10:00:00,76.4,72.7,17.8,1,14,14,2,4,2021,0,0,0
2021-01-14 11:00:00,57.0,70.6,19.7,1,14,14,2,4,2021,0,0,0
2021-01-14 12:00:00,53.5,71.0,20.1,1,14,14,2,4,2021,0,0,0
2021-01-14 13:00:00,56.1,69.3,20.4,1,14,14,2,4,2021,0,0,0
2021-01-14 14:00:00,50.3,67.2,20.7,1,14,14,2,4,2021,0,0,0
2021-01-14 15:00:00,54.9,66.2,21.2,1,14,14,2,4,2021,0,0,0
2021-01-14 16:00:00,61.9,67.9,21.1,1,14,14,2,4,2021,0,0,0
2021-01-14 17:00:00,58.6,71.1,20.8,1,14,14,2,4,2021,0,0,0
2021-01-14 18:00:00,64.5,76.2,20.2,1,14,14,2,4,2021,0,0,0
2021-01-14 19:00:00,60.9,81.6,19.7,1,14,14,2,4,2021,0,0,0
2021-01-14 20:00:00,47.3,86.5,19.0,1,14,14,2,4,2021,0,0,0
2021-01-14 21:00:00,47.8,87.3,18.6,1,14,14,2,4,2021,0,0,0
2021-01-14 22:00:00,48.1,87.7,18.4,1,14,14,2,4,2021,0,0,0
2021-01-14 23:00:00,57.7,94.8,17.6,1,14,14,2,4,2021,0,0,0
2021-01-15 00:00:00,67.8,100.0,16.8,1,15,15,2,5,2021,1,0,0
2021-01-15 01:00:00,71.6,100.0,16.5,1,15,15,2,5,2021,1,0,0
2021-01-15 02:00:00,68.3,100.0,16.4,1,15,15,2,5,2021,1,0,0
2021-01-15 03:00:00,61.6,100.0,16.7,1,15,15,2,5,2021,1,0,0
2021-01-15 04:00:00,58.9,100.0,16.6,1,15,15,2,5,2021,1,0,0
2021-01-15 05:00:00,64.9,100.0,16.7,1,15,15,2,5,2021,1,0,0
2021-01-15 06:00:00,73.3,100.0,16.6,1,15,15,2,5,2021,1,0,0
2021-01-15 07:00:00,78.0,100.0,16.8,1,15,15,2,5,2021,1,0,0
2021-01-15 08:00:00,81.5,100.0,17.0,1,15,15,2,5,2021,1,0,0
2021-01-15 09:00:00,89.1,100.0,17.6,1,15,15,2,5,2021,1,0,0
2021-01-15 10:00:00,94.7,99.4,18.2,1,15,15,2,5,2021,1,0,0
2021-01-15 11:00:00,109.5,98.7,18.6,1,15,15,2,5,2021,1,0,0
2021-01-15 12:00:00,100.5,97.1,18.8,1,15,15,2,5,2021,1,0,0
2021-01-15 13:00:00,98.9,96.3,18.9,1,15,15,2,5,2021,1,0,0
2021-01-15 14:00:00,102.3,94.6,19.2,1,15,15,2,5,2021,1,0,0
2021-01-15 15:00:00,84.9,91.4,19.8,1,15,15,2,5,2021,1,0,0
2021-01-15 16:00:00,67.7,90.9,19.8,1,15,15,2,5,2021,1,0,0
2021-01-15 17:00:00,68.3,91.9,19.9,1,15,15,2,5,2021,1,0,0
2021-01-15 18:00:00,65.9,93.7,19.6,1,15,15,2,5,2021,1,0,0
2021-01-15 19:00:00,63.7,97.6,19.3,1,15,15,2,5,2021,1,0,0
2021-01-15 20:00:00,76.6,98.2,19.3,1,15,15,2,5,2021,1,0,0
2021-01-15 21:00:00,72.8,97.5,19.4,1,15,15,2,5,2021,1,0,0
2021-01-15 22:00:00,72.2,97.2,19.4,1,15,15,2,5,2021,1,0,0
2021-01-15 23:00:00,70.6,98.4,19.3,1,15,15,2,5,2021,1,0,0
2021-01-16 00:00:00,67.0,98.6,19.2,1,16,16,2,6,2021,1,0,0
2021-01-16 01:00:00,60.6,97.0,18.9,1,16,16,2,6,2021,1,0,0
2021-01-16 02:00:00,57.2,96.7,18.7,1,16,16,2,6,2021,1,0,0
2021-01-16 03:00:00,64.8,100.0,18.6,1,16,16,2,6,2021,1,0,0
2021-01-16 04:00:00,70.0,100.0,18.6,1,16,16,2,6,2021,1,0,0
2021-01-16 05:00:00,69.4,100.0,18.6,1,16,16,2,6,2021,1,0,0
2021-01-16 06:00:00,80.4,99.5,18.7,1,16,16,2,6,2021,1,0,0
2021-01-16 07:00:00,85.4,100.0,18.7,1,16,16,2,6,2021,1,0,0
2021-01-16 08:00:00,88.6,99.4,18.8,1,16,16,2,6,2021,1,0,0
2021-01-16 09:00:00,95.2,98.1,19.0,1,16,16,2,6,2021,1,0,0
2021-01-16 10:00:00,93.1,96.2,19.6,1,16,16,2,6,2021,1,0,0
2021-01-16 11:00:00,92.8,92.3,20.4,1,16,16,2,6,2021,1,0,0
2021-01-16 12:00:00,82.8,87.5,21.0,1,16,16,2,6,2021,1,0,0
2021-01-16 13:00:00,82.8,87.0,21.1,1,16,16,2,6,2021,1,0,0
2021-01-16 14:00:00,73.3,84.2,21.3,1,16,16,2,6,2021,1,0,0
2021-01-16 15:00:00,75.9,85.2,21.2,1,16,16,2,6,2021,1,0,0
2021-01-16 16:00:00,89.0,86.8,21.0,1,16,16,2,6,2021,1,0,0
2021-01-16 17:00:00,95.6,88.0,20.9,1,16,16,2,6,2021,1,0,0
2021-01-16 18:00:00,96.8,89.2,20.8,1,16,16,2,6,2021,1,0,0
2021-01-16 19:00:00,100.3,89.9,20.8,1,16,16,2,6,2021,1,0,0
2021-01-16 20:00:00,109.5,91.2,20.8,1,16,16,2,6,2021,1,0,0
2021-01-16 21:00:00,110.0,93.7,20.5,1,16,16,2,6,2021,1,0,0
2021-01-16 22:00:00,98.3,95.3,20.3,1,16,16,2,6,2021,1,0,0
2021-01-16 23:00:00,89.6,96.0,20.2,1,16,16,2,6,2021,1,0,0
2021-01-17 00:00:00,111.5,100.0,19.8,1,17,17,2,7,2021,1,0,0
2021-01-17 01:00:00,95.2,100.0,19.2,1,17,17,2,7,2021,1,0,0
2021-01-17 02:00:00,90.6,100.0,18.9,1,17,17,2,7,2021,1,0,0
2021-01-17 03:00:00,86.0,100.0,18.7,1,17,17,2,7,2021,1,0,0
2021-01-17 04:00:00,83.3,100.0,18.7,1,17,17,2,7,2021,1,0,0
2021-01-17 05:00:00,78.7,100.0,18.7,1,17,17,2,7,2021,1,0,0
2021-01-17 06:00:00,78.2,100.0,18.8,1,17,17,2,7,2021,1,0,0
2021-01-17 07:00:00,67.8,100.0,18.6,1,17,17,2,7,2021,1,0,0
2021-01-17 08:00:00,64.8,100.0,18.5,1,17,17,2,7,2021,1,0,0
2021-01-17 09:00:00,66.3,100.0,18.6,1,17,17,2,7,2021,1,0,0
2021-01-17 10:00:00,67.4,100.0,18.0,1,17,17,2,7,2021,1,0,0
2021-01-17 11:00:00,45.1,98.0,17.5,1,17,17,2,7,2021,1,0,0
2021-01-17 12:00:00,33.0,83.7,17.6,1,17,17,2,7,2021,1,0,0
2021-01-17 13:00:00,30.3,74.9,17.5,1,17,17,2,7,2021,1,0,0
2021-01-17 14:00:00,32.3,72.6,17.1,1,17,17,2,7,2021,1,0,0
2021-01-17 15:00:00,33.4,72.2,16.8,1,17,17,2,7,2021,1,0,0
2021-01-17 16:00:00,34.9,70.9,17.0,1,17,17,2,7,2021,1,0,0
2021-01-17 17:00:00,37.4,71.8,16.9,1,17,17,2,7,2021,1,0,0
2021-01-17 18:00:00,38.1,73.8,16.8,1,17,17,2,7,2021,1,0,0
2021-01-17 19:00:00,41.6,73.8,16.7,1,17,17,2,7,2021,1,0,0
2021-01-17 20:00:00,46.1,76.8,16.8,1,17,17,2,7,2021,1,0,0
2021-01-17 21:00:00,48.1,78.4,16.7,1,17,17,2,7,2021,1,0,0
2021-01-17 22:00:00,44.9,76.1,16.3,1,17,17,2,7,2021,1,0,0
2021-01-17 23:00:00,40.8,75.0,16.1,1,17,17,2,7,2021,1,0,0
2021-01-18 00:00:00,39.7,76.2,15.9,1,18,18,3,1,2021,0,0,0
2021-01-18 01:00:00,38.3,74.6,15.8,1,18,18,3,1,2021,0,0,0
2021-01-18 02:00:00,38.3,72.3,15.6,1,18,18,3,1,2021,0,0,0
2021-01-18 03:00:00,38.0,72.8,15.4,1,18,18,3,1,2021,0,0,0
2021-01-18 04:00:00,35.7,71.5,15.1,1,18,18,3,1,2021,0,0,0
2021-01-18 05:00:00,34.7,71.2,14.8,1,18,18,3,1,2021,0,0,0
2021-01-18 06:00:00,34.0,73.1,14.3,1,18,18,3,1,2021,0,0,0
2021-01-18 07:00:00,34.7,73.8,14.1,1,18,18,3,1,2021,0,0,0
2021-01-18 08:00:00,35.1,71.7,14.6,1,18,18,3,1,2021,0,0,0
2021-01-18 09:00:00,35.0,68.0,16.0,1,18,18,3,1,2021,0,0,0
2021-01-18 10:00:00,32.6,59.2,17.9,1,18,18,3,1,2021,0,0,0
2021-01-18 11:00:00,31.5,53.1,19.8,1,18,18,3,1,2021,0,0,0
2021-01-18 12:00:00,32.3,52.0,19.6,1,18,18,3,1,2021,0,0,0
2021-01-18 13:00:00,33.0,53.0,20.0,1,18,18,3,1,2021,0,0,0
2021-01-18 14:00:00,36.1,56.3,20.3,1,18,18,3,1,2021,0,0,0
2021-01-18 15:00:00,35.4,57.0,20.2,1,18,18,3,1,2021,0,0,0
2021-01-18 16:00:00,36.6,58.7,19.8,1,18,18,3,1,2021,0,0,0
2021-01-18 17:00:00,39.2,62.5,19.7,1,18,18,3,1,2021,0,0,0
2021-01-18 18:00:00,41.2,65.3,19.3,1,18,18,3,1,2021,0,0,0
2021-01-18 19:00:00,48.7,69.6,18.5,1,18,18,3,1,2021,0,0,0
2021-01-18 20:00:00,47.8,73.4,18.1,1,18,18,3,1,2021,0,0,0
2021-01-18 21:00:00,52.7,71.4,17.8,1,18,18,3,1,2021,0,0,0
2021-01-18 22:00:00,56.7,70.6,17.6,1,18,18,3,1,2021,0,0,0
2021-01-18 23:00:00,59.6,84.3,16.4,1,18,18,3,1,2021,0,0,0
2021-01-19 00:00:00,59.1,93.4,15.1,1,19,19,3,2,2021,0,0,0
2021-01-19 01:00:00,56.1,96.5,14.8,1,19,19,3,2,2021,0,0,0
2021-01-19 02:00:00,49.5,99.9,14.5,1,19,19,3,2,2021,0,0,0
2021-01-19 03:00:00,48.1,100.0,14.5,1,19,19,3,2,2021,0,0,0
2021-01-19 04:00:00,49.9,100.0,14.3,1,19,19,3,2,2021,0,0,0
2021-01-19 05:00:00,51.3,100.0,14.4,1,19,19,3,2,2021,0,0,0
2021-01-19 06:00:00,52.7,100.0,14.1,1,19,19,3,2,2021,0,0,0
2021-01-19 07:00:00,61.4,100.0,14.2,1,19,19,3,2,2021,0,0,0
2021-01-19 08:00:00,66.9,99.9,14.8,1,19,19,3,2,2021,0,0,0
2021-01-19 09:00:00,60.9,96.5,15.6,1,19,19,3,2,2021,0,0,0
2021-01-19 10:00:00,55.7,87.4,17.7,1,19,19,3,2,2021,0,0,0
2021-01-19 11:00:00,47.8,72.2,20.0,1,19,19,3,2,2021,0,0,0
2021-01-19 12:00:00,45.3,64.6,21.1,1,19,19,3,2,2021,0,0,0
2021-01-19 13:00:00,45.4,64.4,20.8,1,19,19,3,2,2021,0,0,0
2021-01-19 14:00:00,45.4,63.5,21.3,1,19,19,3,2,2021,0,0,0
2021-01-19 15:00:00,45.1,64.2,21.4,1,19,19,3,2,2021,0,0,0
2021-01-19 16:00:00,39.7,62.7,21.3,1,19,19,3,2,2021,0,0,0
2021-01-19 17:00:00,40.9,64.3,21.3,1,19,19,3,2,2021,0,0,0
2021-01-19 18:00:00,42.4,66.5,20.9,1,19,19,3,2,2021,0,0,0
2021-01-19 19:00:00,45.3,75.3,19.8,1,19,19,3,2,2021,0,0,0
2021-01-19 20:00:00,46.5,84.4,18.5,1,19,19,3,2,2021,0,0,0
2021-01-19 21:00:00,46.7,87.7,17.9,1,19,19,3,2,2021,0,0,0
2021-01-19 22:00:00,48.6,91.1,17.6,1,19,19,3,2,2021,0,0,0
2021-01-19 23:00:00,50.4,93.3,17.3,1,19,19,3,2,2021,0,0,0
2021-01-20 00:00:00,52.1,96.3,17.0,1,20,20,3,3,2021,0,0,0
2021-01-20 01:00:00,51.4,98.1,16.9,1,20,20,3,3,2021,0,0,0
2021-01-20 02:00:00,53.6,99.9,16.7,1,20,20,3,3,2021,0,0,0
2021-01-20 03:00:00,54.7,100.0,16.4,1,20,20,3,3,2021,0,0,0
2021-01-20 04:00:00,64.9,100.0,16.0,1,20,20,3,3,2021,0,0,0
2021-01-20 05:00:00,72.2,100.0,16.0,1,20,20,3,3,2021,0,0,0
2021-01-20 06:00:00,68.4,100.0,16.3,1,20,20,3,3,2021,0,0,0
2021-01-20 07:00:00,80.8,100.0,16.2,1,20,20,3,3,2021,0,0,0
2021-01-20 08:00:00,72.9,100.0,16.6,1,20,20,3,3,2021,0,0,0
2021-01-20 09:00:00,80.5,99.7,17.3,1,20,20,3,3,2021,0,0,0
2021-01-20 10:00:00,89.6,97.0,17.8,1,20,20,3,3,2021,0,0,0
2021-01-20 11:00:00,93.0,94.3,18.4,1,20,20,3,3,2021,0,0,0
2021-01-20 12:00:00,86.1,90.2,19.5,1,20,20,3,3,2021,0,0,0
2021-01-20 13:00:00,82.4,89.2,20.0,1,20,20,3,3,2021,0,0,0
2021-01-20 14:00:00,76.6,88.2,20.5,1,20,20,3,3,2021,0,0,0
2021-01-20 15:00:00,59.7,85.8,21.2,1,20,20,3,3,2021,0,0,0
2021-01-20 16:00:00,54.9,84.7,21.5,1,20,20,3,3,2021,0,0,0
2021-01-20 17:00:00,54.3,85.9,21.2,1,20,20,3,3,2021,0,0,0
2021-01-20 18:00:00,53.6,88.3,21.1,1,20,20,3,3,2021,0,0,0
2021-01-20 19:00:00,54.3,92.6,20.8,1,20,20,3,3,2021,0,0,0
2021-01-20 20:00:00,49.8,95.8,20.4,1,20,20,3,3,2021,0,0,0
2021-01-20 21:00:00,49.4,96.5,20.3,1,20,20,3,3,2021,0,0,0
2021-01-20 22:00:00,82.8,92.5,19.7,1,20,20,3,3,2021,0,0,0
2021-01-20 23:00:00,75.6,92.4,19.2,1,20,20,3,3,2021,0,0,0
2021-01-21 00:00:00,72.2,92.8,19.0,1,21,21,3,4,2021,0,0,0
2021-01-21 01:00:00,71.0,93.3,18.8,1,21,21,3,4,2021,0,0,0
2021-01-21 02:00:00,72.3,95.3,18.6,1,21,21,3,4,2021,0,0,0
2021-01-21 03:00:00,73.2,97.0,18.6,1,21,21,3,4,2021,0,0,0
2021-01-21 04:00:00,73.5,97.3,18.6,1,21,21,3,4,2021,0,0,0
2021-01-21 05:00:00,73.5,95.0,18.6,1,21,21,3,4,2021,0,0,0
2021-01-21 06:00:00,77.1,98.3,18.6,1,21,21,3,4,2021,0,0,0
2021-01-21 07:00:00,62.6,100.0,18.8,1,21,21,3,4,2021,0,0,0
2021-01-21 08:00:00,68.9,100.0,18.7,1,21,21,3,4,2021,0,0,0
2021-01-21 09:00:00,83.1,99.9,18.6,1,21,21,3,4,2021,0,0,0
2021-01-21 10:00:00,86.9,100.0,18.8,1,21,21,3,4,2021,0,0,0
2021-01-21 11:00:00,86.4,100.0,18.9,1,21,21,3,4,2021,0,0,0
2021-01-21 12:00:00,85.3,100.0,18.7,1,21,21,3,4,2021,0,0,0
2021-01-21 13:00:00,94.7,100.0,18.4,1,21,21,3,4,2021,0,0,0
2021-01-21 14:00:00,86.7,100.0,18.8,1,21,21,3,4,2021,0,0,0
2021-01-21 15:00:00,85.8,100.0,19.4,1,21,21,3,4,2021,0,0,0
2021-01-21 16:00:00,87.7,99.9,19.8,1,21,21,3,4,2021,0,0,0
2021-01-21 17:00:00,91.4,100.0,19.7,1,21,21,3,4,2021,0,0,0
2021-01-21 18:00:00,97.9,100.0,19.8,1,21,21,3,4,2021,0,0,0
2021-01-21 19:00:00,105.4,100.0,19.9,1,21,21,3,4,2021,0,0,0
2021-01-21 20:00:00,104.6,100.0,19.9,1,21,21,3,4,2021,0,0,0
2021-01-21 21:00:00,107.9,100.0,19.8,1,21,21,3,4,2021,0,0,0
2021-01-21 22:00:00,106.0,100.0,19.6,1,21,21,3,4,2021,0,0,0
2021-01-21 23:00:00,104.1,100.0,19.6,1,21,21,3,4,2021,0,0,0
2021-01-22 00:00:00,101.9,100.0,19.5,1,22,22,3,5,2021,1,0,0
2021-01-22 01:00:00,93.8,100.0,19.2,1,22,22,3,5,2021,1,0,0
2021-01-22 02:00:00,82.9,100.0,19.1,1,22,22,3,5,2021,1,0,0
2021-01-22 03:00:00,78.3,100.0,18.9,1,22,22,3,5,2021,1,0,0
2021-01-22 04:00:00,77.7,100.0,18.7,1,22,22,3,5,2021,1,0,0
2021-01-22 05:00:00,79.0,100.0,18.3,1,22,22,3,5,2021,1,0,0
2021-01-22 06:00:00,70.0,100.0,18.7,1,22,22,3,5,2021,1,0,0
2021-01-22 07:00:00,69.0,100.0,18.7,1,22,22,3,5,2021,1,0,0
2021-01-22 08:00:00,70.8,100.0,19.1,1,22,22,3,5,2021,1,0,0
2021-01-22 09:00:00,73.8,99.6,19.9,1,22,22,3,5,2021,1,0,0
2021-01-22 10:00:00,78.2,94.6,21.3,1,22,22,3,5,2021,1,0,0
2021-01-22 11:00:00,75.7,89.9,22.2,1,22,22,3,5,2021,1,0,0
2021-01-22 12:00:00,75.9,90.5,22.2,1,22,22,3,5,2021,1,0,0
2021-01-22 13:00:00,71.7,85.6,23.1,1,22,22,3,5,2021,1,0,0
2021-01-22 14:00:00,64.4,84.1,23.1,1,22,22,3,5,2021,1,0,0
2021-01-22 15:00:00,60.9,83.4,23.2,1,22,22,3,5,2021,1,0,0
2021-01-22 16:00:00,57.6,84.0,23.1,1,22,22,3,5,2021,1,0,0
2021-01-22 17:00:00,54.2,83.8,22.9,1,22,22,3,5,2021,1,0,0
2021-01-22 18:00:00,55.8,86.5,22.3,1,22,22,3,5,2021,1,0,0
2021-01-22 19:00:00,60.3,91.2,21.6,1,22,22,3,5,2021,1,0,0
2021-01-22 20:00:00,66.7,94.5,21.2,1,22,22,3,5,2021,1,0,0
2021-01-22 21:00:00,70.7,96.2,20.9,1,22,22,3,5,2021,1,0,0
2021-01-22 22:00:00,68.4,96.7,20.6,1,22,22,3,5,2021,1,0,0
2021-01-22 23:00:00,69.8,97.5,20.4,1,22,22,3,5,2021,1,0,0
2021-01-23 00:00:00,75.3,99.9,19.9,1,23,23,3,6,2021,1,0,0
2021-01-23 01:00:00,79.3,100.0,19.6,1,23,23,3,6,2021,1,0,0
2021-01-23 02:00:00,72.6,100.0,19.5,1,23,23,3,6,2021,1,0,0
2021-01-23 03:00:00,71.0,100.0,19.3,1,23,23,3,6,2021,1,0,0
2021-01-23 04:00:00,69.8,100.0,19.2,1,23,23,3,6,2021,1,0,0
2021-01-23 05:00:00,75.5,100.0,18.7,1,23,23,3,6,2021,1,0,0
2021-01-23 06:00:00,78.9,100.0,18.5,1,23,23,3,6,2021,1,0,0
2021-01-23 07:00:00,81.9,100.0,18.5,1,23,23,3,6,2021,1,0,0
2021-01-23 08:00:00,78.8,100.0,18.6,1,23,23,3,6,2021,1,0,0
2021-01-23 09:00:00,75.0,100.0,18.9,1,23,23,3,6,2021,1,0,0
2021-01-23 10:00:00,66.1,99.0,20.0,1,23,23,3,6,2021,1,0,0
2021-01-23 11:00:00,66.6,96.6,20.6,1,23,23,3,6,2021,1,0,0
2021-01-23 12:00:00,64.1,87.7,22.4,1,23,23,3,6,2021,1,0,0
2021-01-23 13:00:00,62.5,82.5,23.1,1,23,23,3,6,2021,1,0,0
2021-01-23 14:00:00,63.9,80.6,23.7,1,23,23,3,6,2021,1,0,0
2021-01-23 15:00:00,65.8,80.3,24.0,1,23,23,3,6,2021,1,0,0
2021-01-23 16:00:00,68.5,80.1,24.1,1,23,23,3,6,2021,1,0,0
2021-01-23 17:00:00,69.1,81.0,23.9,1,23,23,3,6,2021,1,0,0
2021-01-23 18:00:00,75.6,83.8,23.5,1,23,23,3,6,2021,1,0,0
2021-01-23 19:00:00,81.0,86.7,23.0,1,23,23,3,6,2021,1,0,0
2021-01-23 20:00:00,87.1,92.1,22.1,1,23,23,3,6,2021,1,0,0
2021-01-23 21:00:00,72.6,92.7,21.8,1,23,23,3,6,2021,1,0,0
2021-01-23 22:00:00,60.5,91.3,21.5,1,23,23,3,6,2021,1,0,0
2021-01-23 23:00:00,61.1,90.9,21.4,1,23,23,3,6,2021,1,0,0
2021-01-24 00:00:00,57.8,90.3,21.1,1,24,24,3,7,2021,1,0,0
2021-01-24 01:00:00,52.7,91.1,20.6,1,24,24,3,7,2021,1,0,0
2021-01-24 02:00:00,62.1,99.6,19.7,1,24,24,3,7,2021,1,0,0
2021-01-24 03:00:00,67.0,100.0,19.2,1,24,24,3,7,2021,1,0,0
2021-01-24 04:00:00,67.3,100.0,18.7,1,24,24,3,7,2021,1,0,0
2021-01-24 05:00:00,69.0,100.0,18.6,1,24,24,3,7,2021,1,0,0
2021-01-24 06:00:00,72.6,100.0,18.1,1,24,24,3,7,2021,1,0,0
2021-01-24 07:00:00,71.9,100.0,18.2,1,24,24,3,7,2021,1,0,0
2021-01-24 08:00:00,75.6,100.0,18.3,1,24,24,3,7,2021,1,0,0
2021-01-24 09:00:00,85.2,100.0,18.7,1,24,24,3,7,2021,1,0,0
2021-01-24 10:00:00,86.8,100.0,20.2,1,24,24,3,7,2021,1,0,0
2021-01-24 11:00:00,83.9,97.0,21.8,1,24,24,3,7,2021,1,0,0
2021-01-24 12:00:00,68.9,88.5,23.1,1,24,24,3,7,2021,1,0,0
2021-01-24 13:00:00,64.3,85.0,24.2,1,24,24,3,7,2021,1,0,0
2021-01-24 14:00:00,59.3,83.3,24.7,1,24,24,3,7,2021,1,0,0
2021-01-24 15:00:00,57.7,83.4,24.8,1,24,24,3,7,2021,1,0,0
2021-01-24 16:00:00,55.1,82.8,24.8,1,24,24,3,7,2021,1,0,0
2021-01-24 17:00:00,49.7,84.6,24.6,1,24,24,3,7,2021,1,0,0
2021-01-24 18:00:00,45.9,88.0,24.0,1,24,24,3,7,2021,1,0,0
2021-01-24 19:00:00,44.4,93.0,23.2,1,24,24,3,7,2021,1,0,0
2021-01-24 20:00:00,46.8,98.8,22.4,1,24,24,3,7,2021,1,0,0
2021-01-24 21:00:00,56.4,100.0,21.9,1,24,24,3,7,2021,1,0,0
2021-01-24 22:00:00,59.3,100.0,21.9,1,24,24,3,7,2021,1,0,0
2021-01-24 23:00:00,58.4,100.0,21.6,1,24,24,3,7,2021,1,0,0
2021-01-25 00:00:00,56.1,100.0,21.3,1,25,25,4,1,2021,0,0,0
2021-01-25 01:00:00,53.7,100.0,21.0,1,25,25,4,1,2021,0,0,0
2021-01-25 02:00:00,52.7,100.0,21.1,1,25,25,4,1,2021,0,0,0
2021-01-25 03:00:00,54.2,100.0,20.9,1,25,25,4,1,2021,0,0,0
2021-01-25 04:00:00,53.1,100.0,20.7,1,25,25,4,1,2021,0,0,0
2021-01-25 05:00:00,53.0,100.0,20.7,1,25,25,4,1,2021,0,0,0
2021-01-25 06:00:00,52.1,100.0,20.7,1,25,25,4,1,2021,0,0,0
2021-01-25 07:00:00,52.2,100.0,20.9,1,25,25,4,1,2021,0,0,0
2021-01-25 08:00:00,51.5,100.0,21.4,1,25,25,4,1,2021,0,0,0
2021-01-25 09:00:00,46.9,100.0,21.7,1,25,25,4,1,2021,0,0,0
2021-01-25 10:00:00,44.8,100.0,22.0,1,25,25,4,1,2021,0,0,0
2021-01-25 11:00:00,47.4,100.0,22.3,1,25,25,4,1,2021,0,0,0
2021-01-25 12:00:00,48.7,100.0,22.6,1,25,25,4,1,2021,0,0,0
2021-01-25 13:00:00,47.0,100.0,22.9,1,25,25,4,1,2021,0,0,0
2021-01-25 14:00:00,45.4,100.0,22.4,1,25,25,4,1,2021,0,0,0
2021-01-25 15:00:00,46.8,100.0,21.8,1,25,25,4,1,2021,0,0,0
2021-01-25 16:00:00,47.1,100.0,22.3,1,25,25,4,1,2021,0,0,0
2021-01-25 17:00:00,45.5,100.0,22.4,1,25,25,4,1,2021,0,0,0
2021-01-25 18:00:00,43.9,100.0,22.1,1,25,25,4,1,2021,0,0,0
2021-01-25 19:00:00,42.6,100.0,22.1,1,25,25,4,1,2021,0,0,0
2021-01-25 20:00:00,40.9,100.0,22.2,1,25,25,4,1,2021,0,0,0
2021-01-25 21:00:00,42.7,100.0,22.2,1,25,25,4,1,2021,0,0,0
2021-01-25 22:00:00,38.9,100.0,22.0,1,25,25,4,1,2021,0,0,0
2021-01-25 23:00:00,35.7,100.0,21.7,1,25,25,4,1,2021,0,0,0
2021-01-26 00:00:00,34.1,100.0,21.5,1,26,26,4,2,2021,0,0,0
2021-01-26 01:00:00,33.3,100.0,21.3,1,26,26,4,2,2021,0,0,0
2021-01-26 02:00:00,35.3,100.0,21.1,1,26,26,4,2,2021,0,0,0
2021-01-26 03:00:00,34.8,100.0,21.0,1,26,26,4,2,2021,0,0,0
2021-01-26 04:00:00,34.2,100.0,20.9,1,26,26,4,2,2021,0,0,0
2021-01-26 05:00:00,34.6,100.0,20.9,1,26,26,4,2,2021,0,0,0
2021-01-26 06:00:00,34.5,100.0,21.0,1,26,26,4,2,2021,0,0,0
2021-01-26 07:00:00,36.7,100.0,21.1,1,26,26,4,2,2021,0,0,0
2021-01-26 08:00:00,38.6,100.0,21.6,1,26,26,4,2,2021,0,0,0
2021-01-26 09:00:00,38.4,100.0,22.1,1,26,26,4,2,2021,0,0,0
2021-01-26 10:00:00,40.1,100.0,22.6,1,26,26,4,2,2021,0,0,0
2021-01-26 11:00:00,43.0,100.0,23.3,1,26,26,4,2,2021,0,0,0
2021-01-26 12:00:00,37.5,98.7,23.5,1,26,26,4,2,2021,0,0,0
2021-01-26 13:00:00,38.5,95.0,24.2,1,26,26,4,2,2021,0,0,0
2021-01-26 14:00:00,38.5,92.6,24.6,1,26,26,4,2,2021,0,0,0
2021-01-26 15:00:00,43.4,92.2,24.6,1,26,26,4,2,2021,0,0,0
2021-01-26 16:00:00,42.5,92.6,24.6,1,26,26,4,2,2021,0,0,0
2021-01-26 17:00:00,41.4,94.5,24.3,1,26,26,4,2,2021,0,0,0
2021-01-26 18:00:00,40.9,97.1,23.7,1,26,26,4,2,2021,0,0,0
2021-01-26 19:00:00,41.0,100.0,22.8,1,26,26,4,2,2021,0,0,0
2021-01-26 20:00:00,40.8,100.0,22.3,1,26,26,4,2,2021,0,0,0
2021-01-26 21:00:00,41.7,100.0,22.0,1,26,26,4,2,2021,0,0,0
2021-01-26 22:00:00,42.2,100.0,21.5,1,26,26,4,2,2021,0,0,0
2021-01-26 23:00:00,40.3,100.0,21.0,1,26,26,4,2,2021,0,0,0
2021-01-27 00:00:00,39.6,100.0,20.7,1,27,27,4,3,2021,0,0,0
2021-01-27 01:00:00,37.4,100.0,20.4,1,27,27,4,3,2021,0,0,0
2021-01-27 02:00:00,35.4,100.0,20.1,1,27,27,4,3,2021,0,0,0
2021-01-27 03:00:00,33.2,100.0,19.9,1,27,27,4,3,2021,0,0,0
2021-01-27 04:00:00,33.9,100.0,19.9,1,27,27,4,3,2021,0,0,0
2021-01-27 05:00:00,33.4,100.0,19.9,1,27,27,4,3,2021,0,0,0
2021-01-27 06:00:00,33.9,100.0,19.8,1,27,27,4,3,2021,0,0,0
2021-01-27 07:00:00,34.7,100.0,19.8,1,27,27,4,3,2021,0,0,0
2021-01-27 08:00:00,38.8,100.0,20.2,1,27,27,4,3,2021,0,0,0
2021-01-27 09:00:00,34.6,100.0,20.6,1,27,27,4,3,2021,0,0,0
2021-01-27 10:00:00,29.8,100.0,21.0,1,27,27,4,3,2021,0,0,0
2021-01-27 11:00:00,30.7,97.7,22.0,1,27,27,4,3,2021,0,0,0
2021-01-27 12:00:00,29.7,90.1,23.7,1,27,27,4,3,2021,0,0,0
2021-01-27 13:00:00,30.4,88.9,23.8,1,27,27,4,3,2021,0,0,0
2021-01-27 14:00:00,33.0,88.5,24.0,1,27,27,4,3,2021,0,0,0
2021-01-27 15:00:00,34.1,85.3,24.6,1,27,27,4,3,2021,0,0,0
2021-01-27 16:00:00,34.6,84.6,24.6,1,27,27,4,3,2021,0,0,0
2021-01-27 17:00:00,47.92669639671784,88.37511055336446,26.37755945978244,1,27,27,4,3,2021,0,0,0
2021-01-27 18:00:00,47.92669639671784,88.37511055336446,26.37755945978244,1,27,27,4,3,2021,0,0,0
2021-01-27 19:00:00,47.92669639671784,88.37511055336446,26.37755945978244,1,27,27,4,3,2021,0,0,0
2021-01-27 20:00:00,47.92669639671784,88.37511055336446,26.37755945978244,1,27,27,4,3,2021,0,0,0
2021-01-27 21:00:00,47.92669639671784,88.37511055336446,26.37755945978244,1,27,27,4,3,2021,0,0,0
2021-01-27 22:00:00,47.92669639671784,88.37511055336446,26.37755945978244,1,27,27,4,3,2021,0,0,0
2021-01-27 23:00:00,47.92669639671784,88.37511055336446,26.37755945978244,1,27,27,4,3,2021,0,0,0
2021-01-28 00:00:00,47.92669639671784,88.37511055336446,26.37755945978244,1,28,28,4,4,2021,0,0,0
2021-01-28 01:00:00,47.92669639671784,88.37511055336446,26.37755945978244,1,28,28,4,4,2021,0,0,0
2021-01-28 02:00:00,47.92669639671784,88.37511055336446,26.37755945978244,1,28,28,4,4,2021,0,0,0
2021-01-28 03:00:00,47.92669639671784,88.37511055336446,26.37755945978244,1,28,28,4,4,2021,0,0,0
2021-01-28 04:00:00,47.92669639671784,88.37511055336446,26.37755945978244,1,28,28,4,4,2021,0,0,0
2021-01-28 05:00:00,47.92669639671784,88.37511055336446,26.37755945978244,1,28,28,4,4,2021,0,0,0
2021-01-28 06:00:00,47.92669639671784,88.37511055336446,26.37755945978244,1,28,28,4,4,2021,0,0,0
2021-01-28 07:00:00,47.92669639671784,88.37511055336446,26.37755945978244,1,28,28,4,4,2021,0,0,0
2021-01-28 08:00:00,47.92669639671784,88.37511055336446,26.37755945978244,1,28,28,4,4,2021,0,0,0
2021-01-28 09:00:00,47.92669639671784,88.37511055336446,26.37755945978244,1,28,28,4,4,2021,0,0,0
2021-01-28 10:00:00,47.92669639671784,88.37511055336446,26.37755945978244,1,28,28,4,4,2021,0,0,0
2021-01-28 11:00:00,47.92669639671784,88.37511055336446,26.37755945978244,1,28,28,4,4,2021,0,0,0
2021-01-28 12:00:00,47.92669639671784,88.37511055336446,26.37755945978244,1,28,28,4,4,2021,0,0,0
2021-01-28 13:00:00,47.92669639671784,88.37511055336446,26.37755945978244,1,28,28,4,4,2021,0,0,0
2021-01-28 14:00:00,47.92669639671784,88.37511055336446,26.37755945978244,1,28,28,4,4,2021,0,0,0
2021-01-28 15:00:00,47.92669639671784,88.37511055336446,26.37755945978244,1,28,28,4,4,2021,0,0,0
2021-01-28 16:00:00,47.92669639671784,88.37511055336446,26.37755945978244,1,28,28,4,4,2021,0,0,0
2021-01-28 17:00:00,47.92669639671784,88.37511055336446,26.37755945978244,1,28,28,4,4,2021,0,0,0
2021-01-28 18:00:00,29.7,69.4,18.3,1,28,28,4,4,2021,0,0,0
2021-01-28 19:00:00,42.5,70.0,18.4,1,28,28,4,4,2021,0,0,0
2021-01-28 20:00:00,58.9,75.3,18.2,1,28,28,4,4,2021,0,0,0
2021-01-28 21:00:00,65.3,83.2,17.8,1,28,28,4,4,2021,0,0,0
2021-01-28 22:00:00,75.3,90.3,17.3,1,28,28,4,4,2021,0,0,0
2021-01-28 23:00:00,73.3,93.1,17.1,1,28,28,4,4,2021,0,0,0
2021-01-29 00:00:00,69.6,91.4,17.1,1,29,29,4,5,2021,1,0,0
2021-01-29 01:00:00,75.5,91.0,17.0,1,29,29,4,5,2021,1,0,0
2021-01-29 02:00:00,65.6,88.4,17.0,1,29,29,4,5,2021,1,0,0
2021-01-29 03:00:00,69.6,91.2,16.8,1,29,29,4,5,2021,1,0,0
2021-01-29 04:00:00,78.8,86.2,16.8,1,29,29,4,5,2021,1,0,0
2021-01-29 05:00:00,101.6,80.3,16.9,1,29,29,4,5,2021,1,0,0
2021-01-29 06:00:00,113.8,75.9,17.0,1,29,29,4,5,2021,1,0,0
2021-01-29 07:00:00,70.0,77.0,17.1,1,29,29,4,5,2021,1,0,0
2021-01-29 08:00:00,47.92669639671784,88.37511055336446,26.37755945978244,1,29,29,4,5,2021,1,0,0
2021-01-29 09:00:00,47.92669639671784,88.37511055336446,26.37755945978244,1,29,29,4,5,2021,1,0,0
2021-01-29 10:00:00,47.92669639671784,88.37511055336446,26.37755945978244,1,29,29,4,5,2021,1,0,0
2021-01-29 11:00:00,47.92669639671784,88.37511055336446,26.37755945978244,1,29,29,4,5,2021,1,0,0
2021-01-29 12:00:00,70.2,66.6,18.9,1,29,29,4,5,2021,1,0,0
2021-01-29 13:00:00,92.3,67.3,19.9,1,29,29,4,5,2021,1,0,0
2021-01-29 14:00:00,85.7,67.3,20.3,1,29,29,4,5,2021,1,0,0
2021-01-29 15:00:00,99.0,68.4,20.3,1,29,29,4,5,2021,1,0,0
2021-01-29 16:00:00,116.5,71.6,20.3,1,29,29,4,5,2021,1,0,0
2021-01-29 17:00:00,123.4,74.7,20.1,1,29,29,4,5,2021,1,0,0
2021-01-29 18:00:00,139.2,78.0,19.6,1,29,29,4,5,2021,1,0,0
2021-01-29 19:00:00,113.8,81.5,18.6,1,29,29,4,5,2021,1,0,0
2021-01-29 20:00:00,102.6,80.7,18.4,1,29,29,4,5,2021,1,0,0
2021-01-29 21:00:00,130.6,82.3,18.1,1,29,29,4,5,2021,1,0,0
2021-01-29 22:00:00,119.7,83.2,17.9,1,29,29,4,5,2021,1,0,0
2021-01-29 23:00:00,132.3,84.9,17.6,1,29,29,4,5,2021,1,0,0
2021-01-30 00:00:00,139.3,86.3,17.5,1,30,30,4,6,2021,1,0,0
2021-01-30 01:00:00,141.5,87.1,17.5,1,30,30,4,6,2021,1,0,0
2021-01-30 02:00:00,133.8,87.0,17.4,1,30,30,4,6,2021,1,0,0
2021-01-30 03:00:00,136.2,90.4,17.1,1,30,30,4,6,2021,1,0,0
2021-01-30 04:00:00,139.2,93.0,16.8,1,30,30,4,6,2021,1,0,0
2021-01-30 05:00:00,141.8,94.7,16.7,1,30,30,4,6,2021,1,0,0
2021-01-30 06:00:00,123.1,93.8,16.8,1,30,30,4,6,2021,1,0,0
2021-01-30 07:00:00,107.2,93.0,16.9,1,30,30,4,6,2021,1,0,0
2021-01-30 08:00:00,129.2,95.1,16.9,1,30,30,4,6,2021,1,0,0
2021-01-30 09:00:00,157.4,92.9,17.1,1,30,30,4,6,2021,1,0,0
2021-01-30 10:00:00,120.8,88.8,17.3,1,30,30,4,6,2021,1,0,0
2021-01-30 11:00:00,115.0,86.7,17.8,1,30,30,4,6,2021,1,0,0
2021-01-30 12:00:00,116.1,85.1,18.5,1,30,30,4,6,2021,1,0,0
2021-01-30 13:00:00,125.2,86.0,18.6,1,30,30,4,6,2021,1,0,0
2021-01-30 14:00:00,129.6,85.7,18.8,1,30,30,4,6,2021,1,0,0
2021-01-30 15:00:00,136.8,85.9,18.7,1,30,30,4,6,2021,1,0,0
2021-01-30 16:00:00,159.5,86.0,18.5,1,30,30,4,6,2021,1,0,0
2021-01-30 17:00:00,197.9,95.8,17.5,1,30,30,4,6,2021,1,0,0
2021-01-30 18:00:00,222.0,99.6,17.5,1,30,30,4,6,2021,1,0,0
2021-01-30 19:00:00,206.8,97.1,17.8,1,30,30,4,6,2021,1,0,0
2021-01-30 20:00:00,213.5,94.9,18.0,1,30,30,4,6,2021,1,0,0
2021-01-30 21:00:00,227.7,94.6,18.1,1,30,30,4,6,2021,1,0,0
2021-01-30 22:00:00,218.1,95.2,18.2,1,30,30,4,6,2021,1,0,0
2021-01-30 23:00:00,219.6,96.4,18.2,1,30,30,4,6,2021,1,0,0
2021-01-31 00:00:00,201.8,97.5,18.0,1,31,31,4,7,2021,1,0,1
2021-01-31 01:00:00,196.3,97.8,17.9,1,31,31,4,7,2021,1,0,1
2021-01-31 02:00:00,209.3,99.5,17.7,1,31,31,4,7,2021,1,0,1
2021-01-31 03:00:00,182.6,99.3,17.6,1,31,31,4,7,2021,1,0,1
2021-01-31 04:00:00,160.3,98.9,17.6,1,31,31,4,7,2021,1,0,1
2021-01-31 05:00:00,146.3,98.0,17.5,1,31,31,4,7,2021,1,0,1
2021-01-31 06:00:00,139.3,98.1,17.6,1,31,31,4,7,2021,1,0,1
2021-01-31 07:00:00,121.5,97.0,18.0,1,31,31,4,7,2021,1,0,1
2021-01-31 08:00:00,100.8,95.0,18.3,1,31,31,4,7,2021,1,0,1
2021-01-31 09:00:00,110.8,96.0,18.3,1,31,31,4,7,2021,1,0,1
2021-01-31 10:00:00,124.9,96.2,18.5,1,31,31,4,7,2021,1,0,1
2021-01-31 11:00:00,114.6,95.9,18.6,1,31,31,4,7,2021,1,0,1
2021-01-31 12:00:00,131.3,96.0,18.8,1,31,31,4,7,2021,1,0,1
2021-01-31 13:00:00,149.9,95.8,19.1,1,31,31,4,7,2021,1,0,1
2021-01-31 14:00:00,176.9,88.37511055336446,26.37755945978244,1,31,31,4,7,2021,1,0,1
2021-01-31 15:00:00,232.9,88.37511055336446,26.37755945978244,1,31,31,4,7,2021,1,0,1
2021-01-31 16:00:00,228.2,88.37511055336446,26.37755945978244,1,31,31,4,7,2021,1,0,1
2021-01-31 17:00:00,167.5,88.37511055336446,26.37755945978244,1,31,31,4,7,2021,1,0,1
2021-01-31 18:00:00,105.0,88.37511055336446,26.37755945978244,1,31,31,4,7,2021,1,0,1
2021-01-31 19:00:00,84.8,88.37511055336446,26.37755945978244,1,31,31,4,7,2021,1,0,1
2021-01-31 20:00:00,69.8,88.37511055336446,26.37755945978244,1,31,31,4,7,2021,1,0,1
2021-01-31 21:00:00,67.5,99.5,19.1,1,31,31,4,7,2021,1,0,1
2021-01-31 22:00:00,66.2,99.5,19.0,1,31,31,4,7,2021,1,0,1
2021-01-31 23:00:00,57.0,88.37511055336446,26.37755945978244,1,31,31,4,7,2021,1,0,1
2021-01-02 00:00:00,59.1,88.37511055336446,26.37755945978244,1,2,2,53,6,2021,1,0,0
2021-01-02 01:00:00,50.2,88.37511055336446,26.37755945978244,1,2,2,53,6,2021,1,0,0
2021-01-02 02:00:00,51.1,88.37511055336446,26.37755945978244,1,2,2,53,6,2021,1,0,0
2021-01-02 03:00:00,53.7,88.37511055336446,26.37755945978244,1,2,2,53,6,2021,1,0,0
2021-01-02 04:00:00,52.6,88.37511055336446,26.37755945978244,1,2,2,53,6,2021,1,0,0
2021-01-02 05:00:00,59.3,88.37511055336446,26.37755945978244,1,2,2,53,6,2021,1,0,0
2021-01-02 06:00:00,70.2,88.37511055336446,26.37755945978244,1,2,2,53,6,2021,1,0,0
2021-01-02 07:00:00,77.8,88.37511055336446,26.37755945978244,1,2,2,53,6,2021,1,0,0
2021-01-02 08:00:00,76.6,88.37511055336446,26.37755945978244,1,2,2,53,6,2021,1,0,0
2021-01-02 09:00:00,62.3,96.6,19.4,1,2,2,53,6,2021,1,0,0
2021-01-02 10:00:00,65.6,92.8,20.3,1,2,2,53,6,2021,1,0,0
2021-01-02 11:00:00,85.9,90.3,20.8,1,2,2,53,6,2021,1,0,0
2021-01-02 12:00:00,85.4,87.0,21.5,1,2,2,53,6,2021,1,0,0
2021-01-02 13:00:00,66.1,86.2,21.6,1,2,2,53,6,2021,1,0,0
2021-01-02 14:00:00,59.7,84.7,21.8,1,2,2,53,6,2021,1,0,0
2021-01-02 15:00:00,66.5,83.7,22.1,1,2,2,53,6,2021,1,0,0
2021-01-02 16:00:00,78.7,85.4,22.0,1,2,2,53,6,2021,1,0,0
2021-01-02 17:00:00,81.2,86.9,21.9,1,2,2,53,6,2021,1,0,0
2021-01-02 18:00:00,82.9,89.1,21.7,1,2,2,53,6,2021,1,0,0
2021-01-02 19:00:00,77.7,93.6,21.1,1,2,2,53,6,2021,1,0,0
2021-01-02 20:00:00,66.3,95.9,20.5,1,2,2,53,6,2021,1,0,0
2021-01-02 21:00:00,58.7,99.2,19.7,1,2,2,53,6,2021,1,0,0
2021-01-02 22:00:00,58.8,88.37511055336446,26.37755945978244,1,2,2,53,6,2021,1,0,0
2021-01-02 23:00:00,71.4,88.37511055336446,26.37755945978244,1,2,2,53,6,2021,1,0,0
2021-02-02 00:00:00,79.2,88.37511055336446,26.37755945978244,2,2,33,5,2,2021,0,0,0
2021-02-02 01:00:00,75.1,88.37511055336446,26.37755945978244,2,2,33,5,2,2021,0,0,0
2021-02-02 02:00:00,72.5,88.37511055336446,26.37755945978244,2,2,33,5,2,2021,0,0,0
2021-02-02 03:00:00,83.2,88.37511055336446,26.37755945978244,2,2,33,5,2,2021,0,0,0
2021-02-02 04:00:00,66.6,88.37511055336446,26.37755945978244,2,2,33,5,2,2021,0,0,0
2021-02-02 05:00:00,60.3,88.37511055336446,26.37755945978244,2,2,33,5,2,2021,0,0,0
2021-02-02 06:00:00,63.3,88.37511055336446,26.37755945978244,2,2,33,5,2,2021,0,0,0
2021-02-02 07:00:00,48.4,88.37511055336446,26.37755945978244,2,2,33,5,2,2021,0,0,0
2021-02-02 08:00:00,47.8,88.37511055336446,26.37755945978244,2,2,33,5,2,2021,0,0,0
2021-02-02 09:00:00,51.6,88.37511055336446,26.37755945978244,2,2,33,5,2,2021,0,0,0
2021-02-02 10:00:00,61.4,88.37511055336446,26.37755945978244,2,2,33,5,2,2021,0,0,0
2021-02-02 11:00:00,57.7,94.5,20.3,2,2,33,5,2,2021,0,0,0
2021-02-02 12:00:00,41.2,90.3,21.0,2,2,33,5,2,2021,0,0,0
2021-02-02 13:00:00,51.5,88.6,21.5,2,2,33,5,2,2021,0,0,0
2021-02-02 14:00:00,64.7,89.1,21.6,2,2,33,5,2,2021,0,0,0
2021-02-02 15:00:00,71.7,87.8,21.8,2,2,33,5,2,2021,0,0,0
2021-02-02 16:00:00,73.1,89.4,21.5,2,2,33,5,2,2021,0,0,0
2021-02-02 17:00:00,86.2,89.6,21.5,2,2,33,5,2,2021,0,0,0
2021-02-02 18:00:00,92.5,90.2,21.5,2,2,33,5,2,2021,0,0,0
2021-02-02 19:00:00,84.8,91.4,21.2,2,2,33,5,2,2021,0,0,0
2021-02-02 20:00:00,84.8,93.4,20.7,2,2,33,5,2,2021,0,0,0
2021-02-02 21:00:00,81.0,93.6,20.6,2,2,33,5,2,2021,0,0,0
2021-02-02 22:00:00,95.8,94.6,20.4,2,2,33,5,2,2021,0,0,0
2021-02-02 23:00:00,151.4,88.37511055336446,26.37755945978244,2,2,33,5,2,2021,0,0,0
2021-03-02 00:00:00,140.3,88.37511055336446,26.37755945978244,3,2,61,9,2,2021,0,0,0
2021-03-02 01:00:00,118.1,88.37511055336446,26.37755945978244,3,2,61,9,2,2021,0,0,0
2021-03-02 02:00:00,92.7,88.37511055336446,26.37755945978244,3,2,61,9,2,2021,0,0,0
2021-03-02 03:00:00,99.1,88.37511055336446,26.37755945978244,3,2,61,9,2,2021,0,0,0
2021-03-02 04:00:00,117.7,88.37511055336446,26.37755945978244,3,2,61,9,2,2021,0,0,0
2021-03-02 05:00:00,115.1,88.37511055336446,26.37755945978244,3,2,61,9,2,2021,0,0,0
2021-03-02 06:00:00,146.5,88.37511055336446,26.37755945978244,3,2,61,9,2,2021,0,0,0
2021-03-02 07:00:00,149.5,88.37511055336446,26.37755945978244,3,2,61,9,2,2021,0,0,0
2021-03-02 08:00:00,94.3,88.37511055336446,26.37755945978244,3,2,61,9,2,2021,0,0,0
2021-03-02 09:00:00,64.1,88.37511055336446,26.37755945978244,3,2,61,9,2,2021,0,0,0
2021-03-02 10:00:00,53.6,89.9,20.5,3,2,61,9,2,2021,0,0,0
2021-03-02 11:00:00,60.8,79.9,22.1,3,2,61,9,2,2021,0,0,0
2021-03-02 12:00:00,61.8,74.2,23.4,3,2,61,9,2,2021,0,0,0
2021-03-02 13:00:00,72.9,69.6,24.1,3,2,61,9,2,2021,0,0,0
2021-03-02 14:00:00,72.1,66.1,24.9,3,2,61,9,2,2021,0,0,0
2021-03-02 15:00:00,48.7,66.8,25.0,3,2,61,9,2,2021,0,0,0
2021-03-02 16:00:00,51.5,66.7,24.9,3,2,61,9,2,2021,0,0,0
2021-03-02 17:00:00,52.4,67.2,24.6,3,2,61,9,2,2021,0,0,0
2021-03-02 18:00:00,53.4,72.0,24.0,3,2,61,9,2,2021,0,0,0
2021-03-02 19:00:00,55.5,81.3,22.5,3,2,61,9,2,2021,0,0,0
2021-03-02 20:00:00,56.7,87.3,21.5,3,2,61,9,2,2021,0,0,0
2021-03-02 21:00:00,52.6,89.4,20.8,3,2,61,9,2,2021,0,0,0
2021-03-02 22:00:00,48.5,89.5,20.6,3,2,61,9,2,2021,0,0,0
2021-03-02 23:00:00,48.8,90.3,20.3,3,2,61,9,2,2021,0,0,0
2021-04-02 00:00:00,52.6,90.0,20.2,4,2,92,13,5,2021,1,0,0
2021-04-02 01:00:00,51.0,91.0,20.1,4,2,92,13,5,2021,1,0,0
2021-04-02 02:00:00,53.9,91.3,20.1,4,2,92,13,5,2021,1,0,0
2021-04-02 03:00:00,60.3,91.4,20.0,4,2,92,13,5,2021,1,0,0
2021-04-02 04:00:00,65.7,91.5,20.0,4,2,92,13,5,2021,1,0,0
2021-04-02 05:00:00,65.6,92.3,19.9,4,2,92,13,5,2021,1,0,0
2021-04-02 06:00:00,70.4,92.9,19.9,4,2,92,13,5,2021,1,0,0
2021-04-02 07:00:00,89.9,94.6,19.8,4,2,92,13,5,2021,1,0,0
2021-04-02 08:00:00,89.6,95.2,19.9,4,2,92,13,5,2021,1,0,0
2021-04-02 09:00:00,140.0,99.0,19.8,4,2,92,13,5,2021,1,0,0
2021-04-02 10:00:00,121.3,97.0,20.2,4,2,92,13,5,2021,1,0,0
2021-04-02 11:00:00,82.4,87.8,21.3,4,2,92,13,5,2021,1,0,0
2021-04-02 12:00:00,61.8,82.5,22.1,4,2,92,13,5,2021,1,0,0
2021-04-02 13:00:00,50.6,78.8,22.8,4,2,92,13,5,2021,1,0,0
2021-04-02 14:00:00,45.4,78.2,22.7,4,2,92,13,5,2021,1,0,0
2021-04-02 15:00:00,43.9,76.0,23.1,4,2,92,13,5,2021,1,0,0
2021-04-02 16:00:00,44.8,71.4,23.9,4,2,92,13,5,2021,1,0,0
2021-04-02 17:00:00,46.6,72.9,23.7,4,2,92,13,5,2021,1,0,0
2021-04-02 18:00:00,54.1,75.0,23.3,4,2,92,13,5,2021,1,0,0
2021-04-02 19:00:00,68.2,79.6,22.7,4,2,92,13,5,2021,1,0,0
2021-04-02 20:00:00,108.1,85.4,21.7,4,2,92,13,5,2021,1,0,0
2021-04-02 21:00:00,140.2,87.1,21.4,4,2,92,13,5,2021,1,0,0
2021-04-02 22:00:00,93.1,88.1,21.2,4,2,92,13,5,2021,1,0,0
2021-04-02 23:00:00,73.9,89.1,21.1,4,2,92,13,5,2021,1,0,0
2021-05-02 00:00:00,95.3,93.2,20.5,5,2,122,17,7,2021,1,0,0
2021-05-02 01:00:00,96.2,94.1,20.2,5,2,122,17,7,2021,1,0,0
2021-05-02 02:00:00,77.5,93.2,20.1,5,2,122,17,7,2021,1,0,0
2021-05-02 03:00:00,61.8,92.8,20.0,5,2,122,17,7,2021,1,0,0
2021-05-02 04:00:00,52.1,92.3,19.9,5,2,122,17,7,2021,1,0,0
2021-05-02 05:00:00,89.2,95.5,19.7,5,2,122,17,7,2021,1,0,0
2021-05-02 06:00:00,103.3,95.1,19.8,5,2,122,17,7,2021,1,0,0
2021-05-02 07:00:00,123.0,96.2,19.7,5,2,122,17,7,2021,1,0,0
2021-05-02 08:00:00,144.2,96.6,19.7,5,2,122,17,7,2021,1,0,0
2021-05-02 09:00:00,85.0,89.5,20.8,5,2,122,17,7,2021,1,0,0
2021-05-02 10:00:00,45.1,81.8,21.8,5,2,122,17,7,2021,1,0,0
2021-05-02 11:00:00,44.6,78.2,22.5,5,2,122,17,7,2021,1,0,0
2021-05-02 12:00:00,46.1,74.5,23.3,5,2,122,17,7,2021,1,0,0
2021-05-02 13:00:00,43.9,68.8,24.5,5,2,122,17,7,2021,1,0,0
2021-05-02 14:00:00,38.8,65.4,24.9,5,2,122,17,7,2021,1,0,0
2021-05-02 15:00:00,41.1,65.9,24.9,5,2,122,17,7,2021,1,0,0
2021-05-02 16:00:00,41.2,66.5,24.8,5,2,122,17,7,2021,1,0,0
2021-05-02 17:00:00,37.8,67.6,24.6,5,2,122,17,7,2021,1,0,0
2021-05-02 18:00:00,44.1,70.4,24.2,5,2,122,17,7,2021,1,0,0
2021-05-02 19:00:00,55.4,74.3,23.6,5,2,122,17,7,2021,1,0,0
2021-05-02 20:00:00,59.7,80.6,22.6,5,2,122,17,7,2021,1,0,0
2021-05-02 21:00:00,57.4,83.4,22.0,5,2,122,17,7,2021,1,0,0
2021-05-02 22:00:00,70.8,85.0,21.3,5,2,122,17,7,2021,1,0,0
2021-05-02 23:00:00,65.3,86.8,20.8,5,2,122,17,7,2021,1,0,0
2021-06-02 00:00:00,54.6,89.2,20.3,6,2,153,22,3,2021,0,0,0
2021-06-02 01:00:00,57.1,90.4,20.1,6,2,153,22,3,2021,0,0,0
2021-06-02 02:00:00,70.8,92.3,20.0,6,2,153,22,3,2021,0,0,0
2021-06-02 03:00:00,85.4,94.7,19.7,6,2,153,22,3,2021,0,0,0
2021-06-02 04:00:00,98.9,96.2,19.6,6,2,153,22,3,2021,0,0,0
2021-06-02 05:00:00,124.5,97.9,19.2,6,2,153,22,3,2021,0,0,0
2021-06-02 06:00:00,144.9,100.0,18.5,6,2,153,22,3,2021,0,0,0
2021-06-02 07:00:00,146.0,100.0,18.6,6,2,153,22,3,2021,0,0,0
2021-06-02 08:00:00,113.9,97.0,19.2,6,2,153,22,3,2021,0,0,0
2021-06-02 09:00:00,87.6,91.9,19.7,6,2,153,22,3,2021,0,0,0
2021-06-02 10:00:00,71.5,86.5,20.3,6,2,153,22,3,2021,0,0,0
2021-06-02 11:00:00,67.9,82.4,21.2,6,2,153,22,3,2021,0,0,0
2021-06-02 12:00:00,61.2,77.0,22.2,6,2,153,22,3,2021,0,0,0
2021-06-02 13:00:00,56.9,74.6,22.6,6,2,153,22,3,2021,0,0,0
2021-06-02 14:00:00,51.1,70.3,23.3,6,2,153,22,3,2021,0,0,0
2021-06-02 15:00:00,45.1,68.9,23.6,6,2,153,22,3,2021,0,0,0
2021-06-02 16:00:00,42.5,67.8,23.9,6,2,153,22,3,2021,0,0,0
2021-06-02 17:00:00,37.3,66.6,24.0,6,2,153,22,3,2021,0,0,0
2021-06-02 18:00:00,72.3,69.8,23.7,6,2,153,22,3,2021,0,0,0
2021-06-02 19:00:00,97.1,75.1,23.0,6,2,153,22,3,2021,0,0,0
2021-06-02 20:00:00,108.5,76.0,22.7,6,2,153,22,3,2021,0,0,0
2021-06-02 21:00:00,87.3,78.4,22.4,6,2,153,22,3,2021,0,0,0
2021-06-02 22:00:00,109.3,81.9,21.9,6,2,153,22,3,2021,0,0,0
2021-06-02 23:00:00,119.5,89.1,20.8,6,2,153,22,3,2021,0,0,0
2021-07-02 00:00:00,82.7,91.1,20.1,7,2,183,26,5,2021,1,0,0
2021-07-02 01:00:00,63.7,91.8,19.7,7,2,183,26,5,2021,1,0,0
2021-07-02 02:00:00,86.0,94.2,19.3,7,2,183,26,5,2021,1,0,0
2021-07-02 03:00:00,86.2,96.6,19.0,7,2,183,26,5,2021,1,0,0
2021-07-02 04:00:00,122.3,98.6,18.7,7,2,183,26,5,2021,1,0,0
2021-07-02 05:00:00,180.6,99.0,18.6,7,2,183,26,5,2021,1,0,0
2021-07-02 06:00:00,152.1,99.6,18.6,7,2,183,26,5,2021,1,0,0
2021-07-02 07:00:00,111.3,99.1,18.6,7,2,183,26,5,2021,1,0,0
2021-07-02 08:00:00,127.3,98.7,18.7,7,2,183,26,5,2021,1,0,0
2021-07-02 09:00:00,107.8,95.5,19.4,7,2,183,26,5,2021,1,0,0
2021-07-02 10:00:00,138.9,89.2,20.5,7,2,183,26,5,2021,1,0,0
2021-07-02 11:00:00,123.1,81.6,22.0,7,2,183,26,5,2021,1,0,0
2021-07-02 12:00:00,138.8,72.9,24.0,7,2,183,26,5,2021,1,0,0
2021-07-02 13:00:00,84.5,67.9,25.1,7,2,183,26,5,2021,1,0,0
2021-07-02 14:00:00,63.0,63.5,26.1,7,2,183,26,5,2021,1,0,0
2021-07-02 15:00:00,51.8,64.9,25.5,7,2,183,26,5,2021,1,0,0
2021-07-02 16:00:00,51.7,66.3,25.4,7,2,183,26,5,2021,1,0,0
2021-07-02 17:00:00,49.7,68.1,25.2,7,2,183,26,5,2021,1,0,0
2021-07-02 18:00:00,48.1,69.4,24.9,7,2,183,26,5,2021,1,0,0
2021-07-02 19:00:00,58.7,72.9,24.5,7,2,183,26,5,2021,1,0,0
2021-07-02 20:00:00,67.0,74.0,24.3,7,2,183,26,5,2021,1,0,0
2021-07-02 21:00:00,66.4,75.8,23.8,7,2,183,26,5,2021,1,0,0
2021-07-02 22:00:00,50.2,74.8,23.5,7,2,183,26,5,2021,1,0,0
2021-07-02 23:00:00,52.6,75.9,23.1,7,2,183,26,5,2021,1,0,0
2021-08-02 00:00:00,53.0,76.5,22.9,8,2,214,31,1,2021,0,0,0
2021-08-02 01:00:00,61.7,78.3,22.7,8,2,214,31,1,2021,0,0,0
2021-08-02 02:00:00,78.9,80.0,22.7,8,2,214,31,1,2021,0,0,0
2021-08-02 03:00:00,77.4,79.5,22.6,8,2,214,31,1,2021,0,0,0
2021-08-02 04:00:00,96.0,83.2,22.1,8,2,214,31,1,2021,0,0,0
2021-08-02 05:00:00,81.9,87.2,21.7,8,2,214,31,1,2021,0,0,0
2021-08-02 06:00:00,144.2,88.8,21.8,8,2,214,31,1,2021,0,0,0
2021-08-02 07:00:00,152.4,89.8,21.7,8,2,214,31,1,2021,0,0,0
2021-08-02 08:00:00,135.2,90.4,21.7,8,2,214,31,1,2021,0,0,0
2021-08-02 09:00:00,128.0,89.3,21.9,8,2,214,31,1,2021,0,0,0
2021-08-02 10:00:00,104.3,86.6,22.3,8,2,214,31,1,2021,0,0,0
2021-08-02 11:00:00,111.8,85.0,22.7,8,2,214,31,1,2021,0,0,0
2021-08-02 12:00:00,119.9,81.7,23.3,8,2,214,31,1,2021,0,0,0
2021-08-02 13:00:00,103.5,79.7,23.6,8,2,214,31,1,2021,0,0,0
2021-08-02 14:00:00,90.4,76.5,24.4,8,2,214,31,1,2021,0,0,0
2021-08-02 15:00:00,68.9,76.8,23.9,8,2,214,31,1,2021,0,0,0
2021-08-02 16:00:00,54.7,78.9,23.0,8,2,214,31,1,2021,0,0,0
2021-08-02 17:00:00,38.1,81.9,22.0,8,2,214,31,1,2021,0,0,0
2021-08-02 18:00:00,31.1,87.5,20.8,8,2,214,31,1,2021,0,0,0
2021-08-02 19:00:00,32.0,97.3,19.4,8,2,214,31,1,2021,0,0,0
2021-08-02 20:00:00,38.1,98.4,19.0,8,2,214,31,1,2021,0,0,0
2021-08-02 21:00:00,22.0,97.2,18.9,8,2,214,31,1,2021,0,0,0
2021-08-02 22:00:00,27.3,99.4,18.3,8,2,214,31,1,2021,0,0,0
2021-08-02 23:00:00,22.8,99.9,18.0,8,2,214,31,1,2021,0,0,0
2021-09-02 00:00:00,13.4,100.0,17.5,9,2,245,35,4,2021,0,0,0
2021-09-02 01:00:00,12.6,100.0,17.3,9,2,245,35,4,2021,0,0,0
2021-09-02 02:00:00,12.5,100.0,17.2,9,2,245,35,4,2021,0,0,0
2021-09-02 03:00:00,13.2,100.0,17.3,9,2,245,35,4,2021,0,0,0
2021-09-02 04:00:00,7.5,100.0,16.7,9,2,245,35,4,2021,0,0,0
2021-09-02 05:00:00,6.5,100.0,16.4,9,2,245,35,4,2021,0,0,0
2021-09-02 06:00:00,5.5,100.0,16.1,9,2,245,35,4,2021,0,0,0
2021-09-02 07:00:00,9.4,100.0,16.0,9,2,245,35,4,2021,0,0,0
2021-09-02 08:00:00,9.6,100.0,16.1,9,2,245,35,4,2021,0,0,0
2021-09-02 09:00:00,12.7,100.0,16.3,9,2,245,35,4,2021,0,0,0
2021-09-02 10:00:00,17.7,100.0,16.6,9,2,245,35,4,2021,0,0,0
2021-09-02 11:00:00,32.4,100.0,16.6,9,2,245,35,4,2021,0,0,0
2021-09-02 12:00:00,31.7,100.0,16.8,9,2,245,35,4,2021,0,0,0
2021-09-02 13:00:00,29.7,99.8,17.2,9,2,245,35,4,2021,0,0,0
2021-09-02 14:00:00,10.4,99.1,17.2,9,2,245,35,4,2021,0,0,0
2021-09-02 15:00:00,14.3,99.1,17.1,9,2,245,35,4,2021,0,0,0
2021-09-02 16:00:00,24.4,99.8,17.0,9,2,245,35,4,2021,0,0,0
2021-09-02 17:00:00,28.5,100.0,16.9,9,2,245,35,4,2021,0,0,0
2021-09-02 18:00:00,35.8,99.8,17.1,9,2,245,35,4,2021,0,0,0
2021-09-02 19:00:00,36.0,99.7,17.2,9,2,245,35,4,2021,0,0,0
2021-09-02 20:00:00,46.2,99.4,17.3,9,2,245,35,4,2021,0,0,0
2021-09-02 21:00:00,64.3,98.5,17.5,9,2,245,35,4,2021,0,0,0
2021-09-02 22:00:00,70.3,98.8,17.5,9,2,245,35,4,2021,0,0,0
2021-09-02 23:00:00,77.7,99.9,17.3,9,2,245,35,4,2021,0,0,0
2021-10-02 00:00:00,84.7,100.0,17.0,10,2,275,39,6,2021,1,0,0
2021-10-02 01:00:00,68.6,100.0,16.5,10,2,275,39,6,2021,1,0,0
2021-10-02 02:00:00,68.6,100.0,16.5,10,2,275,39,6,2021,1,0,0
2021-10-02 03:00:00,74.1,100.0,16.1,10,2,275,39,6,2021,1,0,0
2021-10-02 04:00:00,83.3,100.0,16.1,10,2,275,39,6,2021,1,0,0
2021-10-02 05:00:00,128.5,100.0,16.0,10,2,275,39,6,2021,1,0,0
2021-10-02 06:00:00,109.7,100.0,15.6,10,2,275,39,6,2021,1,0,0
2021-10-02 07:00:00,85.4,100.0,15.6,10,2,275,39,6,2021,1,0,0
2021-10-02 08:00:00,78.4,100.0,16.0,10,2,275,39,6,2021,1,0,0
2021-10-02 09:00:00,80.1,97.0,17.3,10,2,275,39,6,2021,1,0,0
2021-10-02 10:00:00,87.0,92.4,18.2,10,2,275,39,6,2021,1,0,0
2021-10-02 11:00:00,82.5,81.6,20.4,10,2,275,39,6,2021,1,0,0
2021-10-02 12:00:00,59.8,73.1,22.1,10,2,275,39,6,2021,1,0,0
2021-10-02 13:00:00,57.1,69.1,22.9,10,2,275,39,6,2021,1,0,0
2021-10-02 14:00:00,37.8,62.2,23.8,10,2,275,39,6,2021,1,0,0
2021-10-02 15:00:00,25.8,60.8,22.8,10,2,275,39,6,2021,1,0,0
2021-10-02 16:00:00,26.7,59.4,22.8,10,2,275,39,6,2021,1,0,0
2021-10-02 17:00:00,20.5,59.4,22.6,10,2,275,39,6,2021,1,0,0
2021-10-02 18:00:00,25.9,64.2,21.9,10,2,275,39,6,2021,1,0,0
2021-10-02 19:00:00,36.2,72.2,20.7,10,2,275,39,6,2021,1,0,0
2021-10-02 20:00:00,46.7,78.9,19.9,10,2,275,39,6,2021,1,0,0
2021-10-02 21:00:00,62.7,80.7,19.8,10,2,275,39,6,2021,1,0,0
2021-10-02 22:00:00,87.1,81.1,19.7,10,2,275,39,6,2021,1,0,0
2021-10-02 23:00:00,73.15,87.8,19.3,10,2,275,39,6,2021,1,0,0
2021-11-02 00:00:00,59.2,96.0,18.7,11,2,306,44,2,2021,0,0,0
2021-11-02 01:00:00,39.6,96.3,18.5,11,2,306,44,2,2021,0,0,0
2021-11-02 02:00:00,48.5,95.5,18.6,11,2,306,44,2,2021,0,0,0
2021-11-02 03:00:00,56.5,98.5,18.1,11,2,306,44,2,2021,0,0,0
2021-11-02 04:00:00,57.9,99.7,17.7,11,2,306,44,2,2021,0,0,0
2021-11-02 05:00:00,57.9,100.0,17.5,11,2,306,44,2,2021,0,0,0
2021-11-02 06:00:00,63.2,100.0,17.4,11,2,306,44,2,2021,0,0,0
2021-11-02 07:00:00,77.7,100.0,17.5,11,2,306,44,2,2021,0,0,0
2021-11-02 08:00:00,66.1,97.1,18.2,11,2,306,44,2,2021,0,0,0
2021-11-02 09:00:00,51.2,88.0,19.5,11,2,306,44,2,2021,0,0,0
2021-11-02 10:00:00,47.2,74.6,20.7,11,2,306,44,2,2021,0,0,0
2021-11-02 11:00:00,28.4,66.1,22.0,11,2,306,44,2,2021,0,0,0
2021-11-02 12:00:00,18.8,59.9,23.0,11,2,306,44,2,2021,0,0,0
2021-11-02 13:00:00,19.2,57.2,23.8,11,2,306,44,2,2021,0,0,0
2021-11-02 14:00:00,23.0,58.2,23.6,11,2,306,44,2,2021,0,0,0
2021-11-02 15:00:00,26.5,59.2,23.2,11,2,306,44,2,2021,0,0,0
2021-11-02 16:00:00,44.9,59.8,23.1,11,2,306,44,2,2021,0,0,0
2021-11-02 17:00:00,40.7,61.3,22.9,11,2,306,44,2,2021,0,0,0
2021-11-02 18:00:00,36.5,62.1,23.1,11,2,306,44,2,2021,0,0,0
2021-11-02 19:00:00,46.2,66.5,22.3,11,2,306,44,2,2021,0,0,0
2021-11-02 20:00:00,83.5,69.6,21.9,11,2,306,44,2,2021,0,0,0
2021-11-02 21:00:00,92.8,81.3,21.3,11,2,306,44,2,2021,0,0,0
2021-11-02 22:00:00,82.5,85.5,20.8,11,2,306,44,2,2021,0,0,0
2021-11-02 23:00:00,72.9,87.7,20.1,11,2,306,44,2,2021,0,0,0
2021-12-02 00:00:00,63.3,88.4,20.0,12,2,336,48,4,2021,0,0,0
2021-12-02 01:00:00,78.9,89.0,19.5,12,2,336,48,4,2021,0,0,0
2021-12-02 02:00:00,83.2,91.4,19.2,12,2,336,48,4,2021,0,0,0
2021-12-02 03:00:00,69.8,91.2,19.1,12,2,336,48,4,2021,0,0,0
2021-12-02 04:00:00,70.6,90.0,19.0,12,2,336,48,4,2021,0,0,0
2021-12-02 05:00:00,71.3,92.0,18.9,12,2,336,48,4,2021,0,0,0
2021-12-02 06:00:00,76.8,93.0,18.9,12,2,336,48,4,2021,0,0,0
2021-12-02 07:00:00,79.6,94.5,18.8,12,2,336,48,4,2021,0,0,0
2021-12-02 08:00:00,81.1,92.8,18.9,12,2,336,48,4,2021,0,0,0
2021-12-02 09:00:00,85.5,92.1,19.1,12,2,336,48,4,2021,0,0,0
2021-12-02 10:00:00,78.7,88.2,19.5,12,2,336,48,4,2021,0,0,0
2021-12-02 11:00:00,66.1,81.3,19.9,12,2,336,48,4,2021,0,0,0
2021-12-02 12:00:00,54.8,74.5,20.8,12,2,336,48,4,2021,0,0,0
2021-12-02 13:00:00,40.1,69.2,21.8,12,2,336,48,4,2021,0,0,0
2021-12-02 14:00:00,35.8,67.3,22.6,12,2,336,48,4,2021,0,0,0
2021-12-02 15:00:00,44.6,66.2,23.2,12,2,336,48,4,2021,0,0,0
2021-12-02 16:00:00,59.0,67.3,23.2,12,2,336,48,4,2021,0,0,0
2021-12-02 17:00:00,59.0,68.8,23.0,12,2,336,48,4,2021,0,0,0
2021-12-02 18:00:00,59.7,71.7,22.5,12,2,336,48,4,2021,0,0,0
2021-12-02 19:00:00,72.3,75.7,21.6,12,2,336,48,4,2021,0,0,0
2021-12-02 20:00:00,80.5,80.9,20.8,12,2,336,48,4,2021,0,0,0
2021-12-02 21:00:00,60.3,82.4,20.5,12,2,336,48,4,2021,0,0,0
2021-12-02 22:00:00,61.1,82.9,20.4,12,2,336,48,4,2021,0,0,0
2021-12-02 23:00:00,78.5,86.8,20.1,12,2,336,48,4,2021,0,0,0
2021-02-13 00:00:00,53.6,86.3,19.3,2,13,44,6,6,2021,1,0,0
2021-02-13 01:00:00,42.2,89.9,18.7,2,13,44,6,6,2021,1,0,0
2021-02-13 02:00:00,47.5,92.3,18.2,2,13,44,6,6,2021,1,0,0
2021-02-13 03:00:00,48.5,96.9,17.9,2,13,44,6,6,2021,1,0,0
2021-02-13 04:00:00,55.1,97.1,17.7,2,13,44,6,6,2021,1,0,0
2021-02-13 05:00:00,63.7,97.2,17.7,2,13,44,6,6,2021,1,0,0
2021-02-13 06:00:00,69.0,98.0,17.6,2,13,44,6,6,2021,1,0,0
2021-02-13 07:00:00,73.7,97.7,17.7,2,13,44,6,6,2021,1,0,0
2021-02-13 08:00:00,92.3,95.2,18.2,2,13,44,6,6,2021,1,0,0
2021-02-13 09:00:00,58.8,86.7,19.1,2,13,44,6,6,2021,1,0,0
2021-02-13 10:00:00,34.3,72.2,20.7,2,13,44,6,6,2021,1,0,0
2021-02-13 11:00:00,37.7,68.8,22.1,2,13,44,6,6,2021,1,0,0
2021-02-13 12:00:00,38.1,65.4,23.1,2,13,44,6,6,2021,1,0,0
2021-02-13 13:00:00,37.4,61.0,24.3,2,13,44,6,6,2021,1,0,0
2021-02-13 14:00:00,40.7,58.1,25.0,2,13,44,6,6,2021,1,0,0
2021-02-13 15:00:00,48.1,61.3,24.3,2,13,44,6,6,2021,1,0,0
2021-02-13 16:00:00,51.1,61.1,24.1,2,13,44,6,6,2021,1,0,0
2021-02-13 17:00:00,46.2,62.2,24.0,2,13,44,6,6,2021,1,0,0
2021-02-13 18:00:00,46.4,64.3,23.8,2,13,44,6,6,2021,1,0,0
2021-02-13 19:00:00,43.6,70.2,22.6,2,13,44,6,6,2021,1,0,0
2021-02-13 20:00:00,39.3,70.5,22.2,2,13,44,6,6,2021,1,0,0
2021-02-13 21:00:00,39.7,69.9,22.1,2,13,44,6,6,2021,1,0,0
2021-02-13 22:00:00,44.2,68.5,21.8,2,13,44,6,6,2021,1,0,0
2021-02-13 23:00:00,47.9,69.4,21.5,2,13,44,6,6,2021,1,0,0
2021-02-14 00:00:00,51.2,71.5,21.1,2,14,45,6,7,2021,1,0,0
2021-02-14 01:00:00,56.6,75.9,20.5,2,14,45,6,7,2021,1,0,0
2021-02-14 02:00:00,55.4,78.1,20.3,2,14,45,6,7,2021,1,0,0
2021-02-14 03:00:00,58.4,79.8,20.1,2,14,45,6,7,2021,1,0,0
2021-02-14 04:00:00,53.4,76.3,20.2,2,14,45,6,7,2021,1,0,0
2021-02-14 05:00:00,52.9,77.1,20.1,2,14,45,6,7,2021,1,0,0
2021-02-14 06:00:00,62.6,82.6,19.8,2,14,45,6,7,2021,1,0,0
2021-02-14 07:00:00,68.7,84.5,19.6,2,14,45,6,7,2021,1,0,0
2021-02-14 08:00:00,69.8,83.9,20.1,2,14,45,6,7,2021,1,0,0
2021-02-14 09:00:00,68.7,81.6,20.7,2,14,45,6,7,2021,1,0,0
2021-02-14 10:00:00,65.5,71.0,22.4,2,14,45,6,7,2021,1,0,0
2021-02-14 11:00:00,48.1,58.6,24.4,2,14,45,6,7,2021,1,0,0
2021-02-14 12:00:00,42.0,53.9,25.4,2,14,45,6,7,2021,1,0,0
2021-02-14 13:00:00,32.8,49.0,26.0,2,14,45,6,7,2021,1,0,0
2021-02-14 14:00:00,32.9,47.7,26.5,2,14,45,6,7,2021,1,0,0
2021-02-14 15:00:00,37.0,49.7,25.8,2,14,45,6,7,2021,1,0,0
2021-02-14 16:00:00,42.1,51.8,25.6,2,14,45,6,7,2021,1,0,0
2021-02-14 17:00:00,42.8,54.6,25.3,2,14,45,6,7,2021,1,0,0
2021-02-14 18:00:00,44.7,59.0,24.9,2,14,45,6,7,2021,1,0,0
2021-02-14 19:00:00,57.2,63.5,24.1,2,14,45,6,7,2021,1,0,0
2021-02-14 20:00:00,74.0,66.9,23.7,2,14,45,6,7,2021,1,0,0
2021-02-14 21:00:00,79.5,72.6,23.1,2,14,45,6,7,2021,1,0,0
2021-02-14 22:00:00,69.2,79.7,22.4,2,14,45,6,7,2021,1,0,0
2021-02-14 23:00:00,61.5,81.0,21.6,2,14,45,6,7,2021,1,0,0
2021-02-15 00:00:00,69.0,86.6,20.8,2,15,46,7,1,2021,0,0,0
2021-02-15 01:00:00,80.1,92.5,20.1,2,15,46,7,1,2021,0,0,0
2021-02-15 02:00:00,77.2,92.6,20.0,2,15,46,7,1,2021,0,0,0
2021-02-15 03:00:00,86.1,96.8,19.4,2,15,46,7,1,2021,0,0,0
2021-02-15 04:00:00,82.8,96.4,19.4,2,15,46,7,1,2021,0,0,0
2021-02-15 05:00:00,87.6,98.9,19.1,2,15,46,7,1,2021,0,0,0
2021-02-15 06:00:00,87.5,99.2,19.1,2,15,46,7,1,2021,0,0,0
2021-02-15 07:00:00,90.5,99.7,19.1,2,15,46,7,1,2021,0,0,0
2021-02-15 08:00:00,103.0,99.2,19.3,2,15,46,7,1,2021,0,0,0
2021-02-15 09:00:00,104.4,97.8,19.7,2,15,46,7,1,2021,0,0,0
2021-02-15 10:00:00,98.8,95.5,20.4,2,15,46,7,1,2021,0,0,0
2021-02-15 11:00:00,102.5,91.0,21.2,2,15,46,7,1,2021,0,0,0
2021-02-15 12:00:00,105.3,88.3,21.7,2,15,46,7,1,2021,0,0,0
2021-02-15 13:00:00,98.7,83.5,22.7,2,15,46,7,1,2021,0,0,0
2021-02-15 14:00:00,92.6,85.1,22.5,2,15,46,7,1,2021,0,0,0
2021-02-15 15:00:00,81.7,86.3,22.3,2,15,46,7,1,2021,0,0,0
2021-02-15 16:00:00,82.5,84.5,22.8,2,15,46,7,1,2021,0,0,0
2021-02-15 17:00:00,79.9,82.4,23.1,2,15,46,7,1,2021,0,0,0
2021-02-15 18:00:00,88.9,83.8,23.0,2,15,46,7,1,2021,0,0,0
2021-02-15 19:00:00,99.9,85.1,22.8,2,15,46,7,1,2021,0,0,0
2021-02-15 20:00:00,54.1,83.1,22.6,2,15,46,7,1,2021,0,0,0
2021-02-15 21:00:00,59.8,88.0,22.2,2,15,46,7,1,2021,0,0,0
2021-02-15 22:00:00,56.4,88.1,22.1,2,15,46,7,1,2021,0,0,0
2021-02-15 23:00:00,54.7,88.9,21.7,2,15,46,7,1,2021,0,0,0
2021-02-16 00:00:00,58.2,90.8,21.3,2,16,47,7,2,2021,0,0,0
2021-02-16 01:00:00,57.4,91.9,21.0,2,16,47,7,2,2021,0,0,0
2021-02-16 02:00:00,58.6,93.8,20.8,2,16,47,7,2,2021,0,0,0
2021-02-16 03:00:00,61.6,94.9,20.7,2,16,47,7,2,2021,0,0,0
2021-02-16 04:00:00,62.2,95.2,20.6,2,16,47,7,2,2021,0,0,0
2021-02-16 05:00:00,66.2,95.7,20.6,2,16,47,7,2,2021,0,0,0
2021-02-16 06:00:00,77.8,98.8,20.1,2,16,47,7,2,2021,0,0,0
2021-02-16 07:00:00,68.1,96.4,20.1,2,16,47,7,2,2021,0,0,0
2021-02-16 08:00:00,62.4,92.7,20.2,2,16,47,7,2,2021,0,0,0
2021-02-16 09:00:00,67.0,97.1,20.2,2,16,47,7,2,2021,0,0,0
2021-02-16 10:00:00,87.1,96.8,20.5,2,16,47,7,2,2021,0,0,0
2021-02-16 11:00:00,75.5,91.7,21.5,2,16,47,7,2,2021,0,0,0
2021-02-16 12:00:00,73.8,88.6,22.2,2,16,47,7,2,2021,0,0,0
2021-02-16 13:00:00,109.0,90.3,21.8,2,16,47,7,2,2021,0,0,0
2021-02-16 14:00:00,128.5,93.0,21.5,2,16,47,7,2,2021,0,0,0
2021-02-16 15:00:00,161.0,98.2,21.0,2,16,47,7,2,2021,0,0,0
2021-02-16 16:00:00,155.0,96.8,21.2,2,16,47,7,2,2021,0,0,0
2021-02-16 17:00:00,141.6,94.2,21.7,2,16,47,7,2,2021,0,0,0
2021-02-16 18:00:00,135.9,93.6,21.7,2,16,47,7,2,2021,0,0,0
2021-02-16 19:00:00,143.4,94.5,21.7,2,16,47,7,2,2021,0,0,0
2021-02-16 20:00:00,122.5,95.5,21.7,2,16,47,7,2,2021,0,0,0
2021-02-16 21:00:00,90.4,93.5,21.8,2,16,47,7,2,2021,0,0,0
2021-02-16 22:00:00,119.2,94.0,21.8,2,16,47,7,2,2021,0,0,0
2021-02-16 23:00:00,171.5,96.2,21.6,2,16,47,7,2,2021,0,0,0
2021-02-17 00:00:00,125.2,95.4,21.5,2,17,48,7,3,2021,0,0,0
2021-02-17 01:00:00,129.3,96.7,21.3,2,17,48,7,3,2021,0,0,0
2021-02-17 02:00:00,140.6,99.2,21.0,2,17,48,7,3,2021,0,0,0
2021-02-17 03:00:00,134.5,96.8,21.2,2,17,48,7,3,2021,0,0,0
2021-02-17 04:00:00,111.8,93.6,21.0,2,17,48,7,3,2021,0,0,0
2021-02-17 05:00:00,58.3,85.0,20.8,2,17,48,7,3,2021,0,0,0
2021-02-17 06:00:00,47.1,82.6,20.6,2,17,48,7,3,2021,0,0,0
2021-02-17 07:00:00,31.9,76.4,20.5,2,17,48,7,3,2021,0,0,0
2021-02-17 08:00:00,24.9,74.0,20.5,2,17,48,7,3,2021,0,0,0
2021-02-17 09:00:00,22.8,71.6,20.6,2,17,48,7,3,2021,0,0,0
2021-02-17 10:00:00,21.1,69.2,20.8,2,17,48,7,3,2021,0,0,0
2021-02-17 11:00:00,27.4,68.8,21.1,2,17,48,7,3,2021,0,0,0
2021-02-17 12:00:00,24.0,65.9,21.5,2,17,48,7,3,2021,0,0,0
2021-02-17 13:00:00,16.2,58.1,22.7,2,17,48,7,3,2021,0,0,0
2021-02-17 14:00:00,33.6,64.6,22.5,2,17,48,7,3,2021,0,0,0
2021-02-17 15:00:00,46.4,74.5,21.8,2,17,48,7,3,2021,0,0,0
2021-02-17 16:00:00,43.1,74.4,21.6,2,17,48,7,3,2021,0,0,0
2021-02-17 17:00:00,49.0,74.5,21.3,2,17,48,7,3,2021,0,0,0
2021-02-17 18:00:00,61.9,75.6,21.0,2,17,48,7,3,2021,0,0,0
2021-02-17 19:00:00,71.9,78.4,20.6,2,17,48,7,3,2021,0,0,0
2021-02-17 20:00:00,71.8,80.3,20.4,2,17,48,7,3,2021,0,0,0
2021-02-17 21:00:00,64.3,81.9,20.2,2,17,48,7,3,2021,0,0,0
2021-02-17 22:00:00,69.2,83.7,20.0,2,17,48,7,3,2021,0,0,0
2021-02-17 23:00:00,58.8,83.6,20.1,2,17,48,7,3,2021,0,0,0
2021-02-18 00:00:00,50.1,83.5,20.0,2,18,49,7,4,2021,0,0,0
2021-02-18 01:00:00,49.1,84.1,19.9,2,18,49,7,4,2021,0,0,0
2021-02-18 02:00:00,47.7,84.7,19.9,2,18,49,7,4,2021,0,0,0
2021-02-18 03:00:00,49.9,85.8,19.8,2,18,49,7,4,2021,0,0,0
2021-02-18 04:00:00,53.6,86.3,19.7,2,18,49,7,4,2021,0,0,0
2021-02-18 05:00:00,55.9,87.3,19.7,2,18,49,7,4,2021,0,0,0
2021-02-18 06:00:00,57.0,87.8,19.7,2,18,49,7,4,2021,0,0,0
2021-02-18 07:00:00,71.0,87.9,19.8,2,18,49,7,4,2021,0,0,0
2021-02-18 08:00:00,61.6,87.0,19.9,2,18,49,7,4,2021,0,0,0
2021-02-18 09:00:00,60.4,83.3,20.2,2,18,49,7,4,2021,0,0,0
2021-02-18 10:00:00,66.9,81.3,20.4,2,18,49,7,4,2021,0,0,0
2021-02-18 11:00:00,68.8,75.6,21.4,2,18,49,7,4,2021,0,0,0
2021-02-18 12:00:00,69.6,69.6,22.5,2,18,49,7,4,2021,0,0,0
2021-02-18 13:00:00,75.0,69.1,22.7,2,18,49,7,4,2021,0,0,0
2021-02-18 14:00:00,86.4,70.0,22.7,2,18,49,7,4,2021,0,0,0
2021-02-18 15:00:00,99.2,70.2,22.7,2,18,49,7,4,2021,0,0,0
2021-02-18 16:00:00,105.9,69.9,22.9,2,18,49,7,4,2021,0,0,0
2021-02-18 17:00:00,101.3,70.7,22.8,2,18,49,7,4,2021,0,0,0
2021-02-18 18:00:00,115.8,74.3,22.1,2,18,49,7,4,2021,0,0,0
2021-02-18 19:00:00,126.3,76.5,21.8,2,18,49,7,4,2021,0,0,0
2021-02-18 20:00:00,138.3,76.8,21.8,2,18,49,7,4,2021,0,0,0
2021-02-18 21:00:00,139.1,78.2,21.7,2,18,49,7,4,2021,0,0,0
2021-02-18 22:00:00,166.0,79.5,21.6,2,18,49,7,4,2021,0,0,0
2021-02-18 23:00:00,156.9,79.2,21.5,2,18,49,7,4,2021,0,0,0
2021-02-19 00:00:00,161.1,81.4,21.1,2,19,50,7,5,2021,1,0,0
2021-02-19 01:00:00,165.5,82.6,21.0,2,19,50,7,5,2021,1,0,0
2021-02-19 02:00:00,169.2,85.6,20.8,2,19,50,7,5,2021,1,0,0
2021-02-19 03:00:00,187.0,85.7,20.7,2,19,50,7,5,2021,1,0,0
2021-02-19 04:00:00,191.4,88.8,20.4,2,19,50,7,5,2021,1,0,0
2021-02-19 05:00:00,149.0,87.4,20.3,2,19,50,7,5,2021,1,0,0
2021-02-19 06:00:00,121.7,81.3,20.6,2,19,50,7,5,2021,1,0,0
2021-02-19 07:00:00,88.5,78.9,20.5,2,19,50,7,5,2021,1,0,0
2021-02-19 08:00:00,83.4,78.5,20.6,2,19,50,7,5,2021,1,0,0
2021-02-19 09:00:00,90.3,77.2,20.9,2,19,50,7,5,2021,1,0,0
2021-02-19 10:00:00,70.7,71.9,21.7,2,19,50,7,5,2021,1,0,0
2021-02-19 11:00:00,74.8,69.1,22.2,2,19,50,7,5,2021,1,0,0
2021-02-19 12:00:00,74.5,66.5,22.6,2,19,50,7,5,2021,1,0,0
2021-02-19 13:00:00,71.6,66.0,23.0,2,19,50,7,5,2021,1,0,0
2021-02-19 14:00:00,82.2,67.1,23.2,2,19,50,7,5,2021,1,0,0
2021-02-19 15:00:00,78.8,65.6,23.4,2,19,50,7,5,2021,1,0,0
2021-02-19 16:00:00,74.7,65.3,23.3,2,19,50,7,5,2021,1,0,0
2021-02-19 17:00:00,78.8,66.1,23.3,2,19,50,7,5,2021,1,0,0
2021-02-19 18:00:00,82.8,69.9,22.8,2,19,50,7,5,2021,1,0,0
2021-02-19 19:00:00,80.6,73.2,22.0,2,19,50,7,5,2021,1,0,0
2021-02-19 20:00:00,75.9,74.8,21.6,2,19,50,7,5,2021,1,0,0
2021-02-19 21:00:00,87.0,76.9,21.2,2,19,50,7,5,2021,1,0,0
2021-02-19 22:00:00,104.0,81.6,20.7,2,19,50,7,5,2021,1,0,0
2021-02-19 23:00:00,114.1,83.5,20.4,2,19,50,7,5,2021,1,0,0
2021-02-20 00:00:00,152.7,85.6,20.0,2,20,51,7,6,2021,1,0,0
2021-02-20 01:00:00,118.4,88.1,19.3,2,20,51,7,6,2021,1,0,0
2021-02-20 02:00:00,98.2,90.0,18.8,2,20,51,7,6,2021,1,0,0
2021-02-20 03:00:00,86.9,89.9,18.7,2,20,51,7,6,2021,1,0,0
2021-02-20 04:00:00,112.5,93.1,18.4,2,20,51,7,6,2021,1,0,0
2021-02-20 05:00:00,126.5,95.6,18.2,2,20,51,7,6,2021,1,0,0
2021-02-20 06:00:00,128.2,96.3,18.3,2,20,51,7,6,2021,1,0,0
2021-02-20 07:00:00,131.7,97.4,18.3,2,20,51,7,6,2021,1,0,0
2021-02-20 08:00:00,132.0,95.4,18.8,2,20,51,7,6,2021,1,0,0
2021-02-20 09:00:00,142.2,91.3,19.8,2,20,51,7,6,2021,1,0,0
2021-02-20 10:00:00,132.0,79.1,21.4,2,20,51,7,6,2021,1,0,0
2021-02-20 11:00:00,98.8,68.0,22.8,2,20,51,7,6,2021,1,0,0
2021-02-20 12:00:00,62.9,56.7,25.1,2,20,51,7,6,2021,1,0,0
2021-02-20 13:00:00,56.6,54.2,25.4,2,20,51,7,6,2021,1,0,0
2021-02-20 14:00:00,53.3,51.4,25.8,2,20,51,7,6,2021,1,0,0
2021-02-20 15:00:00,64.0,54.6,25.3,2,20,51,7,6,2021,1,0,0
2021-02-20 16:00:00,65.9,55.3,25.0,2,20,51,7,6,2021,1,0,0
2021-02-20 17:00:00,56.7,55.2,24.8,2,20,51,7,6,2021,1,0,0
2021-02-20 18:00:00,67.1,58.0,24.3,2,20,51,7,6,2021,1,0,0
2021-02-20 19:00:00,98.4,64.6,23.8,2,20,51,7,6,2021,1,0,0
2021-02-20 20:00:00,101.4,68.0,23.5,2,20,51,7,6,2021,1,0,0
2021-02-20 21:00:00,74.7,68.2,22.7,2,20,51,7,6,2021,1,0,0
2021-02-20 22:00:00,82.6,71.5,22.1,2,20,51,7,6,2021,1,0,0
2021-02-20 23:00:00,86.5,75.8,21.4,2,20,51,7,6,2021,1,0,0
2021-02-21 00:00:00,77.0,74.7,20.9,2,21,52,7,7,2021,1,0,0
2021-02-21 01:00:00,83.4,79.9,20.2,2,21,52,7,7,2021,1,0,0
2021-02-21 02:00:00,83.0,84.6,19.6,2,21,52,7,7,2021,1,0,0
2021-02-21 03:00:00,82.5,88.3,19.2,2,21,52,7,7,2021,1,0,0
2021-02-21 04:00:00,106.1,91.7,18.9,2,21,52,7,7,2021,1,0,0
2021-02-21 05:00:00,114.2,94.9,18.6,2,21,52,7,7,2021,1,0,0
2021-02-21 06:00:00,116.5,96.5,18.5,2,21,52,7,7,2021,1,0,0
2021-02-21 07:00:00,100.3,93.1,18.9,2,21,52,7,7,2021,1,0,0
2021-02-21 08:00:00,101.3,95.3,19.0,2,21,52,7,7,2021,1,0,0
2021-02-21 09:00:00,80.4,87.0,20.4,2,21,52,7,7,2021,1,0,0
2021-02-21 10:00:00,67.7,71.7,22.5,2,21,52,7,7,2021,1,0,0
2021-02-21 11:00:00,78.1,63.9,24.3,2,21,52,7,7,2021,1,0,0
2021-02-21 12:00:00,76.0,57.0,26.0,2,21,52,7,7,2021,1,0,0
2021-02-21 13:00:00,60.9,54.0,26.4,2,21,52,7,7,2021,1,0,0
2021-02-21 14:00:00,53.6,54.1,26.8,2,21,52,7,7,2021,1,0,0
2021-02-21 15:00:00,50.2,56.0,26.7,2,21,52,7,7,2021,1,0,0
2021-02-21 16:00:00,50.4,57.7,26.3,2,21,52,7,7,2021,1,0,0
2021-02-21 17:00:00,51.3,60.9,25.9,2,21,52,7,7,2021,1,0,0
2021-02-21 18:00:00,47.4,67.6,24.8,2,21,52,7,7,2021,1,0,0
2021-02-21 19:00:00,48.5,71.7,23.5,2,21,52,7,7,2021,1,0,0
2021-02-21 20:00:00,48.4,77.2,22.5,2,21,52,7,7,2021,1,0,0
2021-02-21 21:00:00,51.0,82.6,21.8,2,21,52,7,7,2021,1,0,0
2021-02-21 22:00:00,59.8,88.5,21.3,2,21,52,7,7,2021,1,0,0
2021-02-21 23:00:00,63.5,92.2,20.8,2,21,52,7,7,2021,1,0,0
2021-02-22 00:00:00,63.1,94.5,20.6,2,22,53,8,1,2021,0,0,0
2021-02-22 01:00:00,59.4,95.4,20.6,2,22,53,8,1,2021,0,0,0
2021-02-22 02:00:00,54.0,95.6,20.7,2,22,53,8,1,2021,0,0,0
2021-02-22 03:00:00,57.7,96.5,20.7,2,22,53,8,1,2021,0,0,0
2021-02-22 04:00:00,51.9,97.5,20.7,2,22,53,8,1,2021,0,0,0
2021-02-22 05:00:00,55.4,97.0,20.9,2,22,53,8,1,2021,0,0,0
2021-02-22 06:00:00,55.8,96.8,20.9,2,22,53,8,1,2021,0,0,0
2021-02-22 07:00:00,63.9,96.9,21.0,2,22,53,8,1,2021,0,0,0
2021-02-22 08:00:00,82.2,96.5,21.1,2,22,53,8,1,2021,0,0,0
2021-02-22 09:00:00,90.2,93.3,21.7,2,22,53,8,1,2021,0,0,0
2021-02-22 10:00:00,111.9,88.3,22.5,2,22,53,8,1,2021,0,0,0
2021-02-22 11:00:00,130.0,83.0,23.3,2,22,53,8,1,2021,0,0,0
2021-02-22 12:00:00,132.5,80.3,23.7,2,22,53,8,1,2021,0,0,0
2021-02-22 13:00:00,140.7,77.9,24.2,2,22,53,8,1,2021,0,0,0
2021-02-22 14:00:00,133.3,73.7,24.8,2,22,53,8,1,2021,0,0,0
2021-02-22 15:00:00,123.2,72.6,24.9,2,22,53,8,1,2021,0,0,0
2021-02-22 16:00:00,124.8,74.8,24.8,2,22,53,8,1,2021,0,0,0
2021-02-22 17:00:00,98.3,75.0,24.8,2,22,53,8,1,2021,0,0,0
2021-02-22 18:00:00,48.6,82.9,23.8,2,22,53,8,1,2021,0,0,0
2021-02-22 19:00:00,51.2,80.7,23.4,2,22,53,8,1,2021,0,0,0
2021-02-22 20:00:00,47.6,81.5,23.1,2,22,53,8,1,2021,0,0,0
2021-02-22 21:00:00,40.8,83.5,22.8,2,22,53,8,1,2021,0,0,0
2021-02-22 22:00:00,39.4,85.7,22.6,2,22,53,8,1,2021,0,0,0
2021-02-22 23:00:00,42.7,90.0,22.3,2,22,53,8,1,2021,0,0,0
2021-02-23 00:00:00,52.9,94.5,21.7,2,23,54,8,2,2021,0,0,0
2021-02-23 01:00:00,53.5,94.7,21.6,2,23,54,8,2,2021,0,0,0
2021-02-23 02:00:00,49.1,95.0,21.4,2,23,54,8,2,2021,0,0,0
2021-02-23 03:00:00,56.2,98.1,20.8,2,23,54,8,2,2021,0,0,0
2021-02-23 04:00:00,74.0,100.0,20.4,2,23,54,8,2,2021,0,0,0
2021-02-23 05:00:00,83.8,100.0,20.3,2,23,54,8,2,2021,0,0,0
2021-02-23 06:00:00,80.1,100.0,20.3,2,23,54,8,2,2021,0,0,0
2021-02-23 07:00:00,89.2,100.0,20.5,2,23,54,8,2,2021,0,0,0
2021-02-23 08:00:00,92.2,100.0,20.6,2,23,54,8,2,2021,0,0,0
2021-02-23 09:00:00,89.9,98.1,21.3,2,23,54,8,2,2021,0,0,0
2021-02-23 10:00:00,96.3,90.8,22.3,2,23,54,8,2,2021,0,0,0
2021-02-23 11:00:00,105.0,84.1,23.5,2,23,54,8,2,2021,0,0,0
2021-02-23 12:00:00,75.6,78.9,24.2,2,23,54,8,2,2021,0,0,0
2021-02-23 13:00:00,79.2,75.5,24.7,2,23,54,8,2,2021,0,0,0
2021-02-23 14:00:00,72.6,74.1,24.7,2,23,54,8,2,2021,0,0,0
2021-02-23 15:00:00,68.9,73.2,24.8,2,23,54,8,2,2021,0,0,0
2021-02-23 16:00:00,73.0,73.9,24.8,2,23,54,8,2,2021,0,0,0
2021-02-23 17:00:00,80.8,74.3,24.9,2,23,54,8,2,2021,0,0,0
2021-02-23 18:00:00,91.3,76.0,24.7,2,23,54,8,2,2021,0,0,0
2021-02-23 19:00:00,116.1,80.2,24.2,2,23,54,8,2,2021,0,0,0
2021-02-23 20:00:00,144.4,82.6,24.1,2,23,54,8,2,2021,0,0,0
2021-02-23 21:00:00,127.4,83.0,24.1,2,23,54,8,2,2021,0,0,0
2021-02-23 22:00:00,63.1,85.9,23.8,2,23,54,8,2,2021,0,0,0
2021-02-23 23:00:00,52.9,87.1,23.0,2,23,54,8,2,2021,0,0,0
2021-02-24 00:00:00,47.4,88.3,22.6,2,24,55,8,3,2021,0,0,0
2021-02-24 01:00:00,48.5,88.9,22.4,2,24,55,8,3,2021,0,0,0
2021-02-24 02:00:00,47.6,91.1,22.1,2,24,55,8,3,2021,0,0,0
2021-02-24 03:00:00,49.4,92.6,21.9,2,24,55,8,3,2021,0,0,0
2021-02-24 04:00:00,58.8,96.6,21.5,2,24,55,8,3,2021,0,0,0
2021-02-24 05:00:00,68.0,99.2,21.3,2,24,55,8,3,2021,0,0,0
2021-02-24 06:00:00,82.4,100.0,21.2,2,24,55,8,3,2021,0,0,0
2021-02-24 07:00:00,98.1,99.3,21.3,2,24,55,8,3,2021,0,0,0
2021-02-24 08:00:00,101.7,98.5,21.6,2,24,55,8,3,2021,0,0,0
2021-02-24 09:00:00,98.3,94.9,22.3,2,24,55,8,3,2021,0,0,0
2021-02-24 10:00:00,87.3,90.3,23.1,2,24,55,8,3,2021,0,0,0
2021-02-24 11:00:00,69.5,84.1,24.1,2,24,55,8,3,2021,0,0,0
2021-02-24 12:00:00,62.4,79.3,24.9,2,24,55,8,3,2021,0,0,0
2021-02-24 13:00:00,52.3,74.9,25.3,2,24,55,8,3,2021,0,0,0
2021-02-24 14:00:00,48.4,73.9,25.2,2,24,55,8,3,2021,0,0,0
2021-02-24 15:00:00,39.5,73.4,25.3,2,24,55,8,3,2021,0,0,0
2021-02-24 16:00:00,30.1,72.0,25.5,2,24,55,8,3,2021,0,0,0
2021-02-24 17:00:00,28.3,72.5,25.1,2,24,55,8,3,2021,0,0,0
2021-02-24 18:00:00,30.5,75.5,24.5,2,24,55,8,3,2021,0,0,0
2021-02-24 19:00:00,34.7,79.7,23.7,2,24,55,8,3,2021,0,0,0
2021-02-24 20:00:00,32.3,83.6,23.2,2,24,55,8,3,2021,0,0,0
2021-02-24 21:00:00,37.7,87.5,22.9,2,24,55,8,3,2021,0,0,0
2021-02-24 22:00:00,42.4,91.2,22.7,2,24,55,8,3,2021,0,0,0
2021-02-24 23:00:00,35.6,92.0,22.4,2,24,55,8,3,2021,0,0,0
2021-02-25 00:00:00,38.9,94.4,22.3,2,25,56,8,4,2021,0,0,0
2021-02-25 01:00:00,49.1,96.4,22.2,2,25,56,8,4,2021,0,0,0
2021-02-25 02:00:00,58.4,99.3,21.9,2,25,56,8,4,2021,0,0,0
2021-02-25 03:00:00,57.4,100.0,21.8,2,25,56,8,4,2021,0,0,0
2021-02-25 04:00:00,63.4,100.0,21.7,2,25,56,8,4,2021,0,0,0
2021-02-25 05:00:00,59.2,100.0,21.6,2,25,56,8,4,2021,0,0,0
2021-02-25 06:00:00,57.0,100.0,21.8,2,25,56,8,4,2021,0,0,0
2021-02-25 07:00:00,60.0,100.0,21.8,2,25,56,8,4,2021,0,0,0
2021-02-25 08:00:00,74.0,100.0,21.8,2,25,56,8,4,2021,0,0,0
2021-02-25 09:00:00,74.1,100.0,22.1,2,25,56,8,4,2021,0,0,0
2021-02-25 10:00:00,58.5,99.6,22.8,2,25,56,8,4,2021,0,0,0
2021-02-25 11:00:00,52.9,93.8,23.8,2,25,56,8,4,2021,0,0,0
2021-02-25 12:00:00,59.3,88.8,24.6,2,25,56,8,4,2021,0,0,0
2021-02-25 13:00:00,75.2,86.0,25.1,2,25,56,8,4,2021,0,0,0
2021-02-25 14:00:00,84.0,81.2,25.8,2,25,56,8,4,2021,0,0,0
2021-02-25 15:00:00,75.6,80.0,26.2,2,25,56,8,4,2021,0,0,0
2021-02-25 16:00:00,89.8,81.1,26.0,2,25,56,8,4,2021,0,0,0
2021-02-25 17:00:00,59.9,82.7,25.5,2,25,56,8,4,2021,0,0,0
2021-02-25 18:00:00,40.5,85.9,24.8,2,25,56,8,4,2021,0,0,0
2021-02-25 19:00:00,38.1,89.2,24.2,2,25,56,8,4,2021,0,0,0
2021-02-25 20:00:00,38.8,90.5,24.0,2,25,56,8,4,2021,0,0,0
2021-02-25 21:00:00,36.2,92.8,23.8,2,25,56,8,4,2021,0,0,0
2021-02-25 22:00:00,32.4,94.4,23.7,2,25,56,8,4,2021,0,0,0
2021-02-25 23:00:00,34.7,98.0,23.2,2,25,56,8,4,2021,0,0,0
2021-02-26 00:00:00,36.9,99.9,23.0,2,26,57,8,5,2021,1,0,0
2021-02-26 01:00:00,31.3,99.9,23.0,2,26,57,8,5,2021,1,0,0
2021-02-26 02:00:00,31.8,100.0,22.7,2,26,57,8,5,2021,1,0,0
2021-02-26 03:00:00,41.6,100.0,22.3,2,26,57,8,5,2021,1,0,0
2021-02-26 04:00:00,55.1,100.0,22.0,2,26,57,8,5,2021,1,0,0
2021-02-26 05:00:00,55.1,100.0,22.1,2,26,57,8,5,2021,1,0,0
2021-02-26 06:00:00,54.6,100.0,22.2,2,26,57,8,5,2021,1,0,0
2021-02-26 07:00:00,63.0,100.0,22.3,2,26,57,8,5,2021,1,0,0
2021-02-26 08:00:00,59.8,100.0,22.5,2,26,57,8,5,2021,1,0,0
2021-02-26 09:00:00,60.4,96.4,23.2,2,26,57,8,5,2021,1,0,0
2021-02-26 10:00:00,39.1,91.7,23.9,2,26,57,8,5,2021,1,0,0
2021-02-26 11:00:00,45.8,91.4,24.1,2,26,57,8,5,2021,1,0,0
2021-02-26 12:00:00,42.6,88.7,24.6,2,26,57,8,5,2021,1,0,0
2021-02-26 13:00:00,65.8,86.8,25.1,2,26,57,8,5,2021,1,0,0
2021-02-26 14:00:00,62.7,84.9,25.5,2,26,57,8,5,2021,1,0,0
2021-02-26 15:00:00,58.3,82.0,26.1,2,26,57,8,5,2021,1,0,0
2021-02-26 16:00:00,55.2,79.5,26.6,2,26,57,8,5,2021,1,0,0
2021-02-26 17:00:00,59.0,81.4,26.2,2,26,57,8,5,2021,1,0,0
2021-02-26 18:00:00,61.2,82.6,26.1,2,26,57,8,5,2021,1,0,0
2021-02-26 19:00:00,79.5,87.9,25.3,2,26,57,8,5,2021,1,0,0
2021-02-26 20:00:00,93.1,91.4,24.7,2,26,57,8,5,2021,1,0,0
2021-02-26 21:00:00,77.0,92.0,24.4,2,26,57,8,5,2021,1,0,0
2021-02-26 22:00:00,63.3,91.7,24.2,2,26,57,8,5,2021,1,0,0
2021-02-26 23:00:00,62.2,93.6,23.9,2,26,57,8,5,2021,1,0,0
2021-02-27 00:00:00,54.2,96.7,23.5,2,27,58,8,6,2021,1,0,0
2021-02-27 01:00:00,51.2,98.5,23.2,2,27,58,8,6,2021,1,0,0
2021-02-27 02:00:00,46.9,99.5,23.1,2,27,58,8,6,2021,1,0,0
2021-02-27 03:00:00,73.9,100.0,22.8,2,27,58,8,6,2021,1,0,0
2021-02-27 04:00:00,76.5,97.5,22.4,2,27,58,8,6,2021,1,0,0
2021-02-27 05:00:00,62.1,96.9,21.1,2,27,58,8,6,2021,1,0,0
2021-02-27 06:00:00,55.2,100.0,19.4,2,27,58,8,6,2021,1,0,0
2021-02-27 07:00:00,48.3,99.0,19.1,2,27,58,8,6,2021,1,0,0
2021-02-27 08:00:00,39.3,95.0,19.2,2,27,58,8,6,2021,1,0,0
2021-02-27 09:00:00,36.8,90.6,19.4,2,27,58,8,6,2021,1,0,0
2021-02-27 10:00:00,34.2,87.7,19.6,2,27,58,8,6,2021,1,0,0
2021-02-27 11:00:00,36.4,93.0,18.9,2,27,58,8,6,2021,1,0,0
2021-02-27 12:00:00,46.8,97.3,18.6,2,27,58,8,6,2021,1,0,0
2021-02-27 13:00:00,50.0,91.7,18.9,2,27,58,8,6,2021,1,0,0
2021-02-27 14:00:00,56.5,96.0,18.5,2,27,58,8,6,2021,1,0,0
2021-02-27 15:00:00,64.4,99.9,17.9,2,27,58,8,6,2021,1,0,0
2021-02-27 16:00:00,85.0,100.0,17.7,2,27,58,8,6,2021,1,0,0
2021-02-27 17:00:00,107.2,100.0,17.8,2,27,58,8,6,2021,1,0,0
2021-02-27 18:00:00,99.5,99.2,18.1,2,27,58,8,6,2021,1,0,0
2021-02-27 19:00:00,112.5,97.4,18.3,2,27,58,8,6,2021,1,0,0
2021-02-27 20:00:00,127.9,99.7,17.9,2,27,58,8,6,2021,1,0,0
2021-02-27 21:00:00,103.1,99.7,17.6,2,27,58,8,6,2021,1,0,0
2021-02-27 22:00:00,96.7,99.1,17.7,2,27,58,8,6,2021,1,0,0
2021-02-27 23:00:00,108.7,100.0,17.2,2,27,58,8,6,2021,1,0,0
2021-02-28 00:00:00,121.3,100.0,17.1,2,28,59,8,7,2021,1,0,1
2021-02-28 01:00:00,118.3,100.0,16.9,2,28,59,8,7,2021,1,0,1
2021-02-28 02:00:00,124.4,100.0,16.9,2,28,59,8,7,2021,1,0,1
2021-02-28 03:00:00,106.9,100.0,16.9,2,28,59,8,7,2021,1,0,1
2021-02-28 04:00:00,83.2,100.0,16.9,2,28,59,8,7,2021,1,0,1
2021-02-28 05:00:00,93.2,100.0,16.8,2,28,59,8,7,2021,1,0,1
2021-02-28 06:00:00,94.1,100.0,17.2,2,28,59,8,7,2021,1,0,1
2021-02-28 07:00:00,139.8,100.0,17.3,2,28,59,8,7,2021,1,0,1
2021-02-28 08:00:00,150.2,100.0,17.4,2,28,59,8,7,2021,1,0,1
2021-02-28 09:00:00,166.8,100.0,17.3,2,28,59,8,7,2021,1,0,1
2021-02-28 10:00:00,100.7,100.0,17.5,2,28,59,8,7,2021,1,0,1
2021-02-28 11:00:00,89.5,100.0,17.8,2,28,59,8,7,2021,1,0,1
2021-02-28 12:00:00,134.1,100.0,18.0,2,28,59,8,7,2021,1,0,1
2021-02-28 13:00:00,126.3,100.0,18.3,2,28,59,8,7,2021,1,0,1
2021-02-28 14:00:00,93.0,100.0,18.5,2,28,59,8,7,2021,1,0,1
2021-02-28 15:00:00,98.7,100.0,18.9,2,28,59,8,7,2021,1,0,1
2021-02-28 16:00:00,111.2,100.0,19.0,2,28,59,8,7,2021,1,0,1
2021-02-28 17:00:00,114.1,100.0,19.0,2,28,59,8,7,2021,1,0,1
2021-02-28 18:00:00,100.2,100.0,19.0,2,28,59,8,7,2021,1,0,1
2021-02-28 19:00:00,90.1,100.0,19.0,2,28,59,8,7,2021,1,0,1
2021-02-28 20:00:00,104.4,100.0,19.1,2,28,59,8,7,2021,1,0,1
2021-02-28 21:00:00,141.5,100.0,19.2,2,28,59,8,7,2021,1,0,1
2021-02-28 22:00:00,119.3,100.0,19.2,2,28,59,8,7,2021,1,0,1
2021-02-28 23:00:00,111.7,100.0,19.2,2,28,59,8,7,2021,1,0,1
2021-01-03 00:00:00,93.1,100.0,19.2,1,3,3,53,7,2021,1,0,0
2021-01-03 01:00:00,123.7,100.0,19.0,1,3,3,53,7,2021,1,0,0
2021-01-03 02:00:00,155.8,100.0,19.2,1,3,3,53,7,2021,1,0,0
2021-01-03 03:00:00,142.2,100.0,19.4,1,3,3,53,7,2021,1,0,0
2021-01-03 04:00:00,137.0,100.0,19.4,1,3,3,53,7,2021,1,0,0
2021-01-03 05:00:00,119.0,100.0,19.4,1,3,3,53,7,2021,1,0,0
2021-01-03 06:00:00,111.3,100.0,19.6,1,3,3,53,7,2021,1,0,0
2021-01-03 07:00:00,92.5,100.0,19.8,1,3,3,53,7,2021,1,0,0
2021-01-03 08:00:00,84.6,100.0,20.1,1,3,3,53,7,2021,1,0,0
2021-01-03 09:00:00,77.9,100.0,20.2,1,3,3,53,7,2021,1,0,0
2021-01-03 10:00:00,86.4,100.0,20.4,1,3,3,53,7,2021,1,0,0
2021-01-03 11:00:00,84.7,100.0,20.8,1,3,3,53,7,2021,1,0,0
2021-01-03 12:00:00,88.9,100.0,20.9,1,3,3,53,7,2021,1,0,0
2021-01-03 13:00:00,96.9,100.0,21.1,1,3,3,53,7,2021,1,0,0
2021-01-03 14:00:00,92.9,100.0,21.7,1,3,3,53,7,2021,1,0,0
2021-01-03 15:00:00,67.4,100.0,22.5,1,3,3,53,7,2021,1,0,0
2021-01-03 16:00:00,55.8,99.9,23.0,1,3,3,53,7,2021,1,0,0
2021-01-03 17:00:00,70.6,100.0,22.7,1,3,3,53,7,2021,1,0,0
2021-01-03 18:00:00,83.5,100.0,22.3,1,3,3,53,7,2021,1,0,0
2021-01-03 19:00:00,144.1,100.0,21.9,1,3,3,53,7,2021,1,0,0
2021-01-03 20:00:00,212.3,100.0,21.9,1,3,3,53,7,2021,1,0,0
2021-01-03 21:00:00,216.7,100.0,22.0,1,3,3,53,7,2021,1,0,0
2021-01-03 22:00:00,196.4,100.0,22.2,1,3,3,53,7,2021,1,0,0
2021-01-03 23:00:00,183.0,100.0,22.2,1,3,3,53,7,2021,1,0,0
2021-02-03 00:00:00,161.3,100.0,22.2,2,3,34,5,3,2021,0,0,0
2021-02-03 01:00:00,85.3,100.0,20.7,2,3,34,5,3,2021,0,0,0
2021-02-03 02:00:00,56.4,99.7,19.9,2,3,34,5,3,2021,0,0,0
2021-02-03 03:00:00,44.3,95.1,19.9,2,3,34,5,3,2021,0,0,0
2021-02-03 04:00:00,49.4,88.0,19.9,2,3,34,5,3,2021,0,0,0
2021-02-03 05:00:00,35.9,83.3,19.8,2,3,34,5,3,2021,0,0,0
2021-02-03 06:00:00,22.4,82.1,19.6,2,3,34,5,3,2021,0,0,0
2021-02-03 07:00:00,25.4,82.4,19.4,2,3,34,5,3,2021,0,0,0
2021-02-03 08:00:00,21.3,78.3,19.7,2,3,34,5,3,2021,0,0,0
2021-02-03 09:00:00,21.35,76.5,20.1,2,3,34,5,3,2021,0,0,0
2021-02-03 10:00:00,21.4,71.7,20.2,2,3,34,5,3,2021,0,0,0
2021-02-03 11:00:00,20.5,69.1,20.4,2,3,34,5,3,2021,0,0,0
2021-02-03 12:00:00,20.7,68.4,20.6,2,3,34,5,3,2021,0,0,0
2021-02-03 13:00:00,17.9,66.5,21.1,2,3,34,5,3,2021,0,0,0
2021-02-03 14:00:00,19.0,66.6,21.2,2,3,34,5,3,2021,0,0,0
2021-02-03 15:00:00,20.5,67.0,21.0,2,3,34,5,3,2021,0,0,0
2021-02-03 16:00:00,26.5,67.8,21.0,2,3,34,5,3,2021,0,0,0
2021-02-03 17:00:00,25.6,68.5,21.0,2,3,34,5,3,2021,0,0,0
2021-02-03 18:00:00,34.1,70.5,20.9,2,3,34,5,3,2021,0,0,0
2021-02-03 19:00:00,37.5,72.4,20.7,2,3,34,5,3,2021,0,0,0
2021-02-03 20:00:00,40.9,73.9,20.5,2,3,34,5,3,2021,0,0,0
2021-02-03 21:00:00,47.4,73.9,20.6,2,3,34,5,3,2021,0,0,0
2021-02-03 22:00:00,57.4,75.1,20.4,2,3,34,5,3,2021,0,0,0
2021-02-03 23:00:00,59.7,75.1,20.3,2,3,34,5,3,2021,0,0,0
2021-03-03 00:00:00,65.6,77.9,20.2,3,3,62,9,3,2021,0,0,0
2021-03-03 01:00:00,75.3,82.4,19.9,3,3,62,9,3,2021,0,0,0
2021-03-03 02:00:00,83.2,82.0,19.9,3,3,62,9,3,2021,0,0,0
2021-03-03 03:00:00,91.3,87.0,19.5,3,3,62,9,3,2021,0,0,0
2021-03-03 04:00:00,105.5,87.0,19.4,3,3,62,9,3,2021,0,0,0
2021-03-03 05:00:00,105.1,88.4,19.4,3,3,62,9,3,2021,0,0,0
2021-03-03 06:00:00,109.5,94.4,19.3,3,3,62,9,3,2021,0,0,0
2021-03-03 07:00:00,106.0,94.9,19.2,3,3,62,9,3,2021,0,0,0
2021-03-03 08:00:00,117.6,90.6,19.6,3,3,62,9,3,2021,0,0,0
2021-03-03 09:00:00,113.4,88.5,19.8,3,3,62,9,3,2021,0,0,0
2021-03-03 10:00:00,113.5,89.0,19.7,3,3,62,9,3,2021,0,0,0
2021-03-03 11:00:00,84.8,87.2,19.8,3,3,62,9,3,2021,0,0,0
2021-03-03 12:00:00,82.0,84.5,20.0,3,3,62,9,3,2021,0,0,0
2021-03-03 13:00:00,66.9,83.5,19.9,3,3,62,9,3,2021,0,0,0
2021-03-03 14:00:00,66.8,86.0,19.5,3,3,62,9,3,2021,0,0,0
2021-03-03 15:00:00,99.2,98.8,18.2,3,3,62,9,3,2021,0,0,0
2021-03-03 16:00:00,112.9,100.0,18.0,3,3,62,9,3,2021,0,0,0
2021-03-03 17:00:00,110.2,99.6,18.0,3,3,62,9,3,2021,0,0,0
2021-03-03 18:00:00,134.1,99.5,18.0,3,3,62,9,3,2021,0,0,0
2021-03-03 19:00:00,90.5,97.6,17.9,3,3,62,9,3,2021,0,0,0
2021-03-03 20:00:00,91.4,96.7,17.8,3,3,62,9,3,2021,0,0,0
2021-03-03 21:00:00,77.0,96.8,17.8,3,3,62,9,3,2021,0,0,0
2021-03-03 22:00:00,79.5,97.3,17.9,3,3,62,9,3,2021,0,0,0
2021-03-03 23:00:00,81.5,97.1,17.9,3,3,62,9,3,2021,0,0,0
2021-04-03 00:00:00,89.4,99.2,17.5,4,3,93,13,6,2021,1,0,0
2021-04-03 01:00:00,115.0,100.0,16.6,4,3,93,13,6,2021,1,0,0
2021-04-03 02:00:00,146.5,100.0,16.6,4,3,93,13,6,2021,1,0,0
2021-04-03 03:00:00,98.1,100.0,16.6,4,3,93,13,6,2021,1,0,0
2021-04-03 04:00:00,47.92669639671784,88.37511055336446,26.37755945978244,4,3,93,13,6,2021,1,0,0
2021-04-03 05:00:00,47.92669639671784,88.37511055336446,26.37755945978244,4,3,93,13,6,2021,1,0,0
2021-04-03 06:00:00,47.92669639671784,88.37511055336446,26.37755945978244,4,3,93,13,6,2021,1,0,0
2021-04-03 07:00:00,78.0,100.0,17.1,4,3,93,13,6,2021,1,0,0
2021-04-03 08:00:00,70.9,100.0,17.3,4,3,93,13,6,2021,1,0,0
2021-04-03 09:00:00,67.2,99.7,17.7,4,3,93,13,6,2021,1,0,0
2021-04-03 10:00:00,30.0,95.2,17.7,4,3,93,13,6,2021,1,0,0
2021-04-03 11:00:00,32.3,95.7,17.8,4,3,93,13,6,2021,1,0,0
2021-04-03 12:00:00,47.1,95.1,18.2,4,3,93,13,6,2021,1,0,0
2021-04-03 13:00:00,61.6,94.4,18.5,4,3,93,13,6,2021,1,0,0
2021-04-03 14:00:00,90.9,94.3,18.8,4,3,93,13,6,2021,1,0,0
2021-04-03 15:00:00,136.4,97.0,18.7,4,3,93,13,6,2021,1,0,0
2021-04-03 16:00:00,141.1,95.8,19.0,4,3,93,13,6,2021,1,0,0
2021-04-03 17:00:00,137.7,94.8,19.3,4,3,93,13,6,2021,1,0,0
2021-04-03 18:00:00,143.9,96.5,19.2,4,3,93,13,6,2021,1,0,0
2021-04-03 19:00:00,158.0,98.7,19.0,4,3,93,13,6,2021,1,0,0
2021-04-03 20:00:00,180.5,100.0,18.7,4,3,93,13,6,2021,1,0,0
2021-04-03 21:00:00,191.2,100.0,18.6,4,3,93,13,6,2021,1,0,0
2021-04-03 22:00:00,158.3,100.0,18.9,4,3,93,13,6,2021,1,0,0
2021-04-03 23:00:00,104.9,100.0,18.8,4,3,93,13,6,2021,1,0,0
2021-05-03 00:00:00,99.1,100.0,18.7,5,3,123,18,1,2021,0,0,0
2021-05-03 01:00:00,90.8,100.0,18.7,5,3,123,18,1,2021,0,0,0
2021-05-03 02:00:00,89.0,100.0,18.6,5,3,123,18,1,2021,0,0,0
2021-05-03 03:00:00,88.5,100.0,18.7,5,3,123,18,1,2021,0,0,0
2021-05-03 04:00:00,91.3,100.0,18.7,5,3,123,18,1,2021,0,0,0
2021-05-03 05:00:00,81.9,100.0,18.9,5,3,123,18,1,2021,0,0,0
2021-05-03 06:00:00,88.6,100.0,19.0,5,3,123,18,1,2021,0,0,0
2021-05-03 07:00:00,88.4,100.0,19.2,5,3,123,18,1,2021,0,0,0
2021-05-03 08:00:00,96.0,100.0,19.7,5,3,123,18,1,2021,0,0,0
2021-05-03 09:00:00,113.7,100.0,20.3,5,3,123,18,1,2021,0,0,0
2021-05-03 10:00:00,108.2,100.0,20.6,5,3,123,18,1,2021,0,0,0
2021-05-03 11:00:00,102.1,100.0,20.6,5,3,123,18,1,2021,0,0,0
2021-05-03 12:00:00,83.0,100.0,21.0,5,3,123,18,1,2021,0,0,0
2021-05-03 13:00:00,92.5,100.0,21.1,5,3,123,18,1,2021,0,0,0
2021-05-03 14:00:00,107.8,99.7,21.6,5,3,123,18,1,2021,0,0,0
2021-05-03 15:00:00,108.5,100.0,21.4,5,3,123,18,1,2021,0,0,0
2021-05-03 16:00:00,110.0,100.0,21.2,5,3,123,18,1,2021,0,0,0
2021-05-03 17:00:00,124.7,100.0,21.2,5,3,123,18,1,2021,0,0,0
2021-05-03 18:00:00,149.8,100.0,21.2,5,3,123,18,1,2021,0,0,0
2021-05-03 19:00:00,144.5,100.0,21.1,5,3,123,18,1,2021,0,0,0
2021-05-03 20:00:00,140.0,100.0,21.2,5,3,123,18,1,2021,0,0,0
2021-05-03 21:00:00,151.7,100.0,21.2,5,3,123,18,1,2021,0,0,0
2021-05-03 22:00:00,137.3,100.0,21.1,5,3,123,18,1,2021,0,0,0
2021-05-03 23:00:00,118.0,100.0,21.2,5,3,123,18,1,2021,0,0,0
2021-06-03 00:00:00,116.9,100.0,21.1,6,3,154,22,4,2021,0,0,0
2021-06-03 01:00:00,106.3,100.0,21.2,6,3,154,22,4,2021,0,0,0
2021-06-03 02:00:00,117.7,100.0,21.1,6,3,154,22,4,2021,0,0,0
2021-06-03 03:00:00,127.2,100.0,21.0,6,3,154,22,4,2021,0,0,0
2021-06-03 04:00:00,155.9,100.0,21.0,6,3,154,22,4,2021,0,0,0
2021-06-03 05:00:00,148.8,100.0,20.8,6,3,154,22,4,2021,0,0,0
2021-06-03 06:00:00,141.1,100.0,20.6,6,3,154,22,4,2021,0,0,0
2021-06-03 07:00:00,144.2,100.0,20.6,6,3,154,22,4,2021,0,0,0
2021-06-03 08:00:00,158.2,100.0,20.8,6,3,154,22,4,2021,0,0,0
2021-06-03 09:00:00,120.4,100.0,21.6,6,3,154,22,4,2021,0,0,0
2021-06-03 10:00:00,103.5,99.2,23.0,6,3,154,22,4,2021,0,0,0
2021-06-03 11:00:00,97.5,91.8,24.8,6,3,154,22,4,2021,0,0,0
2021-06-03 12:00:00,70.7,83.4,26.5,6,3,154,22,4,2021,0,0,0
2021-06-03 13:00:00,61.2,81.1,26.5,6,3,154,22,4,2021,0,0,0
2021-06-03 14:00:00,49.2,79.6,26.9,6,3,154,22,4,2021,0,0,0
2021-06-03 15:00:00,55.3,79.5,27.3,6,3,154,22,4,2021,0,0,0
2021-06-03 16:00:00,84.1,83.2,26.8,6,3,154,22,4,2021,0,0,0
2021-06-03 17:00:00,105.6,89.5,26.1,6,3,154,22,4,2021,0,0,0
2021-06-03 18:00:00,129.1,96.5,25.3,6,3,154,22,4,2021,0,0,0
2021-06-03 19:00:00,84.8,98.1,24.8,6,3,154,22,4,2021,0,0,0
2021-06-03 20:00:00,54.0,98.2,24.5,6,3,154,22,4,2021,0,0,0
2021-06-03 21:00:00,45.4,97.9,24.2,6,3,154,22,4,2021,0,0,0
2021-06-03 22:00:00,63.9,97.8,24.1,6,3,154,22,4,2021,0,0,0
2021-06-03 23:00:00,72.8,99.1,24.0,6,3,154,22,4,2021,0,0,0
2021-07-03 00:00:00,71.1,100.0,23.7,7,3,184,26,6,2021,1,0,0
2021-07-03 01:00:00,67.6,100.0,23.6,7,3,184,26,6,2021,1,0,0
2021-07-03 02:00:00,83.1,100.0,23.4,7,3,184,26,6,2021,1,0,0
2021-07-03 03:00:00,67.0,100.0,23.2,7,3,184,26,6,2021,1,0,0
2021-07-03 04:00:00,54.9,100.0,23.0,7,3,184,26,6,2021,1,0,0
2021-07-03 05:00:00,89.5,100.0,22.8,7,3,184,26,6,2021,1,0,0
2021-07-03 06:00:00,95.8,99.0,22.2,7,3,184,26,6,2021,1,0,0
2021-07-03 07:00:00,59.2,94.8,22.2,7,3,184,26,6,2021,1,0,0
2021-07-03 08:00:00,54.5,93.1,21.8,7,3,184,26,6,2021,1,0,0
2021-07-03 09:00:00,48.2,87.8,22.0,7,3,184,26,6,2021,1,0,0
2021-07-03 10:00:00,42.9,82.8,22.2,7,3,184,26,6,2021,1,0,0
2021-07-03 11:00:00,49.1,81.1,22.3,7,3,184,26,6,2021,1,0,0
2021-07-03 12:00:00,53.7,81.5,22.4,7,3,184,26,6,2021,1,0,0
2021-07-03 13:00:00,53.1,74.8,24.1,7,3,184,26,6,2021,1,0,0
2021-07-03 14:00:00,66.9,76.4,24.8,7,3,184,26,6,2021,1,0,0
2021-07-03 15:00:00,80.4,79.6,24.9,7,3,184,26,6,2021,1,0,0
2021-07-03 16:00:00,90.7,80.9,24.8,7,3,184,26,6,2021,1,0,0
2021-07-03 17:00:00,97.8,83.5,24.4,7,3,184,26,6,2021,1,0,0
2021-07-03 18:00:00,117.6,86.5,24.1,7,3,184,26,6,2021,1,0,0
2021-07-03 19:00:00,129.7,89.5,23.8,7,3,184,26,6,2021,1,0,0
2021-07-03 20:00:00,135.8,91.2,23.7,7,3,184,26,6,2021,1,0,0
2021-07-03 21:00:00,76.3,87.7,23.5,7,3,184,26,6,2021,1,0,0
2021-07-03 22:00:00,63.4,87.3,23.1,7,3,184,26,6,2021,1,0,0
2021-07-03 23:00:00,71.1,88.7,22.7,7,3,184,26,6,2021,1,0,0
2021-08-03 00:00:00,81.8,92.5,22.2,8,3,215,31,2,2021,0,0,0
2021-08-03 01:00:00,85.9,96.0,21.6,8,3,215,31,2,2021,0,0,0
2021-08-03 02:00:00,106.8,100.0,20.9,8,3,215,31,2,2021,0,0,0
2021-08-03 03:00:00,112.7,100.0,20.8,8,3,215,31,2,2021,0,0,0
2021-08-03 04:00:00,127.8,100.0,20.8,8,3,215,31,2,2021,0,0,0
2021-08-03 05:00:00,136.7,100.0,20.8,8,3,215,31,2,2021,0,0,0
2021-08-03 06:00:00,148.2,100.0,20.8,8,3,215,31,2,2021,0,0,0
2021-08-03 07:00:00,160.2,100.0,21.0,8,3,215,31,2,2021,0,0,0
2021-08-03 08:00:00,195.9,100.0,20.9,8,3,215,31,2,2021,0,0,0
2021-08-03 09:00:00,195.6,100.0,21.3,8,3,215,31,2,2021,0,0,0
2021-08-03 10:00:00,142.1,100.0,22.0,8,3,215,31,2,2021,0,0,0
2021-08-03 11:00:00,137.6,99.6,22.5,8,3,215,31,2,2021,0,0,0
2021-08-03 12:00:00,118.5,99.9,22.6,8,3,215,31,2,2021,0,0,0
2021-08-03 13:00:00,113.6,99.5,23.0,8,3,215,31,2,2021,0,0,0
2021-08-03 14:00:00,99.2,99.2,23.3,8,3,215,31,2,2021,0,0,0
2021-08-03 15:00:00,113.4,99.7,23.2,8,3,215,31,2,2021,0,0,0
2021-08-03 16:00:00,146.2,100.0,23.0,8,3,215,31,2,2021,0,0,0
2021-08-03 17:00:00,127.7,100.0,23.3,8,3,215,31,2,2021,0,0,0
2021-08-03 18:00:00,123.3,100.0,23.3,8,3,215,31,2,2021,0,0,0
2021-08-03 19:00:00,103.0,100.0,23.2,8,3,215,31,2,2021,0,0,0
2021-08-03 20:00:00,90.7,100.0,23.0,8,3,215,31,2,2021,0,0,0
2021-08-03 21:00:00,98.8,100.0,23.1,8,3,215,31,2,2021,0,0,0
2021-08-03 22:00:00,93.4,100.0,23.1,8,3,215,31,2,2021,0,0,0
2021-08-03 23:00:00,83.0,100.0,23.0,8,3,215,31,2,2021,0,0,0
2021-09-03 00:00:00,70.3,100.0,22.6,9,3,246,35,5,2021,1,0,0
2021-09-03 01:00:00,72.7,100.0,22.4,9,3,246,35,5,2021,1,0,0
2021-09-03 02:00:00,86.3,100.0,22.4,9,3,246,35,5,2021,1,0,0
2021-09-03 03:00:00,74.8,100.0,22.5,9,3,246,35,5,2021,1,0,0
2021-09-03 04:00:00,57.0,100.0,22.4,9,3,246,35,5,2021,1,0,0
2021-09-03 05:00:00,48.9,100.0,22.4,9,3,246,35,5,2021,1,0,0
2021-09-03 06:00:00,71.8,100.0,22.2,9,3,246,35,5,2021,1,0,0
2021-09-03 07:00:00,73.4,100.0,22.0,9,3,246,35,5,2021,1,0,0
2021-09-03 08:00:00,65.6,100.0,22.5,9,3,246,35,5,2021,1,0,0
2021-09-03 09:00:00,68.6,100.0,22.8,9,3,246,35,5,2021,1,0,0
2021-09-03 10:00:00,71.5,100.0,23.6,9,3,246,35,5,2021,1,0,0
2021-09-03 11:00:00,74.1,99.8,24.0,9,3,246,35,5,2021,1,0,0
2021-09-03 12:00:00,74.9,99.3,24.3,9,3,246,35,5,2021,1,0,0
2021-09-03 13:00:00,79.9,95.3,25.2,9,3,246,35,5,2021,1,0,0
2021-09-03 14:00:00,62.7,89.3,26.3,9,3,246,35,5,2021,1,0,0
2021-09-03 15:00:00,32.6,90.4,26.1,9,3,246,35,5,2021,1,0,0
2021-09-03 16:00:00,25.4,91.1,25.9,9,3,246,35,5,2021,1,0,0
2021-09-03 17:00:00,23.7,91.9,25.7,9,3,246,35,5,2021,1,0,0
2021-09-03 18:00:00,32.5,94.8,25.2,9,3,246,35,5,2021,1,0,0
2021-09-03 19:00:00,34.9,97.2,24.8,9,3,246,35,5,2021,1,0,0
2021-09-03 20:00:00,33.9,98.2,24.5,9,3,246,35,5,2021,1,0,0
2021-09-03 21:00:00,32.0,98.6,24.4,9,3,246,35,5,2021,1,0,0
2021-09-03 22:00:00,42.8,100.0,23.7,9,3,246,35,5,2021,1,0,0
2021-09-03 23:00:00,49.1,100.0,23.4,9,3,246,35,5,2021,1,0,0
2021-10-03 00:00:00,55.8,100.0,22.9,10,3,276,39,7,2021,1,0,0
2021-10-03 01:00:00,48.5,100.0,22.8,10,3,276,39,7,2021,1,0,0
2021-10-03 02:00:00,47.4,100.0,22.6,10,3,276,39,7,2021,1,0,0
2021-10-03 03:00:00,43.4,100.0,22.6,10,3,276,39,7,2021,1,0,0
2021-10-03 04:00:00,40.3,100.0,22.5,10,3,276,39,7,2021,1,0,0
2021-10-03 05:00:00,57.2,100.0,22.2,10,3,276,39,7,2021,1,0,0
2021-10-03 06:00:00,65.5,100.0,22.1,10,3,276,39,7,2021,1,0,0
2021-10-03 07:00:00,65.9,100.0,22.2,10,3,276,39,7,2021,1,0,0
2021-10-03 08:00:00,60.7,100.0,22.8,10,3,276,39,7,2021,1,0,0
2021-10-03 09:00:00,75.2,100.0,23.2,10,3,276,39,7,2021,1,0,0
2021-10-03 10:00:00,81.1,100.0,23.3,10,3,276,39,7,2021,1,0,0
2021-10-03 11:00:00,69.5,99.8,24.0,10,3,276,39,7,2021,1,0,0
2021-10-03 12:00:00,45.0,92.1,25.9,10,3,276,39,7,2021,1,0,0
2021-10-03 13:00:00,22.1,85.2,27.0,10,3,276,39,7,2021,1,0,0
2021-10-03 14:00:00,23.1,84.2,27.1,10,3,276,39,7,2021,1,0,0
2021-10-03 15:00:00,22.5,80.9,27.5,10,3,276,39,7,2021,1,0,0
2021-10-03 16:00:00,23.8,83.6,26.9,10,3,276,39,7,2021,1,0,0
2021-10-03 17:00:00,28.0,85.3,26.7,10,3,276,39,7,2021,1,0,0
2021-10-03 18:00:00,24.7,86.3,26.1,10,3,276,39,7,2021,1,0,0
2021-10-03 19:00:00,29.8,91.4,25.0,10,3,276,39,7,2021,1,0,0
2021-10-03 20:00:00,34.7,94.7,24.5,10,3,276,39,7,2021,1,0,0
2021-10-03 21:00:00,29.7,95.4,24.4,10,3,276,39,7,2021,1,0,0
2021-10-03 22:00:00,45.2,99.0,23.9,10,3,276,39,7,2021,1,0,0
2021-10-03 23:00:00,53.7,100.0,23.3,10,3,276,39,7,2021,1,0,0
2021-11-03 00:00:00,58.6,100.0,23.2,11,3,307,44,3,2021,0,0,0
2021-11-03 01:00:00,62.7,100.0,23.0,11,3,307,44,3,2021,0,0,0
2021-11-03 02:00:00,72.8,100.0,22.9,11,3,307,44,3,2021,0,0,0
2021-11-03 03:00:00,64.9,100.0,22.8,11,3,307,44,3,2021,0,0,0
2021-11-03 04:00:00,62.0,100.0,22.7,11,3,307,44,3,2021,0,0,0
2021-11-03 05:00:00,55.1,100.0,22.7,11,3,307,44,3,2021,0,0,0
2021-11-03 06:00:00,61.4,100.0,22.7,11,3,307,44,3,2021,0,0,0
2021-11-03 07:00:00,78.4,100.0,22.7,11,3,307,44,3,2021,0,0,0
2021-11-03 08:00:00,83.9,100.0,23.0,11,3,307,44,3,2021,0,0,0
2021-11-03 09:00:00,94.3,100.0,23.3,11,3,307,44,3,2021,0,0,0
2021-11-03 10:00:00,54.9,97.3,24.2,11,3,307,44,3,2021,0,0,0
2021-11-03 11:00:00,48.0,93.9,24.9,11,3,307,44,3,2021,0,0,0
2021-11-03 12:00:00,48.1,97.0,24.6,11,3,307,44,3,2021,0,0,0
2021-11-03 13:00:00,45.5,96.8,24.7,11,3,307,44,3,2021,0,0,0
2021-11-03 14:00:00,45.9,93.2,25.2,11,3,307,44,3,2021,0,0,0
2021-11-03 15:00:00,45.8,90.3,25.8,11,3,307,44,3,2021,0,0,0
2021-11-03 16:00:00,33.8,87.3,26.1,11,3,307,44,3,2021,0,0,0
2021-11-03 17:00:00,32.3,85.6,26.3,11,3,307,44,3,2021,0,0,0
2021-11-03 18:00:00,35.0,87.1,26.0,11,3,307,44,3,2021,0,0,0
2021-11-03 19:00:00,41.8,89.9,25.4,11,3,307,44,3,2021,0,0,0
2021-11-03 20:00:00,42.6,92.0,25.0,11,3,307,44,3,2021,0,0,0
2021-11-03 21:00:00,44.3,92.7,24.7,11,3,307,44,3,2021,0,0,0
2021-11-03 22:00:00,83.4,99.5,23.9,11,3,307,44,3,2021,0,0,0
2021-11-03 23:00:00,77.5,100.0,23.6,11,3,307,44,3,2021,0,0,0
2021-12-03 00:00:00,96.4,100.0,23.2,12,3,337,48,5,2021,1,0,0
2021-12-03 01:00:00,85.5,100.0,22.8,12,3,337,48,5,2021,1,0,0
2021-12-03 02:00:00,66.8,100.0,22.7,12,3,337,48,5,2021,1,0,0
2021-12-03 03:00:00,42.5,100.0,22.6,12,3,337,48,5,2021,1,0,0
2021-12-03 04:00:00,68.3,100.0,22.6,12,3,337,48,5,2021,1,0,0
2021-12-03 05:00:00,60.1,100.0,22.7,12,3,337,48,5,2021,1,0,0
2021-12-03 06:00:00,48.1,100.0,22.6,12,3,337,48,5,2021,1,0,0
2021-12-03 07:00:00,53.9,99.9,22.9,12,3,337,48,5,2021,1,0,0
2021-12-03 08:00:00,78.7,99.2,23.3,12,3,337,48,5,2021,1,0,0
2021-12-03 09:00:00,78.8,98.4,23.7,12,3,337,48,5,2021,1,0,0
2021-12-03 10:00:00,81.0,94.5,24.6,12,3,337,48,5,2021,1,0,0
2021-12-03 11:00:00,92.9,91.1,25.3,12,3,337,48,5,2021,1,0,0
2021-12-03 12:00:00,93.4,88.7,25.8,12,3,337,48,5,2021,1,0,0
2021-12-03 13:00:00,59.0,82.8,26.5,12,3,337,48,5,2021,1,0,0
2021-12-03 14:00:00,37.3,75.3,27.9,12,3,337,48,5,2021,1,0,0
2021-12-03 15:00:00,35.2,72.7,28.0,12,3,337,48,5,2021,1,0,0
2021-12-03 16:00:00,49.7,75.5,27.7,12,3,337,48,5,2021,1,0,0
2021-12-03 17:00:00,59.0,76.2,27.4,12,3,337,48,5,2021,1,0,0
2021-12-03 18:00:00,69.1,80.5,26.9,12,3,337,48,5,2021,1,0,0
2021-12-03 19:00:00,77.4,87.1,26.1,12,3,337,48,5,2021,1,0,0
2021-12-03 20:00:00,92.4,92.8,25.4,12,3,337,48,5,2021,1,0,0
2021-12-03 21:00:00,91.9,97.1,24.6,12,3,337,48,5,2021,1,0,0
2021-12-03 22:00:00,112.5,98.5,23.8,12,3,337,48,5,2021,1,0,0
2021-12-03 23:00:00,99.8,99.0,23.4,12,3,337,48,5,2021,1,0,0
2021-03-13 00:00:00,92.9,99.9,22.9,3,13,72,10,6,2021,1,0,0
2021-03-13 01:00:00,97.0,100.0,22.6,3,13,72,10,6,2021,1,0,0
2021-03-13 02:00:00,87.3,100.0,22.6,3,13,72,10,6,2021,1,0,0
2021-03-13 03:00:00,83.4,100.0,22.6,3,13,72,10,6,2021,1,0,0
2021-03-13 04:00:00,75.3,100.0,22.8,3,13,72,10,6,2021,1,0,0
2021-03-13 05:00:00,63.2,100.0,22.7,3,13,72,10,6,2021,1,0,0
2021-03-13 06:00:00,62.0,100.0,22.5,3,13,72,10,6,2021,1,0,0
2021-03-13 07:00:00,43.7,98.0,23.0,3,13,72,10,6,2021,1,0,0
2021-03-13 08:00:00,43.8,97.0,23.2,3,13,72,10,6,2021,1,0,0
2021-03-13 09:00:00,55.0,95.6,23.8,3,13,72,10,6,2021,1,0,0
2021-03-13 10:00:00,57.6,90.4,24.9,3,13,72,10,6,2021,1,0,0
2021-03-13 11:00:00,58.7,88.1,25.5,3,13,72,10,6,2021,1,0,0
2021-03-13 12:00:00,85.5,90.7,25.2,3,13,72,10,6,2021,1,0,0
2021-03-13 13:00:00,85.6,90.3,25.2,3,13,72,10,6,2021,1,0,0
2021-03-13 14:00:00,95.1,92.2,24.9,3,13,72,10,6,2021,1,0,0
2021-03-13 15:00:00,121.3,95.7,24.6,3,13,72,10,6,2021,1,0,0
2021-03-13 16:00:00,108.4,93.8,24.7,3,13,72,10,6,2021,1,0,0
2021-03-13 17:00:00,106.5,92.1,24.9,3,13,72,10,6,2021,1,0,0
2021-03-13 18:00:00,102.0,91.8,24.9,3,13,72,10,6,2021,1,0,0
2021-03-13 19:00:00,91.6,92.6,24.8,3,13,72,10,6,2021,1,0,0
2021-03-13 20:00:00,81.8,93.4,24.3,3,13,72,10,6,2021,1,0,0
2021-03-13 21:00:00,99.2,93.5,24.2,3,13,72,10,6,2021,1,0,0
2021-03-13 22:00:00,111.9,95.8,23.8,3,13,72,10,6,2021,1,0,0
2021-03-13 23:00:00,113.0,97.6,23.3,3,13,72,10,6,2021,1,0,0
2021-03-14 00:00:00,121.8,99.6,22.9,3,14,73,10,7,2021,1,0,0
2021-03-14 01:00:00,132.7,100.0,22.5,3,14,73,10,7,2021,1,0,0
2021-03-14 02:00:00,159.1,100.0,21.9,3,14,73,10,7,2021,1,0,0
2021-03-14 03:00:00,169.1,100.0,21.3,3,14,73,10,7,2021,1,0,0
2021-03-14 04:00:00,133.6,100.0,21.3,3,14,73,10,7,2021,1,0,0
2021-03-14 05:00:00,124.2,100.0,21.3,3,14,73,10,7,2021,1,0,0
2021-03-14 06:00:00,114.4,100.0,21.4,3,14,73,10,7,2021,1,0,0
2021-03-14 07:00:00,82.0,100.0,21.8,3,14,73,10,7,2021,1,0,0
2021-03-14 08:00:00,78.1,96.1,22.8,3,14,73,10,7,2021,1,0,0
2021-03-14 09:00:00,61.2,91.5,23.8,3,14,73,10,7,2021,1,0,0
2021-03-14 10:00:00,53.5,86.5,24.9,3,14,73,10,7,2021,1,0,0
2021-03-14 11:00:00,62.5,84.3,25.4,3,14,73,10,7,2021,1,0,0
2021-03-14 12:00:00,61.2,82.0,25.9,3,14,73,10,7,2021,1,0,0
2021-03-14 13:00:00,65.9,80.9,26.2,3,14,73,10,7,2021,1,0,0
2021-03-14 14:00:00,54.3,78.2,26.6,3,14,73,10,7,2021,1,0,0
2021-03-14 15:00:00,59.8,77.7,26.7,3,14,73,10,7,2021,1,0,0
2021-03-14 16:00:00,55.8,76.7,27.0,3,14,73,10,7,2021,1,0,0
2021-03-14 17:00:00,68.6,78.3,26.8,3,14,73,10,7,2021,1,0,0
2021-03-14 18:00:00,72.5,81.5,26.4,3,14,73,10,7,2021,1,0,0
2021-03-14 19:00:00,78.1,90.1,25.3,3,14,73,10,7,2021,1,0,0
2021-03-14 20:00:00,245.0,92.5,25.1,3,14,73,10,7,2021,1,0,0
2021-03-14 21:00:00,83.7,96.4,24.1,3,14,73,10,7,2021,1,0,0
2021-03-14 22:00:00,111.9,98.4,23.6,3,14,73,10,7,2021,1,0,0
2021-03-14 23:00:00,88.6,100.0,23.1,3,14,73,10,7,2021,1,0,0
2021-03-15 00:00:00,93.1,100.0,22.8,3,15,74,11,1,2021,0,0,0
2021-03-15 01:00:00,132.6,100.0,22.4,3,15,74,11,1,2021,0,0,0
2021-03-15 02:00:00,103.4,100.0,22.3,3,15,74,11,1,2021,0,0,0
2021-03-15 03:00:00,100.3,100.0,22.2,3,15,74,11,1,2021,0,0,0
2021-03-15 04:00:00,92.2,100.0,22.2,3,15,74,11,1,2021,0,0,0
2021-03-15 05:00:00,92.4,100.0,22.0,3,15,74,11,1,2021,0,0,0
2021-03-15 06:00:00,96.2,100.0,21.9,3,15,74,11,1,2021,0,0,0
2021-03-15 07:00:00,91.6,100.0,22.1,3,15,74,11,1,2021,0,0,0
2021-03-15 08:00:00,83.6,99.8,23.2,3,15,74,11,1,2021,0,0,0
2021-03-15 09:00:00,66.6,94.4,24.4,3,15,74,11,1,2021,0,0,0
2021-03-15 10:00:00,59.3,87.1,25.8,3,15,74,11,1,2021,0,0,0
2021-03-15 11:00:00,52.4,84.2,26.4,3,15,74,11,1,2021,0,0,0
2021-03-15 12:00:00,46.0,80.4,27.2,3,15,74,11,1,2021,0,0,0
2021-03-15 13:00:00,48.7,83.0,26.6,3,15,74,11,1,2021,0,0,0
2021-03-15 14:00:00,39.2,83.3,26.1,3,15,74,11,1,2021,0,0,0
2021-03-15 15:00:00,42.2,84.2,26.2,3,15,74,11,1,2021,0,0,0
2021-03-15 16:00:00,39.5,83.8,26.3,3,15,74,11,1,2021,0,0,0
2021-03-15 17:00:00,36.9,82.5,26.5,3,15,74,11,1,2021,0,0,0
2021-03-15 18:00:00,36.2,82.7,26.2,3,15,74,11,1,2021,0,0,0
2021-03-15 19:00:00,45.0,86.4,25.7,3,15,74,11,1,2021,0,0,0
2021-03-15 20:00:00,48.1,89.9,25.2,3,15,74,11,1,2021,0,0,0
2021-03-15 21:00:00,53.1,93.9,24.8,3,15,74,11,1,2021,0,0,0
2021-03-15 22:00:00,50.0,96.3,24.6,3,15,74,11,1,2021,0,0,0
2021-03-15 23:00:00,43.3,97.9,24.4,3,15,74,11,1,2021,0,0,0
2021-03-16 00:00:00,42.9,98.7,24.3,3,16,75,11,2,2021,0,0,0
2021-03-16 01:00:00,49.4,100.0,24.1,3,16,75,11,2,2021,0,0,0
2021-03-16 02:00:00,59.5,100.0,23.8,3,16,75,11,2,2021,0,0,0
2021-03-16 03:00:00,66.2,100.0,23.5,3,16,75,11,2,2021,0,0,0
2021-03-16 04:00:00,76.6,100.0,23.2,3,16,75,11,2,2021,0,0,0
2021-03-16 05:00:00,93.1,100.0,23.2,3,16,75,11,2,2021,0,0,0
2021-03-16 06:00:00,108.7,100.0,23.0,3,16,75,11,2,2021,0,0,0
2021-03-16 07:00:00,130.9,100.0,22.8,3,16,75,11,2,2021,0,0,0
2021-03-16 08:00:00,114.3,100.0,23.0,3,16,75,11,2,2021,0,0,0
2021-03-16 09:00:00,79.8,100.0,23.1,3,16,75,11,2,2021,0,0,0
2021-03-16 10:00:00,76.3,100.0,23.5,3,16,75,11,2,2021,0,0,0
2021-03-16 11:00:00,71.8,100.0,24.0,3,16,75,11,2,2021,0,0,0
2021-03-16 12:00:00,70.8,100.0,24.2,3,16,75,11,2,2021,0,0,0
2021-03-16 13:00:00,71.0,100.0,24.6,3,16,75,11,2,2021,0,0,0
2021-03-16 14:00:00,67.7,100.0,24.5,3,16,75,11,2,2021,0,0,0
2021-03-16 15:00:00,71.2,100.0,24.3,3,16,75,11,2,2021,0,0,0
2021-03-16 16:00:00,74.2,100.0,24.2,3,16,75,11,2,2021,0,0,0
2021-03-16 17:00:00,60.5,99.5,24.4,3,16,75,11,2,2021,0,0,0
2021-03-16 18:00:00,51.7,97.0,24.6,3,16,75,11,2,2021,0,0,0
2021-03-16 19:00:00,52.4,96.2,24.5,3,16,75,11,2,2021,0,0,0
2021-03-16 20:00:00,55.1,96.0,24.5,3,16,75,11,2,2021,0,0,0
2021-03-16 21:00:00,58.0,96.8,24.5,3,16,75,11,2,2021,0,0,0
2021-03-16 22:00:00,55.7,97.8,24.3,3,16,75,11,2,2021,0,0,0
2021-03-16 23:00:00,50.4,99.2,24.2,3,16,75,11,2,2021,0,0,0
2021-03-17 00:00:00,52.7,100.0,24.1,3,17,76,11,3,2021,0,0,0
2021-03-17 01:00:00,56.8,100.0,23.8,3,17,76,11,3,2021,0,0,0
2021-03-17 02:00:00,62.3,100.0,23.4,3,17,76,11,3,2021,0,0,0
2021-03-17 03:00:00,73.0,100.0,23.4,3,17,76,11,3,2021,0,0,0
2021-03-17 04:00:00,80.1,100.0,23.3,3,17,76,11,3,2021,0,0,0
2021-03-17 05:00:00,78.2,100.0,23.4,3,17,76,11,3,2021,0,0,0
2021-03-17 06:00:00,75.3,100.0,23.4,3,17,76,11,3,2021,0,0,0
2021-03-17 07:00:00,63.4,100.0,23.6,3,17,76,11,3,2021,0,0,0
2021-03-17 08:00:00,61.4,100.0,24.0,3,17,76,11,3,2021,0,0,0
2021-03-17 09:00:00,59.6,99.6,24.3,3,17,76,11,3,2021,0,0,0
2021-03-17 10:00:00,56.9,96.9,25.0,3,17,76,11,3,2021,0,0,0
2021-03-17 11:00:00,65.9,96.2,25.3,3,17,76,11,3,2021,0,0,0
2021-03-17 12:00:00,68.6,93.9,25.9,3,17,76,11,3,2021,0,0,0
2021-03-17 13:00:00,56.5,89.9,26.5,3,17,76,11,3,2021,0,0,0
2021-03-17 14:00:00,55.6,90.0,26.4,3,17,76,11,3,2021,0,0,0
2021-03-17 15:00:00,55.2,91.7,26.1,3,17,76,11,3,2021,0,0,0
2021-03-17 16:00:00,57.1,92.0,26.1,3,17,76,11,3,2021,0,0,0
2021-03-17 17:00:00,67.6,92.9,26.1,3,17,76,11,3,2021,0,0,0
2021-03-17 18:00:00,70.6,93.2,26.0,3,17,76,11,3,2021,0,0,0
2021-03-17 19:00:00,87.0,94.4,25.7,3,17,76,11,3,2021,0,0,0
2021-03-17 20:00:00,75.1,95.9,25.4,3,17,76,11,3,2021,0,0,0
2021-03-17 21:00:00,61.2,96.4,25.2,3,17,76,11,3,2021,0,0,0
2021-03-17 22:00:00,56.9,96.3,25.1,3,17,76,11,3,2021,0,0,0
2021-03-17 23:00:00,58.2,97.7,24.9,3,17,76,11,3,2021,0,0,0
2021-03-18 00:00:00,60.7,99.7,24.5,3,18,77,11,4,2021,0,0,0
2021-03-18 01:00:00,58.3,100.0,24.2,3,18,77,11,4,2021,0,0,0
2021-03-18 02:00:00,65.5,100.0,23.9,3,18,77,11,4,2021,0,0,0
2021-03-18 03:00:00,68.3,100.0,23.8,3,18,77,11,4,2021,0,0,0
2021-03-18 04:00:00,65.1,100.0,23.6,3,18,77,11,4,2021,0,0,0
2021-03-18 05:00:00,68.9,100.0,23.5,3,18,77,11,4,2021,0,0,0
2021-03-18 06:00:00,79.0,100.0,23.3,3,18,77,11,4,2021,0,0,0
2021-03-18 07:00:00,84.5,100.0,23.2,3,18,77,11,4,2021,0,0,0
2021-03-18 08:00:00,92.6,100.0,23.7,3,18,77,11,4,2021,0,0,0
2021-03-18 09:00:00,87.5,100.0,23.9,3,18,77,11,4,2021,0,0,0
2021-03-18 10:00:00,80.2,100.0,24.3,3,18,77,11,4,2021,0,0,0
2021-03-18 11:00:00,85.0,100.0,24.7,3,18,77,11,4,2021,0,0,0
2021-03-18 12:00:00,85.0,99.6,25.1,3,18,77,11,4,2021,0,0,0
2021-03-18 13:00:00,81.0,96.4,25.7,3,18,77,11,4,2021,0,0,0
2021-03-18 14:00:00,67.6,94.0,26.2,3,18,77,11,4,2021,0,0,0
2021-03-18 15:00:00,58.0,92.1,26.5,3,18,77,11,4,2021,0,0,0
2021-03-18 16:00:00,45.5,90.5,26.5,3,18,77,11,4,2021,0,0,0
2021-03-18 17:00:00,41.0,89.5,26.7,3,18,77,11,4,2021,0,0,0
2021-03-18 18:00:00,39.6,90.1,26.6,3,18,77,11,4,2021,0,0,0
2021-03-18 19:00:00,58.2,95.0,26.0,3,18,77,11,4,2021,0,0,0
2021-03-18 20:00:00,65.7,97.8,25.4,3,18,77,11,4,2021,0,0,0
2021-03-18 21:00:00,76.5,99.4,24.9,3,18,77,11,4,2021,0,0,0
2021-03-18 22:00:00,81.0,100.0,24.7,3,18,77,11,4,2021,0,0,0
2021-03-18 23:00:00,80.0,100.0,24.4,3,18,77,11,4,2021,0,0,0
2021-03-19 00:00:00,73.8,100.0,24.2,3,19,78,11,5,2021,1,0,0
2021-03-19 01:00:00,75.0,100.0,23.9,3,19,78,11,5,2021,1,0,0
2021-03-19 02:00:00,85.1,100.0,23.6,3,19,78,11,5,2021,1,0,0
2021-03-19 03:00:00,103.4,100.0,23.4,3,19,78,11,5,2021,1,0,0
2021-03-19 04:00:00,75.0,100.0,23.6,3,19,78,11,5,2021,1,0,0
2021-03-19 05:00:00,63.3,100.0,23.7,3,19,78,11,5,2021,1,0,0
2021-03-19 06:00:00,54.7,100.0,23.9,3,19,78,11,5,2021,1,0,0
2021-03-19 07:00:00,53.4,100.0,24.1,3,19,78,11,5,2021,1,0,0
2021-03-19 08:00:00,61.1,100.0,24.7,3,19,78,11,5,2021,1,0,0
2021-03-19 09:00:00,62.2,100.0,25.2,3,19,78,11,5,2021,1,0,0
2021-03-19 10:00:00,60.8,98.0,25.8,3,19,78,11,5,2021,1,0,0
2021-03-19 11:00:00,60.5,95.0,26.4,3,19,78,11,5,2021,1,0,0
2021-03-19 12:00:00,54.2,93.0,26.7,3,19,78,11,5,2021,1,0,0
2021-03-19 13:00:00,48.2,93.8,26.6,3,19,78,11,5,2021,1,0,0
2021-03-19 14:00:00,34.2,92.3,26.6,3,19,78,11,5,2021,1,0,0
2021-03-19 15:00:00,26.1,90.7,26.9,3,19,78,11,5,2021,1,0,0
2021-03-19 16:00:00,29.1,91.6,26.6,3,19,78,11,5,2021,1,0,0
2021-03-19 17:00:00,34.2,92.4,26.3,3,19,78,11,5,2021,1,0,0
2021-03-19 18:00:00,39.3,93.9,25.9,3,19,78,11,5,2021,1,0,0
2021-03-19 19:00:00,41.0,94.8,25.8,3,19,78,11,5,2021,1,0,0
2021-03-19 20:00:00,39.0,95.3,25.6,3,19,78,11,5,2021,1,0,0
2021-03-19 21:00:00,27.0,95.0,25.5,3,19,78,11,5,2021,1,0,0
2021-03-19 22:00:00,37.8,97.5,25.3,3,19,78,11,5,2021,1,0,0
2021-03-19 23:00:00,34.9,99.2,25.1,3,19,78,11,5,2021,1,0,0
2021-03-20 00:00:00,50.9,100.0,24.8,3,20,79,11,6,2021,1,0,0
2021-03-20 01:00:00,55.9,100.0,24.7,3,20,79,11,6,2021,1,0,0
2021-03-20 02:00:00,40.9,100.0,24.6,3,20,79,11,6,2021,1,0,0
2021-03-20 03:00:00,55.5,100.0,24.4,3,20,79,11,6,2021,1,0,0
2021-03-20 04:00:00,47.3,100.0,24.3,3,20,79,11,6,2021,1,0,0
2021-03-20 05:00:00,45.2,100.0,24.3,3,20,79,11,6,2021,1,0,0
2021-03-20 06:00:00,41.9,100.0,24.3,3,20,79,11,6,2021,1,0,0
2021-03-20 07:00:00,52.3,100.0,24.5,3,20,79,11,6,2021,1,0,0
2021-03-20 08:00:00,65.3,100.0,24.9,3,20,79,11,6,2021,1,0,0
2021-03-20 09:00:00,52.3,100.0,25.4,3,20,79,11,6,2021,1,0,0
2021-03-20 10:00:00,41.3,99.9,25.5,3,20,79,11,6,2021,1,0,0
2021-03-20 11:00:00,53.0,100.0,24.9,3,20,79,11,6,2021,1,0,0
2021-03-20 12:00:00,61.1,100.0,25.4,3,20,79,11,6,2021,1,0,0
2021-03-20 13:00:00,62.1,100.0,25.8,3,20,79,11,6,2021,1,0,0
2021-03-20 14:00:00,42.5,99.9,26.0,3,20,79,11,6,2021,1,0,0
2021-03-20 15:00:00,37.5,97.5,26.5,3,20,79,11,6,2021,1,0,0
2021-03-20 16:00:00,35.7,99.4,26.0,3,20,79,11,6,2021,1,0,0
2021-03-20 17:00:00,44.4,100.0,25.1,3,20,79,11,6,2021,1,0,0
2021-03-20 18:00:00,57.8,100.0,24.7,3,20,79,11,6,2021,1,0,0
2021-03-20 19:00:00,51.9,100.0,24.5,3,20,79,11,6,2021,1,0,0
2021-03-20 20:00:00,46.5,100.0,24.7,3,20,79,11,6,2021,1,0,0
2021-03-20 21:00:00,46.7,100.0,25.1,3,20,79,11,6,2021,1,0,0
2021-03-20 22:00:00,50.1,100.0,25.1,3,20,79,11,6,2021,1,0,0
2021-03-20 23:00:00,43.9,100.0,25.2,3,20,79,11,6,2021,1,0,0
2021-03-21 00:00:00,47.1,100.0,25.1,3,21,80,11,7,2021,1,0,0
2021-03-21 01:00:00,42.5,100.0,24.9,3,21,80,11,7,2021,1,0,0
2021-03-21 02:00:00,43.9,100.0,24.8,3,21,80,11,7,2021,1,0,0
2021-03-21 03:00:00,60.8,100.0,24.6,3,21,80,11,7,2021,1,0,0
2021-03-21 04:00:00,67.7,100.0,24.4,3,21,80,11,7,2021,1,0,0
2021-03-21 05:00:00,67.7,100.0,24.4,3,21,80,11,7,2021,1,0,0
2021-03-21 06:00:00,74.3,100.0,24.5,3,21,80,11,7,2021,1,0,0
2021-03-21 07:00:00,97.2,100.0,24.3,3,21,80,11,7,2021,1,0,0
2021-03-21 08:00:00,76.05,100.0,23.7,3,21,80,11,7,2021,1,0,0
2021-03-21 09:00:00,54.9,100.0,22.2,3,21,80,11,7,2021,1,0,0
2021-03-21 10:00:00,14.3,99.0,20.2,3,21,80,11,7,2021,1,0,0
2021-03-21 11:00:00,4.2,92.4,20.2,3,21,80,11,7,2021,1,0,0
2021-03-21 12:00:00,6.5,86.8,20.5,3,21,80,11,7,2021,1,0,0
2021-03-21 13:00:00,5.2,80.5,20.6,3,21,80,11,7,2021,1,0,0
2021-03-21 14:00:00,8.6,79.0,20.5,3,21,80,11,7,2021,1,0,0
2021-03-21 15:00:00,9.3,77.2,20.3,3,21,80,11,7,2021,1,0,0
2021-03-21 16:00:00,9.9,75.1,20.3,3,21,80,11,7,2021,1,0,0
2021-03-21 17:00:00,10.8,70.8,20.3,3,21,80,11,7,2021,1,0,0
2021-03-21 18:00:00,12.0,70.9,20.3,3,21,80,11,7,2021,1,0,0
2021-03-21 19:00:00,12.3,70.5,20.2,3,21,80,11,7,2021,1,0,0
2021-03-21 20:00:00,14.7,70.6,20.0,3,21,80,11,7,2021,1,0,0
2021-03-21 21:00:00,14.5,68.6,19.9,3,21,80,11,7,2021,1,0,0
2021-03-21 22:00:00,17.0,70.9,19.8,3,21,80,11,7,2021,1,0,0
2021-03-21 23:00:00,18.0,73.6,19.7,3,21,80,11,7,2021,1,0,0
2021-03-22 00:00:00,17.2,70.9,19.4,3,22,81,12,1,2021,0,0,0
2021-03-22 01:00:00,15.8,70.1,19.1,3,22,81,12,1,2021,0,0,0
2021-03-22 02:00:00,24.7,70.2,18.8,3,22,81,12,1,2021,0,0,0
2021-03-22 03:00:00,22.9,70.9,18.7,3,22,81,12,1,2021,0,0,0
2021-03-22 04:00:00,18.1,70.6,18.5,3,22,81,12,1,2021,0,0,0
2021-03-22 05:00:00,16.9,67.6,18.3,3,22,81,12,1,2021,0,0,0
2021-03-22 06:00:00,18.0,66.0,18.3,3,22,81,12,1,2021,0,0,0
2021-03-22 07:00:00,20.0,67.7,18.3,3,22,81,12,1,2021,0,0,0
2021-03-22 08:00:00,29.8,68.9,18.4,3,22,81,12,1,2021,0,0,0
2021-03-22 09:00:00,30.2,67.0,18.5,3,22,81,12,1,2021,0,0,0
2021-03-22 10:00:00,26.4,61.6,19.0,3,22,81,12,1,2021,0,0,0
2021-03-22 11:00:00,21.5,58.1,19.4,3,22,81,12,1,2021,0,0,0
2021-03-22 12:00:00,21.2,56.7,19.8,3,22,81,12,1,2021,0,0,0
2021-03-22 13:00:00,23.1,56.4,20.2,3,22,81,12,1,2021,0,0,0
2021-03-22 14:00:00,21.2,56.7,20.3,3,22,81,12,1,2021,0,0,0
2021-03-22 15:00:00,21.8,56.1,20.5,3,22,81,12,1,2021,0,0,0
2021-03-22 16:00:00,24.4,58.1,20.3,3,22,81,12,1,2021,0,0,0
2021-03-22 17:00:00,25.6,59.7,20.3,3,22,81,12,1,2021,0,0,0
2021-03-22 18:00:00,30.3,60.8,20.1,3,22,81,12,1,2021,0,0,0
2021-03-22 19:00:00,33.2,61.9,20.0,3,22,81,12,1,2021,0,0,0
2021-03-22 20:00:00,41.1,63.5,19.9,3,22,81,12,1,2021,0,0,0
2021-03-22 21:00:00,52.8,69.7,19.4,3,22,81,12,1,2021,0,0,0
2021-03-22 22:00:00,48.5,68.5,19.3,3,22,81,12,1,2021,0,0,0
2021-03-22 23:00:00,48.6,68.0,19.2,3,22,81,12,1,2021,0,0,0
2021-03-23 00:00:00,60.4,71.4,19.2,3,23,82,12,2,2021,0,0,0
2021-03-23 01:00:00,54.8,69.0,18.8,3,23,82,12,2,2021,0,0,0
2021-03-23 02:00:00,39.9,65.7,18.5,3,23,82,12,2,2021,0,0,0
2021-03-23 03:00:00,35.2,66.0,18.3,3,23,82,12,2,2021,0,0,0
2021-03-23 04:00:00,43.7,64.7,18.4,3,23,82,12,2,2021,0,0,0
2021-03-23 05:00:00,41.7,64.1,18.3,3,23,82,12,2,2021,0,0,0
2021-03-23 06:00:00,45.7,66.2,18.2,3,23,82,12,2,2021,0,0,0
2021-03-23 07:00:00,46.0,67.7,18.2,3,23,82,12,2,2021,0,0,0
2021-03-23 08:00:00,48.0,67.4,18.6,3,23,82,12,2,2021,0,0,0
2021-03-23 09:00:00,53.6,64.8,19.3,3,23,82,12,2,2021,0,0,0
2021-03-23 10:00:00,40.4,56.1,20.3,3,23,82,12,2,2021,0,0,0
2021-03-23 11:00:00,36.0,52.2,21.3,3,23,82,12,2,2021,0,0,0
2021-03-23 12:00:00,33.0,52.5,21.4,3,23,82,12,2,2021,0,0,0
2021-03-23 13:00:00,30.9,50.1,22.6,3,23,82,12,2,2021,0,0,0
2021-03-23 14:00:00,30.8,50.8,22.5,3,23,82,12,2,2021,0,0,0
2021-03-23 15:00:00,31.5,50.9,22.4,3,23,82,12,2,2021,0,0,0
2021-03-23 16:00:00,37.1,53.9,22.2,3,23,82,12,2,2021,0,0,0
2021-03-23 17:00:00,35.4,54.7,22.0,3,23,82,12,2,2021,0,0,0
2021-03-23 18:00:00,39.3,57.4,21.8,3,23,82,12,2,2021,0,0,0
2021-03-23 19:00:00,49.1,61.5,21.4,3,23,82,12,2,2021,0,0,0
2021-03-23 20:00:00,61.3,63.3,21.2,3,23,82,12,2,2021,0,0,0
2021-03-23 21:00:00,65.6,65.4,20.9,3,23,82,12,2,2021,0,0,0
2021-03-23 22:00:00,77.5,79.5,20.1,3,23,82,12,2,2021,0,0,0
2021-03-23 23:00:00,74.8,82.5,19.9,3,23,82,12,2,2021,0,0,0
2021-03-24 00:00:00,56.6,84.2,19.8,3,24,83,12,3,2021,0,0,0
2021-03-24 01:00:00,61.0,85.3,19.7,3,24,83,12,3,2021,0,0,0
2021-03-24 02:00:00,55.0,85.2,19.7,3,24,83,12,3,2021,0,0,0
2021-03-24 03:00:00,54.7,85.9,19.6,3,24,83,12,3,2021,0,0,0
2021-03-24 04:00:00,56.8,86.4,19.5,3,24,83,12,3,2021,0,0,0
2021-03-24 05:00:00,63.7,87.6,19.6,3,24,83,12,3,2021,0,0,0
2021-03-24 06:00:00,69.9,88.9,19.5,3,24,83,12,3,2021,0,0,0
2021-03-24 07:00:00,66.1,87.4,19.8,3,24,83,12,3,2021,0,0,0
2021-03-24 08:00:00,80.4,85.5,20.2,3,24,83,12,3,2021,0,0,0
2021-03-24 09:00:00,112.5,87.0,20.5,3,24,83,12,3,2021,0,0,0
2021-03-24 10:00:00,126.7,86.5,20.7,3,24,83,12,3,2021,0,0,0
2021-03-24 11:00:00,141.1,83.4,21.1,3,24,83,12,3,2021,0,0,0
2021-03-24 12:00:00,130.7,82.1,21.1,3,24,83,12,3,2021,0,0,0
2021-03-24 13:00:00,134.4,81.5,21.2,3,24,83,12,3,2021,0,0,0
2021-03-24 14:00:00,138.5,78.0,21.9,3,24,83,12,3,2021,0,0,0
2021-03-24 15:00:00,153.3,78.2,21.9,3,24,83,12,3,2021,0,0,0
2021-03-24 16:00:00,148.5,77.9,22.2,3,24,83,12,3,2021,0,0,0
2021-03-24 17:00:00,121.8,79.3,22.2,3,24,83,12,3,2021,0,0,0
2021-03-24 18:00:00,146.9,81.5,22.1,3,24,83,12,3,2021,0,0,0
2021-03-24 19:00:00,173.2,84.2,21.7,3,24,83,12,3,2021,0,0,0
2021-03-24 20:00:00,156.8,85.5,21.6,3,24,83,12,3,2021,0,0,0
2021-03-24 21:00:00,149.4,86.9,21.5,3,24,83,12,3,2021,0,0,0
2021-03-24 22:00:00,144.5,88.0,21.5,3,24,83,12,3,2021,0,0,0
2021-03-24 23:00:00,167.8,91.2,21.2,3,24,83,12,3,2021,0,0,0
2021-03-25 00:00:00,150.8,92.9,21.0,3,25,84,12,4,2021,0,0,0
2021-03-25 01:00:00,155.3,95.6,20.9,3,25,84,12,4,2021,0,0,0
2021-03-25 02:00:00,174.2,97.7,20.7,3,25,84,12,4,2021,0,0,0
2021-03-25 03:00:00,179.0,98.6,20.7,3,25,84,12,4,2021,0,0,0
2021-03-25 04:00:00,188.9,100.0,20.4,3,25,84,12,4,2021,0,0,0
2021-03-25 05:00:00,145.7,98.4,20.4,3,25,84,12,4,2021,0,0,0
2021-03-25 06:00:00,159.2,99.8,20.0,3,25,84,12,4,2021,0,0,0
2021-03-25 07:00:00,196.8,100.0,19.8,3,25,84,12,4,2021,0,0,0
2021-03-25 08:00:00,161.9,100.0,20.6,3,25,84,12,4,2021,0,0,0
2021-03-25 09:00:00,180.9,100.0,20.6,3,25,84,12,4,2021,0,0,0
2021-03-25 10:00:00,177.6,100.0,20.8,3,25,84,12,4,2021,0,0,0
2021-03-25 11:00:00,184.0,100.0,20.7,3,25,84,12,4,2021,0,0,0
2021-03-25 12:00:00,158.5,100.0,21.1,3,25,84,12,4,2021,0,0,0
2021-03-25 13:00:00,203.5,100.0,21.1,3,25,84,12,4,2021,0,0,0
2021-03-25 14:00:00,232.4,100.0,21.0,3,25,84,12,4,2021,0,0,0
2021-03-25 15:00:00,225.5,100.0,21.2,3,25,84,12,4,2021,0,0,0
2021-03-25 16:00:00,190.1,100.0,21.9,3,25,84,12,4,2021,0,0,0
2021-03-25 17:00:00,213.7,100.0,22.1,3,25,84,12,4,2021,0,0,0
2021-03-25 18:00:00,243.0,100.0,21.9,3,25,84,12,4,2021,0,0,0
2021-03-25 19:00:00,242.2,100.0,21.7,3,25,84,12,4,2021,0,0,0
2021-03-25 20:00:00,205.8,100.0,21.5,3,25,84,12,4,2021,0,0,0
2021-03-25 21:00:00,190.6,100.0,21.5,3,25,84,12,4,2021,0,0,0
2021-03-25 22:00:00,148.7,100.0,21.9,3,25,84,12,4,2021,0,0,0
2021-03-25 23:00:00,159.9,100.0,21.8,3,25,84,12,4,2021,0,0,0
2021-03-26 00:00:00,146.5,100.0,22.0,3,26,85,12,5,2021,1,0,0
2021-03-26 01:00:00,138.8,100.0,21.9,3,26,85,12,5,2021,1,0,0
2021-03-26 02:00:00,171.0,100.0,21.7,3,26,85,12,5,2021,1,0,0
2021-03-26 03:00:00,164.5,100.0,21.6,3,26,85,12,5,2021,1,0,0
2021-03-26 04:00:00,270.0,100.0,21.7,3,26,85,12,5,2021,1,0,0
2021-03-26 05:00:00,160.4,100.0,21.8,3,26,85,12,5,2021,1,0,0
2021-03-26 06:00:00,186.8,100.0,21.8,3,26,85,12,5,2021,1,0,0
2021-03-26 07:00:00,195.1,100.0,21.8,3,26,85,12,5,2021,1,0,0
2021-03-26 08:00:00,139.9,100.0,22.2,3,26,85,12,5,2021,1,0,0
2021-03-26 09:00:00,112.3,100.0,22.5,3,26,85,12,5,2021,1,0,0
2021-03-26 10:00:00,91.6,100.0,23.0,3,26,85,12,5,2021,1,0,0
2021-03-26 11:00:00,96.8,100.0,23.9,3,26,85,12,5,2021,1,0,0
2021-03-26 12:00:00,100.5,99.0,24.5,3,26,85,12,5,2021,1,0,0
2021-03-26 13:00:00,94.8,99.3,24.5,3,26,85,12,5,2021,1,0,0
2021-03-26 14:00:00,85.5,99.2,24.7,3,26,85,12,5,2021,1,0,0
2021-03-26 15:00:00,81.8,99.7,24.6,3,26,85,12,5,2021,1,0,0
2021-03-26 16:00:00,79.2,99.6,24.9,3,26,85,12,5,2021,1,0,0
2021-03-26 17:00:00,79.9,100.0,24.7,3,26,85,12,5,2021,1,0,0
2021-03-26 18:00:00,71.5,100.0,24.4,3,26,85,12,5,2021,1,0,0
2021-03-26 19:00:00,73.2,100.0,24.1,3,26,85,12,5,2021,1,0,0
2021-03-26 20:00:00,77.2,100.0,24.1,3,26,85,12,5,2021,1,0,0
2021-03-26 21:00:00,66.1,100.0,24.3,3,26,85,12,5,2021,1,0,0
2021-03-26 22:00:00,62.2,100.0,24.4,3,26,85,12,5,2021,1,0,0
2021-03-26 23:00:00,60.7,100.0,24.2,3,26,85,12,5,2021,1,0,0
2021-03-27 00:00:00,58.7,100.0,23.9,3,27,86,12,6,2021,1,0,0
2021-03-27 01:00:00,56.6,100.0,23.7,3,27,86,12,6,2021,1,0,0
2021-03-27 02:00:00,65.6,100.0,23.5,3,27,86,12,6,2021,1,0,0
2021-03-27 03:00:00,72.7,100.0,23.4,3,27,86,12,6,2021,1,0,0
2021-03-27 04:00:00,77.6,100.0,23.2,3,27,86,12,6,2021,1,0,0
2021-03-27 05:00:00,86.1,100.0,22.9,3,27,86,12,6,2021,1,0,0
2021-03-27 06:00:00,80.8,100.0,22.8,3,27,86,12,6,2021,1,0,0
2021-03-27 07:00:00,70.5,100.0,22.8,3,27,86,12,6,2021,1,0,0
2021-03-27 08:00:00,67.1,100.0,23.1,3,27,86,12,6,2021,1,0,0
2021-03-27 09:00:00,64.8,100.0,23.5,3,27,86,12,6,2021,1,0,0
2021-03-27 10:00:00,73.1,100.0,23.8,3,27,86,12,6,2021,1,0,0
2021-03-27 11:00:00,84.1,100.0,23.7,3,27,86,12,6,2021,1,0,0
2021-03-27 12:00:00,90.2,100.0,24.0,3,27,86,12,6,2021,1,0,0
2021-03-27 13:00:00,75.8,100.0,24.2,3,27,86,12,6,2021,1,0,0
2021-03-27 14:00:00,59.6,100.0,24.5,3,27,86,12,6,2021,1,0,0
2021-03-27 15:00:00,66.1,100.0,25.1,3,27,86,12,6,2021,1,0,0
2021-03-27 16:00:00,45.8,100.0,24.7,3,27,86,12,6,2021,1,0,0
2021-03-27 17:00:00,41.8,100.0,24.0,3,27,86,12,6,2021,1,0,0
2021-03-27 18:00:00,54.1,100.0,23.6,3,27,86,12,6,2021,1,0,0
2021-03-27 19:00:00,64.1,100.0,23.1,3,27,86,12,6,2021,1,0,0
2021-03-27 20:00:00,53.7,100.0,23.2,3,27,86,12,6,2021,1,0,0
2021-03-27 21:00:00,52.3,100.0,23.5,3,27,86,12,6,2021,1,0,0
2021-03-27 22:00:00,62.6,100.0,23.5,3,27,86,12,6,2021,1,0,0
2021-03-27 23:00:00,73.0,100.0,23.3,3,27,86,12,6,2021,1,0,0
2021-03-28 00:00:00,78.0,100.0,23.0,3,28,87,12,7,2021,1,0,0
2021-03-28 01:00:00,77.2,100.0,22.9,3,28,87,12,7,2021,1,0,0
2021-03-28 02:00:00,82.0,100.0,22.8,3,28,87,12,7,2021,1,0,0
2021-03-28 03:00:00,98.5,100.0,22.7,3,28,87,12,7,2021,1,0,0
2021-03-28 04:00:00,104.7,100.0,22.7,3,28,87,12,7,2021,1,0,0
2021-03-28 05:00:00,96.9,100.0,22.9,3,28,87,12,7,2021,1,0,0
2021-03-28 06:00:00,70.7,100.0,23.2,3,28,87,12,7,2021,1,0,0
2021-03-28 07:00:00,65.2,100.0,23.3,3,28,87,12,7,2021,1,0,0
2021-03-28 08:00:00,48.9,100.0,23.6,3,28,87,12,7,2021,1,0,0
2021-03-28 09:00:00,42.0,100.0,23.9,3,28,87,12,7,2021,1,0,0
2021-03-28 10:00:00,49.5,100.0,24.3,3,28,87,12,7,2021,1,0,0
2021-03-28 11:00:00,62.6,100.0,24.8,3,28,87,12,7,2021,1,0,0
2021-03-28 12:00:00,61.3,100.0,24.7,3,28,87,12,7,2021,1,0,0
2021-03-28 13:00:00,56.5,100.0,24.5,3,28,87,12,7,2021,1,0,0
2021-03-28 14:00:00,47.9,100.0,24.8,3,28,87,12,7,2021,1,0,0
2021-03-28 15:00:00,35.0,100.0,25.2,3,28,87,12,7,2021,1,0,0
2021-03-28 16:00:00,39.1,100.0,25.1,3,28,87,12,7,2021,1,0,0
2021-03-28 17:00:00,33.3,100.0,24.8,3,28,87,12,7,2021,1,0,0
2021-03-28 18:00:00,55.1,100.0,24.6,3,28,87,12,7,2021,1,0,0
2021-03-28 19:00:00,64.2,100.0,24.2,3,28,87,12,7,2021,1,0,0
2021-03-28 20:00:00,58.2,100.0,24.4,3,28,87,12,7,2021,1,0,0
2021-03-28 21:00:00,45.5,100.0,24.7,3,28,87,12,7,2021,1,0,0
2021-03-28 22:00:00,44.2,100.0,24.6,3,28,87,12,7,2021,1,0,0
2021-03-28 23:00:00,49.5,100.0,24.3,3,28,87,12,7,2021,1,0,0
2021-03-29 00:00:00,67.9,100.0,24.2,3,29,88,13,1,2021,0,0,0
2021-03-29 01:00:00,94.6,100.0,23.9,3,29,88,13,1,2021,0,0,0
2021-03-29 02:00:00,106.5,100.0,23.8,3,29,88,13,1,2021,0,0,0
2021-03-29 03:00:00,117.5,100.0,23.7,3,29,88,13,1,2021,0,0,0
2021-03-29 04:00:00,124.3,100.0,23.6,3,29,88,13,1,2021,0,0,0
2021-03-29 05:00:00,140.2,100.0,23.5,3,29,88,13,1,2021,0,0,0
2021-03-29 06:00:00,119.8,100.0,23.6,3,29,88,13,1,2021,0,0,0
2021-03-29 07:00:00,102.4,100.0,24.0,3,29,88,13,1,2021,0,0,0
2021-03-29 08:00:00,117.9,100.0,24.5,3,29,88,13,1,2021,0,0,0
2021-03-29 09:00:00,118.4,100.0,25.1,3,29,88,13,1,2021,0,0,0
2021-03-29 10:00:00,113.9,100.0,25.8,3,29,88,13,1,2021,0,0,0
2021-03-29 11:00:00,100.7,96.9,26.7,3,29,88,13,1,2021,0,0,0
2021-03-29 12:00:00,94.8,92.4,27.6,3,29,88,13,1,2021,0,0,0
2021-03-29 13:00:00,110.4,92.2,27.9,3,29,88,13,1,2021,0,0,0
2021-03-29 14:00:00,127.5,92.1,28.3,3,29,88,13,1,2021,0,0,0
2021-03-29 15:00:00,128.9,93.0,28.2,3,29,88,13,1,2021,0,0,0
2021-03-29 16:00:00,124.6,92.9,28.2,3,29,88,13,1,2021,0,0,0
2021-03-29 17:00:00,121.6,94.3,27.8,3,29,88,13,1,2021,0,0,0
2021-03-29 18:00:00,102.2,98.1,27.3,3,29,88,13,1,2021,0,0,0
2021-03-29 19:00:00,109.6,99.7,26.9,3,29,88,13,1,2021,0,0,0
2021-03-29 20:00:00,119.6,100.0,26.6,3,29,88,13,1,2021,0,0,0
2021-03-29 21:00:00,102.1,100.0,26.3,3,29,88,13,1,2021,0,0,0
2021-03-29 22:00:00,103.1,100.0,26.1,3,29,88,13,1,2021,0,0,0
2021-03-29 23:00:00,107.9,100.0,25.4,3,29,88,13,1,2021,0,0,0
2021-03-30 00:00:00,121.7,100.0,24.8,3,30,89,13,2,2021,0,0,0
2021-03-30 01:00:00,132.7,100.0,24.5,3,30,89,13,2,2021,0,0,0
2021-03-30 02:00:00,140.5,100.0,24.5,3,30,89,13,2,2021,0,0,0
2021-03-30 03:00:00,139.5,100.0,24.5,3,30,89,13,2,2021,0,0,0
2021-03-30 04:00:00,120.0,100.0,24.4,3,30,89,13,2,2021,0,0,0
2021-03-30 05:00:00,125.8,100.0,24.3,3,30,89,13,2,2021,0,0,0
2021-03-30 06:00:00,123.2,100.0,24.2,3,30,89,13,2,2021,0,0,0
2021-03-30 07:00:00,106.1,100.0,24.5,3,30,89,13,2,2021,0,0,0
2021-03-30 08:00:00,87.5,100.0,25.1,3,30,89,13,2,2021,0,0,0
2021-03-30 09:00:00,89.0,100.0,25.2,3,30,89,13,2,2021,0,0,0
2021-03-30 10:00:00,89.8,100.0,25.3,3,30,89,13,2,2021,0,0,0
2021-03-30 11:00:00,100.7,100.0,25.6,3,30,89,13,2,2021,0,0,0
2021-03-30 12:00:00,108.5,100.0,26.0,3,30,89,13,2,2021,0,0,0
2021-03-30 13:00:00,104.0,100.0,26.5,3,30,89,13,2,2021,0,0,0
2021-03-30 14:00:00,106.8,98.7,27.1,3,30,89,13,2,2021,0,0,0
2021-03-30 15:00:00,110.6,97.1,27.4,3,30,89,13,2,2021,0,0,0
2021-03-30 16:00:00,110.1,97.0,27.6,3,30,89,13,2,2021,0,0,0
2021-03-30 17:00:00,112.2,97.5,27.7,3,30,89,13,2,2021,0,0,0
2021-03-30 18:00:00,112.8,100.0,26.9,3,30,89,13,2,2021,0,0,0
2021-03-30 19:00:00,123.2,100.0,26.8,3,30,89,13,2,2021,0,0,0
2021-03-30 20:00:00,116.4,100.0,26.8,3,30,89,13,2,2021,0,0,0
2021-03-30 21:00:00,97.8,100.0,26.6,3,30,89,13,2,2021,0,0,0
2021-03-30 22:00:00,77.9,100.0,26.2,3,30,89,13,2,2021,0,0,0
2021-03-30 23:00:00,78.1,100.0,25.8,3,30,89,13,2,2021,0,0,0
2021-03-31 00:00:00,66.4,100.0,25.3,3,31,90,13,3,2021,0,0,1
2021-03-31 01:00:00,63.1,100.0,25.2,3,31,90,13,3,2021,0,0,1
2021-03-31 02:00:00,56.2,100.0,25.0,3,31,90,13,3,2021,0,0,1
2021-03-31 03:00:00,56.4,100.0,25.0,3,31,90,13,3,2021,0,0,1
2021-03-31 04:00:00,57.2,100.0,25.1,3,31,90,13,3,2021,0,0,1
2021-03-31 05:00:00,59.9,100.0,25.0,3,31,90,13,3,2021,0,0,1
2021-03-31 06:00:00,62.3,100.0,24.9,3,31,90,13,3,2021,0,0,1
2021-03-31 07:00:00,52.6,100.0,25.1,3,31,90,13,3,2021,0,0,1
2021-03-31 08:00:00,58.7,100.0,25.6,3,31,90,13,3,2021,0,0,1
2021-03-31 09:00:00,65.7,100.0,25.8,3,31,90,13,3,2021,0,0,1
2021-03-31 10:00:00,84.6,100.0,26.0,3,31,90,13,3,2021,0,0,1
2021-03-31 11:00:00,100.0,100.0,26.3,3,31,90,13,3,2021,0,0,1
2021-03-31 12:00:00,110.2,99.7,27.0,3,31,90,13,3,2021,0,0,1
2021-03-31 13:00:00,111.7,97.3,27.6,3,31,90,13,3,2021,0,0,1
2021-03-31 14:00:00,132.1,93.5,28.6,3,31,90,13,3,2021,0,0,1
2021-03-31 15:00:00,139.3,92.5,29.0,3,31,90,13,3,2021,0,0,1
2021-03-31 16:00:00,103.2,92.1,29.4,3,31,90,13,3,2021,0,0,1
2021-03-31 17:00:00,76.3,94.7,29.2,3,31,90,13,3,2021,0,0,1
2021-03-31 18:00:00,68.7,96.5,28.4,3,31,90,13,3,2021,0,0,1
2021-03-31 19:00:00,61.8,98.7,27.6,3,31,90,13,3,2021,0,0,1
2021-03-31 20:00:00,62.1,100.0,27.0,3,31,90,13,3,2021,0,0,1
2021-03-31 21:00:00,77.5,100.0,26.5,3,31,90,13,3,2021,0,0,1
2021-03-31 22:00:00,79.6,100.0,26.1,3,31,90,13,3,2021,0,0,1
2021-03-31 23:00:00,70.8,100.0,25.9,3,31,90,13,3,2021,0,0,1
2021-01-04 00:00:00,67.3,100.0,25.8,1,4,4,1,1,2021,0,0,0
2021-01-04 01:00:00,64.8,100.0,25.8,1,4,4,1,1,2021,0,0,0
2021-01-04 02:00:00,65.9,100.0,25.9,1,4,4,1,1,2021,0,0,0
2021-01-04 03:00:00,75.0,100.0,25.8,1,4,4,1,1,2021,0,0,0
2021-01-04 04:00:00,64.9,100.0,25.7,1,4,4,1,1,2021,0,0,0
2021-01-04 05:00:00,67.0,100.0,25.4,1,4,4,1,1,2021,0,0,0
2021-01-04 06:00:00,68.6,100.0,25.2,1,4,4,1,1,2021,0,0,0
2021-01-04 07:00:00,70.4,100.0,25.2,1,4,4,1,1,2021,0,0,0
2021-01-04 08:00:00,71.3,100.0,25.7,1,4,4,1,1,2021,0,0,0
2021-01-04 09:00:00,82.0,100.0,26.1,1,4,4,1,1,2021,0,0,0
2021-01-04 10:00:00,71.9,99.9,26.8,1,4,4,1,1,2021,0,0,0
2021-01-04 11:00:00,64.7,97.6,27.5,1,4,4,1,1,2021,0,0,0
2021-01-04 12:00:00,80.5,93.6,28.4,1,4,4,1,1,2021,0,0,0
2021-01-04 13:00:00,83.6,91.9,28.7,1,4,4,1,1,2021,0,0,0
2021-01-04 14:00:00,74.1,91.7,28.8,1,4,4,1,1,2021,0,0,0
2021-01-04 15:00:00,68.3,91.8,28.8,1,4,4,1,1,2021,0,0,0
2021-01-04 16:00:00,68.2,95.0,28.3,1,4,4,1,1,2021,0,0,0
2021-01-04 17:00:00,65.3,96.2,28.1,1,4,4,1,1,2021,0,0,0
2021-01-04 18:00:00,65.3,98.7,27.7,1,4,4,1,1,2021,0,0,0
2021-01-04 19:00:00,67.6,99.9,27.4,1,4,4,1,1,2021,0,0,0
2021-01-04 20:00:00,63.1,100.0,27.0,1,4,4,1,1,2021,0,0,0
2021-01-04 21:00:00,62.8,100.0,26.7,1,4,4,1,1,2021,0,0,0
2021-01-04 22:00:00,58.4,100.0,26.5,1,4,4,1,1,2021,0,0,0
2021-01-04 23:00:00,54.0,100.0,26.4,1,4,4,1,1,2021,0,0,0
2021-02-04 00:00:00,63.1,100.0,26.0,2,4,35,5,4,2021,0,0,0
2021-02-04 01:00:00,68.6,100.0,25.9,2,4,35,5,4,2021,0,0,0
2021-02-04 02:00:00,76.8,100.0,25.8,2,4,35,5,4,2021,0,0,0
2021-02-04 03:00:00,74.0,100.0,25.8,2,4,35,5,4,2021,0,0,0
2021-02-04 04:00:00,69.3,100.0,25.8,2,4,35,5,4,2021,0,0,0
2021-02-04 05:00:00,71.3,100.0,25.8,2,4,35,5,4,2021,0,0,0
2021-02-04 06:00:00,67.9,100.0,25.7,2,4,35,5,4,2021,0,0,0
2021-02-04 07:00:00,70.3,100.0,25.6,2,4,35,5,4,2021,0,0,0
2021-02-04 08:00:00,59.9,100.0,25.9,2,4,35,5,4,2021,0,0,0
2021-02-04 09:00:00,59.2,100.0,25.9,2,4,35,5,4,2021,0,0,0
2021-02-04 10:00:00,44.8,100.0,26.3,2,4,35,5,4,2021,0,0,0
2021-02-04 11:00:00,42.6,100.0,26.4,2,4,35,5,4,2021,0,0,0
2021-02-04 12:00:00,54.1,100.0,26.9,2,4,35,5,4,2021,0,0,0
2021-02-04 13:00:00,37.7,100.0,27.1,2,4,35,5,4,2021,0,0,0
2021-02-04 14:00:00,37.4,99.8,27.7,2,4,35,5,4,2021,0,0,0
2021-02-04 15:00:00,29.5,100.0,27.6,2,4,35,5,4,2021,0,0,0
2021-02-04 16:00:00,33.6,100.0,26.9,2,4,35,5,4,2021,0,0,0
2021-02-04 17:00:00,45.5,100.0,26.0,2,4,35,5,4,2021,0,0,0
2021-02-04 18:00:00,82.0,100.0,25.4,2,4,35,5,4,2021,0,0,0
2021-02-04 19:00:00,70.3,100.0,25.5,2,4,35,5,4,2021,0,0,0
2021-02-04 20:00:00,65.0,100.0,26.0,2,4,35,5,4,2021,0,0,0
2021-02-04 21:00:00,66.3,100.0,26.2,2,4,35,5,4,2021,0,0,0
2021-02-04 22:00:00,60.5,100.0,26.3,2,4,35,5,4,2021,0,0,0
2021-02-04 23:00:00,57.1,100.0,26.1,2,4,35,5,4,2021,0,0,0
2021-03-04 00:00:00,53.9,100.0,25.9,3,4,63,9,4,2021,0,0,0
2021-03-04 01:00:00,50.5,100.0,25.7,3,4,63,9,4,2021,0,0,0
2021-03-04 02:00:00,59.1,100.0,25.6,3,4,63,9,4,2021,0,0,0
2021-03-04 03:00:00,69.1,100.0,25.4,3,4,63,9,4,2021,0,0,0
2021-03-04 04:00:00,64.3,100.0,25.3,3,4,63,9,4,2021,0,0,0
2021-03-04 05:00:00,50.8,100.0,25.3,3,4,63,9,4,2021,0,0,0
2021-03-04 06:00:00,43.8,100.0,25.4,3,4,63,9,4,2021,0,0,0
2021-03-04 07:00:00,48.3,100.0,25.8,3,4,63,9,4,2021,0,0,0
2021-03-04 08:00:00,59.2,100.0,25.9,3,4,63,9,4,2021,0,0,0
2021-03-04 09:00:00,58.1,100.0,26.3,3,4,63,9,4,2021,0,0,0
2021-03-04 10:00:00,67.9,100.0,26.5,3,4,63,9,4,2021,0,0,0
2021-03-04 11:00:00,61.7,100.0,26.7,3,4,63,9,4,2021,0,0,0
2021-03-04 12:00:00,68.4,100.0,26.8,3,4,63,9,4,2021,0,0,0
2021-03-04 13:00:00,65.3,100.0,27.1,3,4,63,9,4,2021,0,0,0
2021-03-04 14:00:00,67.3,100.0,26.0,3,4,63,9,4,2021,0,0,0
2021-03-04 15:00:00,67.2,100.0,25.4,3,4,63,9,4,2021,0,0,0
2021-03-04 16:00:00,74.6,100.0,25.6,3,4,63,9,4,2021,0,0,0
2021-03-04 17:00:00,62.7,100.0,26.1,3,4,63,9,4,2021,0,0,0
2021-03-04 18:00:00,47.8,100.0,26.1,3,4,63,9,4,2021,0,0,0
2021-03-04 19:00:00,40.5,100.0,26.3,3,4,63,9,4,2021,0,0,0
2021-03-04 20:00:00,46.6,100.0,26.4,3,4,63,9,4,2021,0,0,0
2021-03-04 21:00:00,50.6,100.0,26.4,3,4,63,9,4,2021,0,0,0
2021-03-04 22:00:00,54.4,100.0,26.4,3,4,63,9,4,2021,0,0,0
2021-03-04 23:00:00,65.8,100.0,26.2,3,4,63,9,4,2021,0,0,0
2021-04-04 00:00:00,70.9,100.0,25.9,4,4,94,13,7,2021,1,0,0
2021-04-04 01:00:00,75.4,100.0,25.3,4,4,94,13,7,2021,1,0,0
2021-04-04 02:00:00,77.0,100.0,25.0,4,4,94,13,7,2021,1,0,0
2021-04-04 03:00:00,95.9,100.0,24.8,4,4,94,13,7,2021,1,0,0
2021-04-04 04:00:00,102.2,100.0,24.6,4,4,94,13,7,2021,1,0,0
2021-04-04 05:00:00,99.3,100.0,24.7,4,4,94,13,7,2021,1,0,0
2021-04-04 06:00:00,100.6,100.0,25.0,4,4,94,13,7,2021,1,0,0
2021-04-04 07:00:00,109.1,100.0,25.2,4,4,94,13,7,2021,1,0,0
2021-04-04 08:00:00,98.5,100.0,26.0,4,4,94,13,7,2021,1,0,0
2021-04-04 09:00:00,102.5,99.1,26.7,4,4,94,13,7,2021,1,0,0
2021-04-04 10:00:00,105.8,95.9,27.6,4,4,94,13,7,2021,1,0,0
2021-04-04 11:00:00,100.9,90.8,28.7,4,4,94,13,7,2021,1,0,0
2021-04-04 12:00:00,93.0,87.2,29.1,4,4,94,13,7,2021,1,0,0
2021-04-04 13:00:00,53.1,81.7,29.6,4,4,94,13,7,2021,1,0,0
2021-04-04 14:00:00,37.2,80.4,29.7,4,4,94,13,7,2021,1,0,0
2021-04-04 15:00:00,30.3,78.3,29.5,4,4,94,13,7,2021,1,0,0
2021-04-04 16:00:00,71.6,91.3,28.6,4,4,94,13,7,2021,1,0,0
2021-04-04 17:00:00,87.4,94.7,28.0,4,4,94,13,7,2021,1,0,0
2021-04-04 18:00:00,90.6,97.6,27.2,4,4,94,13,7,2021,1,0,0
2021-04-04 19:00:00,96.9,100.0,26.5,4,4,94,13,7,2021,1,0,0
2021-04-04 20:00:00,77.7,100.0,25.8,4,4,94,13,7,2021,1,0,0
2021-04-04 21:00:00,47.1,99.6,25.3,4,4,94,13,7,2021,1,0,0
2021-04-04 22:00:00,57.8,100.0,23.9,4,4,94,13,7,2021,1,0,0
2021-04-04 23:00:00,67.8,100.0,23.6,4,4,94,13,7,2021,1,0,0
2021-05-04 00:00:00,59.6,100.0,23.2,5,4,124,18,2,2021,0,0,0
2021-05-04 01:00:00,31.2,100.0,23.0,5,4,124,18,2,2021,0,0,0
2021-05-04 02:00:00,27.2,100.0,22.7,5,4,124,18,2,2021,0,0,0
2021-05-04 03:00:00,23.2,100.0,22.2,5,4,124,18,2,2021,0,0,0
2021-05-04 04:00:00,26.0,100.0,22.0,5,4,124,18,2,2021,0,0,0
2021-05-04 05:00:00,27.7,100.0,21.8,5,4,124,18,2,2021,0,0,0
2021-05-04 06:00:00,46.4,100.0,21.7,5,4,124,18,2,2021,0,0,0
2021-05-04 07:00:00,35.4,100.0,21.7,5,4,124,18,2,2021,0,0,0
2021-05-04 08:00:00,34.7,99.9,22.1,5,4,124,18,2,2021,0,0,0
2021-05-04 09:00:00,35.0,99.4,22.2,5,4,124,18,2,2021,0,0,0
2021-05-04 10:00:00,43.4,98.8,22.5,5,4,124,18,2,2021,0,0,0
2021-05-04 11:00:00,60.2,96.9,23.2,5,4,124,18,2,2021,0,0,0
2021-05-04 12:00:00,70.3,95.3,24.0,5,4,124,18,2,2021,0,0,0
2021-05-04 13:00:00,99.4,95.8,24.5,5,4,124,18,2,2021,0,0,0
2021-05-04 14:00:00,126.9,96.7,24.7,5,4,124,18,2,2021,0,0,0
2021-05-04 15:00:00,154.8,97.6,25.0,5,4,124,18,2,2021,0,0,0
2021-05-04 16:00:00,162.1,99.1,24.9,5,4,124,18,2,2021,0,0,0
2021-05-04 17:00:00,164.1,99.1,25.1,5,4,124,18,2,2021,0,0,0
2021-05-04 18:00:00,175.7,99.5,25.2,5,4,124,18,2,2021,0,0,0
2021-05-04 19:00:00,175.1,100.0,24.8,5,4,124,18,2,2021,0,0,0
2021-05-04 20:00:00,170.6,100.0,24.6,5,4,124,18,2,2021,0,0,0
2021-05-04 21:00:00,151.4,100.0,24.7,5,4,124,18,2,2021,0,0,0
2021-05-04 22:00:00,151.1,100.0,24.9,5,4,124,18,2,2021,0,0,0
2021-05-04 23:00:00,153.2,100.0,24.7,5,4,124,18,2,2021,0,0,0
2021-06-04 00:00:00,118.6,100.0,24.2,6,4,155,22,5,2021,1,0,0
2021-06-04 01:00:00,116.0,100.0,23.8,6,4,155,22,5,2021,1,0,0
2021-06-04 02:00:00,150.3,99.8,23.6,6,4,155,22,5,2021,1,0,0
2021-06-04 03:00:00,120.0,100.0,23.2,6,4,155,22,5,2021,1,0,0
2021-06-04 04:00:00,133.8,100.0,22.7,6,4,155,22,5,2021,1,0,0
2021-06-04 05:00:00,124.2,100.0,23.0,6,4,155,22,5,2021,1,0,0
2021-06-04 06:00:00,145.4,100.0,23.1,6,4,155,22,5,2021,1,0,0
2021-06-04 07:00:00,146.4,100.0,23.2,6,4,155,22,5,2021,1,0,0
2021-06-04 08:00:00,141.2,99.2,24.0,6,4,155,22,5,2021,1,0,0
2021-06-04 09:00:00,155.8,97.3,24.4,6,4,155,22,5,2021,1,0,0
2021-06-04 10:00:00,157.5,94.6,25.9,6,4,155,22,5,2021,1,0,0
2021-06-04 11:00:00,96.4,90.6,27.2,6,4,155,22,5,2021,1,0,0
2021-06-04 12:00:00,70.3,87.4,28.1,6,4,155,22,5,2021,1,0,0
2021-06-04 13:00:00,48.5,84.6,28.7,6,4,155,22,5,2021,1,0,0
2021-06-04 14:00:00,34.3,82.1,29.0,6,4,155,22,5,2021,1,0,0
2021-06-04 15:00:00,36.6,84.5,28.8,6,4,155,22,5,2021,1,0,0
2021-06-04 16:00:00,39.3,85.5,28.6,6,4,155,22,5,2021,1,0,0
2021-06-04 17:00:00,38.3,88.1,28.1,6,4,155,22,5,2021,1,0,0
2021-06-04 18:00:00,45.9,92.6,27.3,6,4,155,22,5,2021,1,0,0
2021-06-04 19:00:00,58.9,97.2,26.4,6,4,155,22,5,2021,1,0,0
2021-06-04 20:00:00,69.8,99.7,25.9,6,4,155,22,5,2021,1,0,0
2021-06-04 21:00:00,72.7,100.0,25.5,6,4,155,22,5,2021,1,0,0
2021-06-04 22:00:00,68.8,100.0,25.5,6,4,155,22,5,2021,1,0,0
2021-06-04 23:00:00,56.2,99.9,25.4,6,4,155,22,5,2021,1,0,0
2021-07-04 00:00:00,59.3,100.0,25.2,7,4,185,26,7,2021,1,0,0
2021-07-04 01:00:00,65.0,100.0,24.8,7,4,185,26,7,2021,1,0,0
2021-07-04 02:00:00,68.5,100.0,24.6,7,4,185,26,7,2021,1,0,0
2021-07-04 03:00:00,80.2,100.0,24.5,7,4,185,26,7,2021,1,0,0
2021-07-04 04:00:00,72.8,100.0,24.5,7,4,185,26,7,2021,1,0,0
2021-07-04 05:00:00,78.5,100.0,24.4,7,4,185,26,7,2021,1,0,0
2021-07-04 06:00:00,84.2,100.0,24.4,7,4,185,26,7,2021,1,0,0
2021-07-04 07:00:00,86.0,100.0,24.7,7,4,185,26,7,2021,1,0,0
2021-07-04 08:00:00,79.6,100.0,25.2,7,4,185,26,7,2021,1,0,0
2021-07-04 09:00:00,76.7,99.6,25.8,7,4,185,26,7,2021,1,0,0
2021-07-04 10:00:00,88.8,98.8,26.1,7,4,185,26,7,2021,1,0,0
2021-07-04 11:00:00,93.8,96.6,26.6,7,4,185,26,7,2021,1,0,0
2021-07-04 12:00:00,78.2,93.3,27.1,7,4,185,26,7,2021,1,0,0
2021-07-04 13:00:00,67.0,90.2,27.6,7,4,185,26,7,2021,1,0,0
2021-07-04 14:00:00,44.3,82.8,28.8,7,4,185,26,7,2021,1,0,0
2021-07-04 15:00:00,43.9,79.3,29.5,7,4,185,26,7,2021,1,0,0
2021-07-04 16:00:00,56.2,80.5,29.4,7,4,185,26,7,2021,1,0,0
2021-07-04 17:00:00,44.7,80.8,29.2,7,4,185,26,7,2021,1,0,0
2021-07-04 18:00:00,41.6,84.3,28.6,7,4,185,26,7,2021,1,0,0
2021-07-04 19:00:00,42.7,87.7,27.9,7,4,185,26,7,2021,1,0,0
2021-07-04 20:00:00,42.1,89.7,27.3,7,4,185,26,7,2021,1,0,0
2021-07-04 21:00:00,48.7,93.5,26.8,7,4,185,26,7,2021,1,0,0
2021-07-04 22:00:00,42.8,95.0,26.2,7,4,185,26,7,2021,1,0,0
2021-07-04 23:00:00,49.8,97.9,25.8,7,4,185,26,7,2021,1,0,0
2021-08-04 00:00:00,53.1,100.0,25.3,8,4,216,31,3,2021,0,0,0
2021-08-04 01:00:00,57.7,100.0,25.0,8,4,216,31,3,2021,0,0,0
2021-08-04 02:00:00,62.7,100.0,24.7,8,4,216,31,3,2021,0,0,0
2021-08-04 03:00:00,74.7,100.0,24.8,8,4,216,31,3,2021,0,0,0
2021-08-04 04:00:00,77.4,100.0,24.8,8,4,216,31,3,2021,0,0,0
2021-08-04 05:00:00,67.9,100.0,24.8,8,4,216,31,3,2021,0,0,0
2021-08-04 06:00:00,61.6,100.0,24.9,8,4,216,31,3,2021,0,0,0
2021-08-04 07:00:00,60.4,100.0,25.1,8,4,216,31,3,2021,0,0,0
2021-08-04 08:00:00,63.1,100.0,25.8,8,4,216,31,3,2021,0,0,0
2021-08-04 09:00:00,68.3,100.0,26.2,8,4,216,31,3,2021,0,0,0
2021-08-04 10:00:00,68.9,99.8,26.5,8,4,216,31,3,2021,0,0,0
2021-08-04 11:00:00,64.4,98.2,27.1,8,4,216,31,3,2021,0,0,0
2021-08-04 12:00:00,30.4,88.0,28.4,8,4,216,31,3,2021,0,0,0
2021-08-04 13:00:00,32.3,84.0,29.5,8,4,216,31,3,2021,0,0,0
2021-08-04 14:00:00,37.8,85.4,29.3,8,4,216,31,3,2021,0,0,0
2021-08-04 15:00:00,35.7,85.5,29.4,8,4,216,31,3,2021,0,0,0
2021-08-04 16:00:00,32.1,86.9,29.1,8,4,216,31,3,2021,0,0,0
2021-08-04 17:00:00,33.4,89.0,28.8,8,4,216,31,3,2021,0,0,0
2021-08-04 18:00:00,37.8,92.2,28.3,8,4,216,31,3,2021,0,0,0
2021-08-04 19:00:00,46.0,95.7,27.6,8,4,216,31,3,2021,0,0,0
2021-08-04 20:00:00,54.2,98.6,27.1,8,4,216,31,3,2021,0,0,0
2021-08-04 21:00:00,65.0,100.0,26.7,8,4,216,31,3,2021,0,0,0
2021-08-04 22:00:00,59.6,100.0,26.2,8,4,216,31,3,2021,0,0,0
2021-08-04 23:00:00,62.8,100.0,25.8,8,4,216,31,3,2021,0,0,0
2021-09-04 00:00:00,66.3,100.0,25.8,9,4,247,35,6,2021,1,0,0
2021-09-04 01:00:00,66.8,95.2,25.1,9,4,247,35,6,2021,1,0,0
2021-09-04 02:00:00,37.5,92.5,24.0,9,4,247,35,6,2021,1,0,0
2021-09-04 03:00:00,43.1,92.9,23.3,9,4,247,35,6,2021,1,0,0
2021-09-04 04:00:00,46.8,99.8,22.0,9,4,247,35,6,2021,1,0,0
2021-09-04 05:00:00,33.3,99.6,21.7,9,4,247,35,6,2021,1,0,0
2021-09-04 06:00:00,35.5,100.0,20.9,9,4,247,35,6,2021,1,0,0
2021-09-04 07:00:00,38.6,100.0,20.9,9,4,247,35,6,2021,1,0,0
2021-09-04 08:00:00,46.0,100.0,20.9,9,4,247,35,6,2021,1,0,0
2021-09-04 09:00:00,54.2,100.0,20.8,9,4,247,35,6,2021,1,0,0
2021-09-04 10:00:00,49.7,99.1,21.0,9,4,247,35,6,2021,1,0,0
2021-09-04 11:00:00,42.6,96.7,21.2,9,4,247,35,6,2021,1,0,0
2021-09-04 12:00:00,44.2,94.7,21.7,9,4,247,35,6,2021,1,0,0
2021-09-04 13:00:00,48.8,90.9,22.4,9,4,247,35,6,2021,1,0,0
2021-09-04 14:00:00,44.0,90.6,22.6,9,4,247,35,6,2021,1,0,0
2021-09-04 15:00:00,49.6,90.9,22.7,9,4,247,35,6,2021,1,0,0
2021-09-04 16:00:00,47.3,92.0,22.8,9,4,247,35,6,2021,1,0,0
2021-09-04 17:00:00,38.0,94.7,22.5,9,4,247,35,6,2021,1,0,0
2021-09-04 18:00:00,46.7,96.2,22.3,9,4,247,35,6,2021,1,0,0
2021-09-04 19:00:00,43.7,98.4,21.8,9,4,247,35,6,2021,1,0,0
2021-09-04 20:00:00,78.2,100.0,21.6,9,4,247,35,6,2021,1,0,0
2021-09-04 21:00:00,90.8,100.0,21.2,9,4,247,35,6,2021,1,0,0
2021-09-04 22:00:00,94.2,100.0,20.7,9,4,247,35,6,2021,1,0,0
2021-09-04 23:00:00,127.2,100.0,20.3,9,4,247,35,6,2021,1,0,0
2021-10-04 00:00:00,172.1,100.0,19.8,10,4,277,40,1,2021,0,0,0
2021-10-04 01:00:00,132.5,100.0,19.6,10,4,277,40,1,2021,0,0,0
2021-10-04 02:00:00,188.1,100.0,19.8,10,4,277,40,1,2021,0,0,0
2021-10-04 03:00:00,145.9,100.0,19.8,10,4,277,40,1,2021,0,0,0
2021-10-04 04:00:00,82.9,100.0,19.6,10,4,277,40,1,2021,0,0,0
2021-10-04 05:00:00,63.5,100.0,19.4,10,4,277,40,1,2021,0,0,0
2021-10-04 06:00:00,53.2,100.0,19.3,10,4,277,40,1,2021,0,0,0
2021-10-04 07:00:00,56.5,100.0,19.5,10,4,277,40,1,2021,0,0,0
2021-10-04 08:00:00,56.8,100.0,19.5,10,4,277,40,1,2021,0,0,0
2021-10-04 09:00:00,66.2,100.0,19.6,10,4,277,40,1,2021,0,0,0
2021-10-04 10:00:00,67.5,100.0,19.8,10,4,277,40,1,2021,0,0,0
2021-10-04 11:00:00,67.8,100.0,20.1,10,4,277,40,1,2021,0,0,0
2021-10-04 12:00:00,91.6,100.0,20.5,10,4,277,40,1,2021,0,0,0
2021-10-04 13:00:00,96.9,100.0,21.0,10,4,277,40,1,2021,0,0,0
2021-10-04 14:00:00,90.5,100.0,21.2,10,4,277,40,1,2021,0,0,0
2021-10-04 15:00:00,97.1,100.0,21.2,10,4,277,40,1,2021,0,0,0
2021-10-04 16:00:00,108.6,100.0,21.1,10,4,277,40,1,2021,0,0,0
2021-10-04 17:00:00,81.6,100.0,21.0,10,4,277,40,1,2021,0,0,0
2021-10-04 18:00:00,101.0,100.0,21.0,10,4,277,40,1,2021,0,0,0
2021-10-04 19:00:00,127.0,100.0,21.2,10,4,277,40,1,2021,0,0,0
2021-10-04 20:00:00,132.8,100.0,21.4,10,4,277,40,1,2021,0,0,0
2021-10-04 21:00:00,130.4,100.0,21.4,10,4,277,40,1,2021,0,0,0
2021-10-04 22:00:00,128.6,100.0,21.4,10,4,277,40,1,2021,0,0,0
2021-10-04 23:00:00,146.1,100.0,21.4,10,4,277,40,1,2021,0,0,0
2021-11-04 00:00:00,163.0,100.0,21.3,11,4,308,44,4,2021,0,0,0
2021-11-04 01:00:00,182.3,100.0,21.3,11,4,308,44,4,2021,0,0,0
2021-11-04 02:00:00,221.5,100.0,21.3,11,4,308,44,4,2021,0,0,0
2021-11-04 03:00:00,266.0,100.0,21.3,11,4,308,44,4,2021,0,0,0
2021-11-04 04:00:00,251.0,100.0,21.3,11,4,308,44,4,2021,0,0,0
2021-11-04 05:00:00,209.3,100.0,21.4,11,4,308,44,4,2021,0,0,0
2021-11-04 06:00:00,209.8,100.0,21.6,11,4,308,44,4,2021,0,0,0
2021-11-04 07:00:00,217.9,100.0,22.0,11,4,308,44,4,2021,0,0,0
2021-11-04 08:00:00,225.5,100.0,22.4,11,4,308,44,4,2021,0,0,0
2021-11-04 09:00:00,222.2,100.0,23.0,11,4,308,44,4,2021,0,0,0
2021-11-04 10:00:00,153.0,100.0,24.4,11,4,308,44,4,2021,0,0,0
2021-11-04 11:00:00,94.6,99.0,26.2,11,4,308,44,4,2021,0,0,0
2021-11-04 12:00:00,72.9,93.0,27.5,11,4,308,44,4,2021,0,0,0
2021-11-04 13:00:00,56.1,87.6,28.5,11,4,308,44,4,2021,0,0,0
2021-11-04 14:00:00,51.1,87.3,28.4,11,4,308,44,4,2021,0,0,0
2021-11-04 15:00:00,35.8,91.9,28.0,11,4,308,44,4,2021,0,0,0
2021-11-04 16:00:00,28.6,92.1,28.0,11,4,308,44,4,2021,0,0,0
2021-11-04 17:00:00,23.2,92.1,27.8,11,4,308,44,4,2021,0,0,0
2021-11-04 18:00:00,21.5,91.9,27.2,11,4,308,44,4,2021,0,0,0
2021-11-04 19:00:00,24.1,94.1,26.7,11,4,308,44,4,2021,0,0,0
2021-11-04 20:00:00,29.1,97.9,26.3,11,4,308,44,4,2021,0,0,0
2021-11-04 21:00:00,29.3,99.9,26.0,11,4,308,44,4,2021,0,0,0
2021-11-04 22:00:00,34.9,100.0,25.9,11,4,308,44,4,2021,0,0,0
2021-11-04 23:00:00,49.9,100.0,25.4,11,4,308,44,4,2021,0,0,0
2021-12-04 00:00:00,48.1,100.0,25.2,12,4,338,48,6,2021,1,0,0
2021-12-04 01:00:00,65.2,100.0,24.5,12,4,338,48,6,2021,1,0,0
2021-12-04 02:00:00,58.6,100.0,24.3,12,4,338,48,6,2021,1,0,0
2021-12-04 03:00:00,65.6,100.0,24.2,12,4,338,48,6,2021,1,0,0
2021-12-04 04:00:00,59.0,100.0,24.3,12,4,338,48,6,2021,1,0,0
2021-12-04 05:00:00,50.9,100.0,24.3,12,4,338,48,6,2021,1,0,0
2021-12-04 06:00:00,58.7,100.0,24.4,12,4,338,48,6,2021,1,0,0
2021-12-04 07:00:00,60.9,100.0,24.6,12,4,338,48,6,2021,1,0,0
2021-12-04 08:00:00,63.1,100.0,25.6,12,4,338,48,6,2021,1,0,0
2021-12-04 09:00:00,62.5,98.7,26.7,12,4,338,48,6,2021,1,0,0
2021-12-04 10:00:00,40.8,91.5,28.0,12,4,338,48,6,2021,1,0,0
2021-12-04 11:00:00,30.6,88.2,28.5,12,4,338,48,6,2021,1,0,0
2021-12-04 12:00:00,43.9,85.0,28.9,12,4,338,48,6,2021,1,0,0
2021-12-04 13:00:00,28.6,82.8,29.3,12,4,338,48,6,2021,1,0,0
2021-12-04 14:00:00,24.1,83.5,29.6,12,4,338,48,6,2021,1,0,0
2021-12-04 15:00:00,22.0,82.7,29.7,12,4,338,48,6,2021,1,0,0
2021-12-04 16:00:00,21.4,83.8,29.6,12,4,338,48,6,2021,1,0,0
2021-12-04 17:00:00,20.6,83.6,29.1,12,4,338,48,6,2021,1,0,0
2021-12-04 18:00:00,21.7,84.7,28.5,12,4,338,48,6,2021,1,0,0
2021-12-04 19:00:00,27.8,90.3,27.8,12,4,338,48,6,2021,1,0,0
2021-12-04 20:00:00,26.4,92.5,27.2,12,4,338,48,6,2021,1,0,0
2021-12-04 21:00:00,21.1,93.9,26.7,12,4,338,48,6,2021,1,0,0
2021-12-04 22:00:00,25.1,97.3,26.4,12,4,338,48,6,2021,1,0,0
2021-12-04 23:00:00,26.3,100.0,26.1,12,4,338,48,6,2021,1,0,0
2021-04-13 00:00:00,28.8,100.0,25.6,4,13,103,15,2,2021,0,0,0
2021-04-13 01:00:00,40.0,100.0,25.4,4,13,103,15,2,2021,0,0,0
2021-04-13 02:00:00,33.0,100.0,25.9,4,13,103,15,2,2021,0,0,0
2021-04-13 03:00:00,26.5,100.0,25.6,4,13,103,15,2,2021,0,0,0
2021-04-13 04:00:00,27.7,100.0,25.2,4,13,103,15,2,2021,0,0,0
2021-04-13 05:00:00,28.4,100.0,25.1,4,13,103,15,2,2021,0,0,0
2021-04-13 06:00:00,23.9,100.0,25.1,4,13,103,15,2,2021,0,0,0
2021-04-13 07:00:00,29.9,100.0,25.2,4,13,103,15,2,2021,0,0,0
2021-04-13 08:00:00,32.3,100.0,25.6,4,13,103,15,2,2021,0,0,0
2021-04-13 09:00:00,32.6,100.0,26.1,4,13,103,15,2,2021,0,0,0
2021-04-13 10:00:00,31.6,99.0,26.7,4,13,103,15,2,2021,0,0,0
2021-04-13 11:00:00,31.6,93.9,27.6,4,13,103,15,2,2021,0,0,0
2021-04-13 12:00:00,28.0,91.2,27.9,4,13,103,15,2,2021,0,0,0
2021-04-13 13:00:00,24.7,91.6,28.0,4,13,103,15,2,2021,0,0,0
2021-04-13 14:00:00,21.1,89.3,28.2,4,13,103,15,2,2021,0,0,0
2021-04-13 15:00:00,19.6,88.6,28.2,4,13,103,15,2,2021,0,0,0
2021-04-13 16:00:00,21.4,90.5,27.9,4,13,103,15,2,2021,0,0,0
2021-04-13 17:00:00,22.7,91.0,27.9,4,13,103,15,2,2021,0,0,0
2021-04-13 18:00:00,28.4,91.9,27.7,4,13,103,15,2,2021,0,0,0
2021-04-13 19:00:00,30.5,94.3,27.4,4,13,103,15,2,2021,0,0,0
2021-04-13 20:00:00,31.7,95.4,27.1,4,13,103,15,2,2021,0,0,0
2021-04-13 21:00:00,28.2,96.2,26.9,4,13,103,15,2,2021,0,0,0
2021-04-13 22:00:00,26.8,98.4,26.6,4,13,103,15,2,2021,0,0,0
2021-04-13 23:00:00,31.1,100.0,25.8,4,13,103,15,2,2021,0,0,0
2021-04-14 00:00:00,29.7,100.0,25.8,4,14,104,15,3,2021,0,0,0
2021-04-14 01:00:00,27.2,100.0,25.6,4,14,104,15,3,2021,0,0,0
2021-04-14 02:00:00,31.7,100.0,25.9,4,14,104,15,3,2021,0,0,0
2021-04-14 03:00:00,35.2,100.0,25.4,4,14,104,15,3,2021,0,0,0
2021-04-14 04:00:00,37.4,100.0,25.3,4,14,104,15,3,2021,0,0,0
2021-04-14 05:00:00,27.2,100.0,25.2,4,14,104,15,3,2021,0,0,0
2021-04-14 06:00:00,26.5,100.0,25.2,4,14,104,15,3,2021,0,0,0
2021-04-14 07:00:00,28.9,100.0,25.4,4,14,104,15,3,2021,0,0,0
2021-04-14 08:00:00,30.1,100.0,26.0,4,14,104,15,3,2021,0,0,0
2021-04-14 09:00:00,43.8,100.0,26.7,4,14,104,15,3,2021,0,0,0
2021-04-14 10:00:00,51.9,95.7,27.9,4,14,104,15,3,2021,0,0,0
2021-04-14 11:00:00,49.6,92.9,28.5,4,14,104,15,3,2021,0,0,0
2021-04-14 12:00:00,44.2,88.1,29.5,4,14,104,15,3,2021,0,0,0
2021-04-14 13:00:00,36.9,85.5,30.0,4,14,104,15,3,2021,0,0,0
2021-04-14 14:00:00,37.5,85.0,30.1,4,14,104,15,3,2021,0,0,0
2021-04-14 15:00:00,36.0,84.8,30.2,4,14,104,15,3,2021,0,0,0
2021-04-14 16:00:00,38.1,85.1,30.1,4,14,104,15,3,2021,0,0,0
2021-04-14 17:00:00,29.6,85.7,29.7,4,14,104,15,3,2021,0,0,0
2021-04-14 18:00:00,19.7,86.3,29.1,4,14,104,15,3,2021,0,0,0
2021-04-14 19:00:00,21.5,86.6,28.2,4,14,104,15,3,2021,0,0,0
2021-04-14 20:00:00,23.1,88.7,27.7,4,14,104,15,3,2021,0,0,0
2021-04-14 21:00:00,22.6,92.6,27.3,4,14,104,15,3,2021,0,0,0
2021-04-14 22:00:00,32.1,97.5,26.9,4,14,104,15,3,2021,0,0,0
2021-04-14 23:00:00,28.4,100.0,26.4,4,14,104,15,3,2021,0,0,0
2021-04-15 00:00:00,26.1,100.0,26.2,4,15,105,15,4,2021,0,0,0
2021-04-15 01:00:00,26.2,100.0,26.1,4,15,105,15,4,2021,0,0,0
2021-04-15 02:00:00,20.7,100.0,26.1,4,15,105,15,4,2021,0,0,0
2021-04-15 03:00:00,23.7,100.0,25.9,4,15,105,15,4,2021,0,0,0
2021-04-15 04:00:00,26.4,100.0,25.8,4,15,105,15,4,2021,0,0,0
2021-04-15 05:00:00,38.7,100.0,25.4,4,15,105,15,4,2021,0,0,0
2021-04-15 06:00:00,46.1,100.0,25.2,4,15,105,15,4,2021,0,0,0
2021-04-15 07:00:00,43.9,100.0,25.4,4,15,105,15,4,2021,0,0,0
2021-04-15 08:00:00,45.9,100.0,25.8,4,15,105,15,4,2021,0,0,0
2021-04-15 09:00:00,43.1,100.0,26.4,4,15,105,15,4,2021,0,0,0
2021-04-15 10:00:00,35.4,100.0,26.6,4,15,105,15,4,2021,0,0,0
2021-04-15 11:00:00,29.8,100.0,27.1,4,15,105,15,4,2021,0,0,0
2021-04-15 12:00:00,28.7,99.5,27.5,4,15,105,15,4,2021,0,0,0
2021-04-15 13:00:00,29.6,98.3,27.6,4,15,105,15,4,2021,0,0,0
2021-04-15 14:00:00,27.2,97.5,27.6,4,15,105,15,4,2021,0,0,0
2021-04-15 15:00:00,27.1,96.4,27.9,4,15,105,15,4,2021,0,0,0
2021-04-15 16:00:00,26.6,96.2,28.0,4,15,105,15,4,2021,0,0,0
2021-04-15 17:00:00,26.7,96.7,28.1,4,15,105,15,4,2021,0,0,0
2021-04-15 18:00:00,27.6,98.0,27.8,4,15,105,15,4,2021,0,0,0
2021-04-15 19:00:00,32.0,99.9,27.4,4,15,105,15,4,2021,0,0,0
2021-04-15 20:00:00,35.9,100.0,27.2,4,15,105,15,4,2021,0,0,0
2021-04-15 21:00:00,30.3,100.0,27.2,4,15,105,15,4,2021,0,0,0
2021-04-15 22:00:00,32.7,100.0,26.9,4,15,105,15,4,2021,0,0,0
2021-04-15 23:00:00,29.9,100.0,26.7,4,15,105,15,4,2021,0,0,0
2021-04-16 00:00:00,44.1,100.0,26.5,4,16,106,15,5,2021,1,0,0
2021-04-16 01:00:00,59.0,100.0,26.3,4,16,106,15,5,2021,1,0,0
2021-04-16 02:00:00,35.6,100.0,26.2,4,16,106,15,5,2021,1,0,0
2021-04-16 03:00:00,26.6,100.0,26.0,4,16,106,15,5,2021,1,0,0
2021-04-16 04:00:00,30.8,100.0,25.7,4,16,106,15,5,2021,1,0,0
2021-04-16 05:00:00,28.7,100.0,25.9,4,16,106,15,5,2021,1,0,0
2021-04-16 06:00:00,29.2,100.0,25.9,4,16,106,15,5,2021,1,0,0
2021-04-16 07:00:00,30.0,100.0,26.0,4,16,106,15,5,2021,1,0,0
2021-04-16 08:00:00,27.3,100.0,26.6,4,16,106,15,5,2021,1,0,0
2021-04-16 09:00:00,21.8,100.0,27.3,4,16,106,15,5,2021,1,0,0
2021-04-16 10:00:00,32.1,97.4,28.3,4,16,106,15,5,2021,1,0,0
2021-04-16 11:00:00,35.4,93.5,28.9,4,16,106,15,5,2021,1,0,0
2021-04-16 12:00:00,28.6,92.8,28.8,4,16,106,15,5,2021,1,0,0
2021-04-16 13:00:00,22.9,87.2,29.3,4,16,106,15,5,2021,1,0,0
2021-04-16 14:00:00,17.5,84.0,29.9,4,16,106,15,5,2021,1,0,0
2021-04-16 15:00:00,15.6,81.4,30.0,4,16,106,15,5,2021,1,0,0
2021-04-16 16:00:00,16.8,82.8,29.8,4,16,106,15,5,2021,1,0,0
2021-04-16 17:00:00,18.9,85.6,29.5,4,16,106,15,5,2021,1,0,0
2021-04-16 18:00:00,18.5,85.8,29.1,4,16,106,15,5,2021,1,0,0
2021-04-16 19:00:00,20.9,86.9,28.5,4,16,106,15,5,2021,1,0,0
2021-04-16 20:00:00,26.8,91.2,28.1,4,16,106,15,5,2021,1,0,0
2021-04-16 21:00:00,26.1,94.7,27.8,4,16,106,15,5,2021,1,0,0
2021-04-16 22:00:00,28.8,97.7,27.6,4,16,106,15,5,2021,1,0,0
2021-04-16 23:00:00,27.5,99.7,27.1,4,16,106,15,5,2021,1,0,0
2021-04-17 00:00:00,34.8,100.0,26.7,4,17,107,15,6,2021,1,0,0
2021-04-17 01:00:00,47.25,100.0,26.4,4,17,107,15,6,2021,1,0,0
2021-04-17 02:00:00,59.7,100.0,26.3,4,17,107,15,6,2021,1,0,0
2021-04-17 03:00:00,51.4,100.0,26.2,4,17,107,15,6,2021,1,0,0
2021-04-17 04:00:00,45.3,100.0,26.2,4,17,107,15,6,2021,1,0,0
2021-04-17 05:00:00,48.7,99.9,26.1,4,17,107,15,6,2021,1,0,0
2021-04-17 06:00:00,75.5,100.0,24.6,4,17,107,15,6,2021,1,0,0
2021-04-17 07:00:00,60.8,100.0,24.0,4,17,107,15,6,2021,1,0,0
2021-04-17 08:00:00,60.2,100.0,23.2,4,17,107,15,6,2021,1,0,0
2021-04-17 09:00:00,28.6,100.0,22.6,4,17,107,15,6,2021,1,0,0
2021-04-17 10:00:00,18.8,100.0,22.2,4,17,107,15,6,2021,1,0,0
2021-04-17 11:00:00,17.0,100.0,22.1,4,17,107,15,6,2021,1,0,0
2021-04-17 12:00:00,15.2,100.0,22.4,4,17,107,15,6,2021,1,0,0
2021-04-17 13:00:00,21.9,100.0,22.8,4,17,107,15,6,2021,1,0,0
2021-04-17 14:00:00,18.3,100.0,22.5,4,17,107,15,6,2021,1,0,0
2021-04-17 15:00:00,21.8,100.0,22.2,4,17,107,15,6,2021,1,0,0
2021-04-17 16:00:00,21.3,100.0,22.1,4,17,107,15,6,2021,1,0,0
2021-04-17 17:00:00,16.9,100.0,22.5,4,17,107,15,6,2021,1,0,0
2021-04-17 18:00:00,17.5,100.0,22.8,4,17,107,15,6,2021,1,0,0
2021-04-17 19:00:00,18.1,100.0,22.9,4,17,107,15,6,2021,1,0,0
2021-04-17 20:00:00,25.9,100.0,23.2,4,17,107,15,6,2021,1,0,0
2021-04-17 21:00:00,28.5,100.0,23.4,4,17,107,15,6,2021,1,0,0
2021-04-17 22:00:00,27.8,100.0,22.8,4,17,107,15,6,2021,1,0,0
2021-04-17 23:00:00,33.8,100.0,22.2,4,17,107,15,6,2021,1,0,0
2021-04-18 00:00:00,34.0,100.0,21.9,4,18,108,15,7,2021,1,0,0
2021-04-18 01:00:00,44.2,100.0,21.4,4,18,108,15,7,2021,1,0,0
2021-04-18 02:00:00,39.5,100.0,21.2,4,18,108,15,7,2021,1,0,0
2021-04-18 03:00:00,39.0,100.0,21.3,4,18,108,15,7,2021,1,0,0
2021-04-18 04:00:00,44.3,100.0,21.5,4,18,108,15,7,2021,1,0,0
2021-04-18 05:00:00,55.9,100.0,21.2,4,18,108,15,7,2021,1,0,0
2021-04-18 06:00:00,45.4,100.0,21.2,4,18,108,15,7,2021,1,0,0
2021-04-18 07:00:00,49.6,100.0,21.4,4,18,108,15,7,2021,1,0,0
2021-04-18 08:00:00,31.1,100.0,21.7,4,18,108,15,7,2021,1,0,0
2021-04-18 09:00:00,42.1,100.0,22.0,4,18,108,15,7,2021,1,0,0
2021-04-18 10:00:00,49.0,100.0,22.6,4,18,108,15,7,2021,1,0,0
2021-04-18 11:00:00,54.3,100.0,23.2,4,18,108,15,7,2021,1,0,0
2021-04-18 12:00:00,70.8,98.8,23.9,4,18,108,15,7,2021,1,0,0
2021-04-18 13:00:00,85.2,98.5,24.5,4,18,108,15,7,2021,1,0,0
2021-04-18 14:00:00,97.5,97.7,24.8,4,18,108,15,7,2021,1,0,0
2021-04-18 15:00:00,103.5,97.2,25.3,4,18,108,15,7,2021,1,0,0
2021-04-18 16:00:00,93.9,98.0,25.4,4,18,108,15,7,2021,1,0,0
2021-04-18 17:00:00,94.5,99.0,25.4,4,18,108,15,7,2021,1,0,0
2021-04-18 18:00:00,97.0,100.0,25.1,4,18,108,15,7,2021,1,0,0
2021-04-18 19:00:00,96.5,100.0,24.5,4,18,108,15,7,2021,1,0,0
2021-04-18 20:00:00,101.3,100.0,24.4,4,18,108,15,7,2021,1,0,0
2021-04-18 21:00:00,111.5,100.0,24.4,4,18,108,15,7,2021,1,0,0
2021-04-18 22:00:00,141.7,100.0,24.5,4,18,108,15,7,2021,1,0,0
2021-04-18 23:00:00,140.6,100.0,24.5,4,18,108,15,7,2021,1,0,0
2021-04-19 00:00:00,142.1,100.0,24.4,4,19,109,16,1,2021,0,0,0
2021-04-19 01:00:00,84.9,100.0,24.3,4,19,109,16,1,2021,0,0,0
2021-04-19 02:00:00,84.6,100.0,24.1,4,19,109,16,1,2021,0,0,0
2021-04-19 03:00:00,78.2,100.0,24.0,4,19,109,16,1,2021,0,0,0
2021-04-19 04:00:00,73.1,100.0,23.7,4,19,109,16,1,2021,0,0,0
2021-04-19 05:00:00,66.8,100.0,23.8,4,19,109,16,1,2021,0,0,0
2021-04-19 06:00:00,81.3,100.0,23.6,4,19,109,16,1,2021,0,0,0
2021-04-19 07:00:00,86.1,100.0,23.9,4,19,109,16,1,2021,0,0,0
2021-04-19 08:00:00,87.2,100.0,24.7,4,19,109,16,1,2021,0,0,0
2021-04-19 09:00:00,91.3,100.0,25.9,4,19,109,16,1,2021,0,0,0
2021-04-19 10:00:00,80.0,98.6,26.8,4,19,109,16,1,2021,0,0,0
2021-04-19 11:00:00,59.6,93.4,27.9,4,19,109,16,1,2021,0,0,0
2021-04-19 12:00:00,54.2,87.7,29.2,4,19,109,16,1,2021,0,0,0
2021-04-19 13:00:00,38.7,82.7,30.3,4,19,109,16,1,2021,0,0,0
2021-04-19 14:00:00,24.7,79.6,30.7,4,19,109,16,1,2021,0,0,0
2021-04-19 15:00:00,30.4,79.9,30.8,4,19,109,16,1,2021,0,0,0
2021-04-19 16:00:00,30.6,82.1,30.6,4,19,109,16,1,2021,0,0,0
2021-04-19 17:00:00,26.9,85.7,30.3,4,19,109,16,1,2021,0,0,0
2021-04-19 18:00:00,23.7,89.0,29.6,4,19,109,16,1,2021,0,0,0
2021-04-19 19:00:00,31.8,93.0,28.8,4,19,109,16,1,2021,0,0,0
2021-04-19 20:00:00,36.9,95.2,28.2,4,19,109,16,1,2021,0,0,0
2021-04-19 21:00:00,37.1,97.6,27.4,4,19,109,16,1,2021,0,0,0
2021-04-19 22:00:00,36.1,99.5,26.8,4,19,109,16,1,2021,0,0,0
2021-04-19 23:00:00,34.2,100.0,26.5,4,19,109,16,1,2021,0,0,0
2021-04-20 00:00:00,33.9,100.0,26.5,4,20,110,16,2,2021,0,0,0
2021-04-20 01:00:00,28.7,100.0,26.1,4,20,110,16,2,2021,0,0,0
2021-04-20 02:00:00,26.5,100.0,26.0,4,20,110,16,2,2021,0,0,0
2021-04-20 03:00:00,26.1,100.0,26.3,4,20,110,16,2,2021,0,0,0
2021-04-20 04:00:00,24.9,100.0,26.3,4,20,110,16,2,2021,0,0,0
2021-04-20 05:00:00,22.1,100.0,26.3,4,20,110,16,2,2021,0,0,0
2021-04-20 06:00:00,22.9,100.0,26.3,4,20,110,16,2,2021,0,0,0
2021-04-20 07:00:00,24.8,100.0,26.7,4,20,110,16,2,2021,0,0,0
2021-04-20 08:00:00,29.8,100.0,27.4,4,20,110,16,2,2021,0,0,0
2021-04-20 09:00:00,29.9,98.7,28.4,4,20,110,16,2,2021,0,0,0
2021-04-20 10:00:00,33.5,93.5,29.5,4,20,110,16,2,2021,0,0,0
2021-04-20 11:00:00,33.1,90.7,30.1,4,20,110,16,2,2021,0,0,0
2021-04-20 12:00:00,34.0,85.0,31.1,4,20,110,16,2,2021,0,0,0
2021-04-20 13:00:00,27.8,81.1,31.8,4,20,110,16,2,2021,0,0,0
2021-04-20 14:00:00,26.4,80.0,32.1,4,20,110,16,2,2021,0,0,0
2021-04-20 15:00:00,24.2,82.5,31.8,4,20,110,16,2,2021,0,0,0
2021-04-20 16:00:00,24.0,84.4,31.3,4,20,110,16,2,2021,0,0,0
2021-04-20 17:00:00,24.4,85.1,31.0,4,20,110,16,2,2021,0,0,0
2021-04-20 18:00:00,23.6,88.3,30.3,4,20,110,16,2,2021,0,0,0
2021-04-20 19:00:00,47.92669639671784,88.37511055336446,26.37755945978244,4,20,110,16,2,2021,0,0,0
2021-04-20 20:00:00,47.92669639671784,88.37511055336446,26.37755945978244,4,20,110,16,2,2021,0,0,0
2021-04-20 21:00:00,47.92669639671784,88.37511055336446,26.37755945978244,4,20,110,16,2,2021,0,0,0
2021-04-20 22:00:00,27.5,99.8,27.9,4,20,110,16,2,2021,0,0,0
2021-04-20 23:00:00,28.7,100.0,27.8,4,20,110,16,2,2021,0,0,0
2021-04-21 00:00:00,26.0,100.0,27.6,4,21,111,16,3,2021,0,0,0
2021-04-21 01:00:00,26.3,100.0,27.2,4,21,111,16,3,2021,0,0,0
2021-04-21 02:00:00,27.2,100.0,27.2,4,21,111,16,3,2021,0,0,0
2021-04-21 03:00:00,26.7,100.0,27.2,4,21,111,16,3,2021,0,0,0
2021-04-21 04:00:00,22.1,100.0,27.1,4,21,111,16,3,2021,0,0,0
2021-04-21 05:00:00,23.0,100.0,27.0,4,21,111,16,3,2021,0,0,0
2021-04-21 06:00:00,23.2,100.0,27.0,4,21,111,16,3,2021,0,0,0
2021-04-21 07:00:00,27.5,100.0,27.1,4,21,111,16,3,2021,0,0,0
2021-04-21 08:00:00,26.6,100.0,27.6,4,21,111,16,3,2021,0,0,0
2021-04-21 09:00:00,30.4,98.9,28.5,4,21,111,16,3,2021,0,0,0
2021-04-21 10:00:00,28.8,93.3,29.8,4,21,111,16,3,2021,0,0,0
2021-04-21 11:00:00,28.9,88.5,30.8,4,21,111,16,3,2021,0,0,0
2021-04-21 12:00:00,28.6,86.0,31.3,4,21,111,16,3,2021,0,0,0
2021-04-21 13:00:00,26.2,81.1,32.5,4,21,111,16,3,2021,0,0,0
2021-04-21 14:00:00,25.8,83.1,32.0,4,21,111,16,3,2021,0,0,0
2021-04-21 15:00:00,25.0,82.6,32.1,4,21,111,16,3,2021,0,0,0
2021-04-21 16:00:00,22.3,84.7,31.5,4,21,111,16,3,2021,0,0,0
2021-04-21 17:00:00,22.7,88.2,30.8,4,21,111,16,3,2021,0,0,0
2021-04-21 18:00:00,25.2,91.0,30.1,4,21,111,16,3,2021,0,0,0
2021-04-21 19:00:00,25.7,95.5,29.3,4,21,111,16,3,2021,0,0,0
2021-04-21 20:00:00,27.0,97.8,28.8,4,21,111,16,3,2021,0,0,0
2021-04-21 21:00:00,25.6,99.5,28.6,4,21,111,16,3,2021,0,0,0
2021-04-21 22:00:00,21.4,99.8,28.3,4,21,111,16,3,2021,0,0,0
2021-04-21 23:00:00,20.3,100.0,28.1,4,21,111,16,3,2021,0,0,0
2021-04-22 00:00:00,19.5,100.0,27.8,4,22,112,16,4,2021,0,0,0
2021-04-22 01:00:00,20.3,100.0,27.7,4,22,112,16,4,2021,0,0,0
2021-04-22 02:00:00,21.7,100.0,27.6,4,22,112,16,4,2021,0,0,0
2021-04-22 03:00:00,19.8,100.0,27.5,4,22,112,16,4,2021,0,0,0
2021-04-22 04:00:00,16.8,100.0,27.4,4,22,112,16,4,2021,0,0,0
2021-04-22 05:00:00,17.1,100.0,27.3,4,22,112,16,4,2021,0,0,0
2021-04-22 06:00:00,19.7,100.0,27.1,4,22,112,16,4,2021,0,0,0
2021-04-22 07:00:00,19.7,100.0,27.2,4,22,112,16,4,2021,0,0,0
2021-04-22 08:00:00,21.7,99.4,28.1,4,22,112,16,4,2021,0,0,0
2021-04-22 09:00:00,26.0,97.0,28.5,4,22,112,16,4,2021,0,0,0
2021-04-22 10:00:00,27.8,93.8,29.2,4,22,112,16,4,2021,0,0,0
2021-04-22 11:00:00,27.5,90.8,29.8,4,22,112,16,4,2021,0,0,0
2021-04-22 12:00:00,26.4,93.0,29.8,4,22,112,16,4,2021,0,0,0
2021-04-22 13:00:00,25.1,89.8,30.5,4,22,112,16,4,2021,0,0,0
2021-04-22 14:00:00,22.8,86.5,31.1,4,22,112,16,4,2021,0,0,0
2021-04-22 15:00:00,22.3,87.1,31.0,4,22,112,16,4,2021,0,0,0
2021-04-22 16:00:00,20.4,87.4,30.9,4,22,112,16,4,2021,0,0,0
2021-04-22 17:00:00,19.2,90.2,30.5,4,22,112,16,4,2021,0,0,0
2021-04-22 18:00:00,20.4,94.9,29.5,4,22,112,16,4,2021,0,0,0
2021-04-22 19:00:00,22.5,96.1,29.1,4,22,112,16,4,2021,0,0,0
2021-04-22 20:00:00,24.5,98.7,28.7,4,22,112,16,4,2021,0,0,0
2021-04-22 21:00:00,25.7,99.5,28.3,4,22,112,16,4,2021,0,0,0
2021-04-22 22:00:00,23.1,100.0,27.9,4,22,112,16,4,2021,0,0,0
2021-04-22 23:00:00,24.5,100.0,27.7,4,22,112,16,4,2021,0,0,0
2021-04-23 00:00:00,23.2,100.0,27.4,4,23,113,16,5,2021,1,0,0
2021-04-23 01:00:00,20.6,100.0,27.3,4,23,113,16,5,2021,1,0,0
2021-04-23 02:00:00,19.4,100.0,27.1,4,23,113,16,5,2021,1,0,0
2021-04-23 03:00:00,19.8,100.0,27.1,4,23,113,16,5,2021,1,0,0
2021-04-23 04:00:00,21.8,100.0,27.0,4,23,113,16,5,2021,1,0,0
2021-04-23 05:00:00,26.4,100.0,26.7,4,23,113,16,5,2021,1,0,0
2021-04-23 06:00:00,33.7,100.0,26.6,4,23,113,16,5,2021,1,0,0
2021-04-23 07:00:00,30.9,100.0,26.8,4,23,113,16,5,2021,1,0,0
2021-04-23 08:00:00,35.7,100.0,27.5,4,23,113,16,5,2021,1,0,0
2021-04-23 09:00:00,34.4,100.0,28.1,4,23,113,16,5,2021,1,0,0
2021-04-23 10:00:00,34.3,98.9,28.7,4,23,113,16,5,2021,1,0,0
2021-04-23 11:00:00,30.7,97.0,29.2,4,23,113,16,5,2021,1,0,0
2021-04-23 12:00:00,30.2,95.7,29.7,4,23,113,16,5,2021,1,0,0
2021-04-23 13:00:00,31.1,92.6,30.0,4,23,113,16,5,2021,1,0,0
2021-04-23 14:00:00,28.1,91.2,30.4,4,23,113,16,5,2021,1,0,0
2021-04-23 15:00:00,25.0,93.2,30.1,4,23,113,16,5,2021,1,0,0
2021-04-23 16:00:00,21.9,96.6,29.5,4,23,113,16,5,2021,1,0,0
2021-04-23 17:00:00,22.4,97.5,29.1,4,23,113,16,5,2021,1,0,0
2021-04-23 18:00:00,29.3,99.2,28.7,4,23,113,16,5,2021,1,0,0
2021-04-23 19:00:00,29.5,100.0,28.3,4,23,113,16,5,2021,1,0,0
2021-04-23 20:00:00,28.0,100.0,28.3,4,23,113,16,5,2021,1,0,0
2021-04-23 21:00:00,26.8,100.0,28.1,4,23,113,16,5,2021,1,0,0
2021-04-23 22:00:00,30.0,100.0,28.2,4,23,113,16,5,2021,1,0,0
2021-04-23 23:00:00,29.5,100.0,27.9,4,23,113,16,5,2021,1,0,0
2021-04-24 00:00:00,31.2,100.0,27.7,4,24,114,16,6,2021,1,0,0
2021-04-24 01:00:00,29.5,100.0,27.6,4,24,114,16,6,2021,1,0,0
2021-04-24 02:00:00,30.5,100.0,27.5,4,24,114,16,6,2021,1,0,0
2021-04-24 03:00:00,34.3,100.0,27.2,4,24,114,16,6,2021,1,0,0
2021-04-24 04:00:00,36.9,100.0,27.2,4,24,114,16,6,2021,1,0,0
2021-04-24 05:00:00,33.3,100.0,27.4,4,24,114,16,6,2021,1,0,0
2021-04-24 06:00:00,34.0,100.0,27.3,4,24,114,16,6,2021,1,0,0
2021-04-24 07:00:00,30.5,100.0,27.5,4,24,114,16,6,2021,1,0,0
2021-04-24 08:00:00,29.5,100.0,28.0,4,24,114,16,6,2021,1,0,0
2021-04-24 09:00:00,26.9,100.0,28.6,4,24,114,16,6,2021,1,0,0
2021-04-24 10:00:00,35.3,99.0,29.3,4,24,114,16,6,2021,1,0,0
2021-04-24 11:00:00,40.1,96.5,29.9,4,24,114,16,6,2021,1,0,0
2021-04-24 12:00:00,40.2,93.5,30.7,4,24,114,16,6,2021,1,0,0
2021-04-24 13:00:00,37.2,95.6,30.3,4,24,114,16,6,2021,1,0,0
2021-04-24 14:00:00,37.1,95.0,30.4,4,24,114,16,6,2021,1,0,0
2021-04-24 15:00:00,33.5,96.4,30.2,4,24,114,16,6,2021,1,0,0
2021-04-24 16:00:00,31.0,97.9,29.9,4,24,114,16,6,2021,1,0,0
2021-04-24 17:00:00,31.9,97.6,29.9,4,24,114,16,6,2021,1,0,0
2021-04-24 18:00:00,34.9,99.5,29.5,4,24,114,16,6,2021,1,0,0
2021-04-24 19:00:00,38.2,100.0,29.1,4,24,114,16,6,2021,1,0,0
2021-04-24 20:00:00,42.6,100.0,29.0,4,24,114,16,6,2021,1,0,0
2021-04-24 21:00:00,43.5,100.0,28.9,4,24,114,16,6,2021,1,0,0
2021-04-24 22:00:00,42.1,100.0,28.6,4,24,114,16,6,2021,1,0,0
2021-04-24 23:00:00,38.9,100.0,28.2,4,24,114,16,6,2021,1,0,0
2021-04-25 00:00:00,63.3,100.0,27.2,4,25,115,16,7,2021,1,0,0
2021-04-25 01:00:00,56.7,100.0,27.0,4,25,115,16,7,2021,1,0,0
2021-04-25 02:00:00,60.1,100.0,26.9,4,25,115,16,7,2021,1,0,0
2021-04-25 03:00:00,75.7,100.0,26.7,4,25,115,16,7,2021,1,0,0
2021-04-25 04:00:00,67.7,100.0,26.5,4,25,115,16,7,2021,1,0,0
2021-04-25 05:00:00,54.0,100.0,26.5,4,25,115,16,7,2021,1,0,0
2021-04-25 06:00:00,33.7,100.0,26.6,4,25,115,16,7,2021,1,0,0
2021-04-25 07:00:00,23.2,100.0,26.7,4,25,115,16,7,2021,1,0,0
2021-04-25 08:00:00,43.2,100.0,26.9,4,25,115,16,7,2021,1,0,0
2021-04-25 09:00:00,53.8,100.0,27.2,4,25,115,16,7,2021,1,0,0
2021-04-25 10:00:00,39.1,100.0,27.5,4,25,115,16,7,2021,1,0,0
2021-04-25 11:00:00,30.7,100.0,28.3,4,25,115,16,7,2021,1,0,0
2021-04-25 12:00:00,27.6,100.0,28.6,4,25,115,16,7,2021,1,0,0
2021-04-25 13:00:00,30.2,100.0,28.3,4,25,115,16,7,2021,1,0,0
2021-04-25 14:00:00,32.9,100.0,27.9,4,25,115,16,7,2021,1,0,0
2021-04-25 15:00:00,40.2,100.0,27.8,4,25,115,16,7,2021,1,0,0
2021-04-25 16:00:00,47.1,100.0,27.4,4,25,115,16,7,2021,1,0,0
2021-04-25 17:00:00,50.5,100.0,27.6,4,25,115,16,7,2021,1,0,0
2021-04-25 18:00:00,63.2,100.0,27.3,4,25,115,16,7,2021,1,0,0
2021-04-25 19:00:00,70.7,100.0,27.2,4,25,115,16,7,2021,1,0,0
2021-04-25 20:00:00,44.4,100.0,27.3,4,25,115,16,7,2021,1,0,0
2021-04-25 21:00:00,43.4,100.0,27.4,4,25,115,16,7,2021,1,0,0
2021-04-25 22:00:00,36.0,100.0,27.6,4,25,115,16,7,2021,1,0,0
2021-04-25 23:00:00,43.0,100.0,27.5,4,25,115,16,7,2021,1,0,0
2021-04-26 00:00:00,53.3,100.0,27.2,4,26,116,17,1,2021,0,0,0
2021-04-26 01:00:00,53.4,100.0,27.1,4,26,116,17,1,2021,0,0,0
2021-04-26 02:00:00,43.7,100.0,27.0,4,26,116,17,1,2021,0,0,0
2021-04-26 03:00:00,45.1,100.0,26.9,4,26,116,17,1,2021,0,0,0
2021-04-26 04:00:00,72.9,100.0,26.3,4,26,116,17,1,2021,0,0,0
2021-04-26 05:00:00,82.7,100.0,25.9,4,26,116,17,1,2021,0,0,0
2021-04-26 06:00:00,75.9,100.0,26.0,4,26,116,17,1,2021,0,0,0
2021-04-26 07:00:00,63.9,100.0,26.2,4,26,116,17,1,2021,0,0,0
2021-04-26 08:00:00,25.7,100.0,24.5,4,26,116,17,1,2021,0,0,0
2021-04-26 09:00:00,24.5,100.0,23.1,4,26,116,17,1,2021,0,0,0
2021-04-26 10:00:00,42.0,100.0,23.7,4,26,116,17,1,2021,0,0,0
2021-04-26 11:00:00,43.4,100.0,24.2,4,26,116,17,1,2021,0,0,0
2021-04-26 12:00:00,50.4,100.0,25.1,4,26,116,17,1,2021,0,0,0
2021-04-26 13:00:00,49.6,100.0,25.3,4,26,116,17,1,2021,0,0,0
2021-04-26 14:00:00,22.2,99.6,25.5,4,26,116,17,1,2021,0,0,0
2021-04-26 15:00:00,19.7,99.9,23.9,4,26,116,17,1,2021,0,0,0
2021-04-26 16:00:00,28.9,100.0,23.2,4,26,116,17,1,2021,0,0,0
2021-04-26 17:00:00,30.7,100.0,23.3,4,26,116,17,1,2021,0,0,0
2021-04-26 18:00:00,27.3,100.0,23.2,4,26,116,17,1,2021,0,0,0
2021-04-26 19:00:00,24.5,100.0,23.0,4,26,116,17,1,2021,0,0,0
2021-04-26 20:00:00,26.5,100.0,22.8,4,26,116,17,1,2021,0,0,0
2021-04-26 21:00:00,46.3,100.0,22.9,4,26,116,17,1,2021,0,0,0
2021-04-26 22:00:00,59.2,100.0,23.0,4,26,116,17,1,2021,0,0,0
2021-04-26 23:00:00,56.4,100.0,23.1,4,26,116,17,1,2021,0,0,0
2021-04-27 00:00:00,37.25,100.0,22.9,4,27,117,17,2,2021,0,0,0
2021-04-27 01:00:00,18.1,100.0,22.9,4,27,117,17,2,2021,0,0,0
2021-04-27 02:00:00,39.7,100.0,22.8,4,27,117,17,2,2021,0,0,0
2021-04-27 03:00:00,69.8,100.0,22.8,4,27,117,17,2,2021,0,0,0
2021-04-27 04:00:00,74.5,99.8,23.0,4,27,117,17,2,2021,0,0,0
2021-04-27 05:00:00,71.0,100.0,22.9,4,27,117,17,2,2021,0,0,0
2021-04-27 06:00:00,25.8,100.0,22.9,4,27,117,17,2,2021,0,0,0
2021-04-27 07:00:00,22.4,100.0,23.0,4,27,117,17,2,2021,0,0,0
2021-04-27 08:00:00,21.2,98.4,23.4,4,27,117,17,2,2021,0,0,0
2021-04-27 09:00:00,38.2,97.1,23.8,4,27,117,17,2,2021,0,0,0
2021-04-27 10:00:00,41.0,95.9,24.3,4,27,117,17,2,2021,0,0,0
2021-04-27 11:00:00,33.2,91.8,25.4,4,27,117,17,2,2021,0,0,0
2021-04-27 12:00:00,33.4,89.1,26.2,4,27,117,17,2,2021,0,0,0
2021-04-27 13:00:00,38.6,88.5,26.6,4,27,117,17,2,2021,0,0,0
2021-04-27 14:00:00,44.6,87.2,27.3,4,27,117,17,2,2021,0,0,0
2021-04-27 15:00:00,50.2,87.8,27.6,4,27,117,17,2,2021,0,0,0
2021-04-27 16:00:00,41.2,90.0,27.3,4,27,117,17,2,2021,0,0,0
2021-04-27 17:00:00,37.5,90.9,27.2,4,27,117,17,2,2021,0,0,0
2021-04-27 18:00:00,37.1,91.9,27.1,4,27,117,17,2,2021,0,0,0
2021-04-27 19:00:00,35.3,92.9,27.1,4,27,117,17,2,2021,0,0,0
2021-04-27 20:00:00,37.3,94.5,26.9,4,27,117,17,2,2021,0,0,0
2021-04-27 21:00:00,41.7,95.1,26.7,4,27,117,17,2,2021,0,0,0
2021-04-27 22:00:00,47.4,96.3,25.6,4,27,117,17,2,2021,0,0,0
2021-04-27 23:00:00,67.1,99.9,24.0,4,27,117,17,2,2021,0,0,0
2021-04-28 00:00:00,109.0,100.0,23.3,4,28,118,17,3,2021,0,0,0
2021-04-28 01:00:00,112.8,100.0,23.2,4,28,118,17,3,2021,0,0,0
2021-04-28 02:00:00,96.0,100.0,22.9,4,28,118,17,3,2021,0,0,0
2021-04-28 03:00:00,65.6,100.0,22.4,4,28,118,17,3,2021,0,0,0
2021-04-28 04:00:00,61.0,100.0,22.4,4,28,118,17,3,2021,0,0,0
2021-04-28 05:00:00,63.1,100.0,22.6,4,28,118,17,3,2021,0,0,0
2021-04-28 06:00:00,71.6,100.0,22.5,4,28,118,17,3,2021,0,0,0
2021-04-28 07:00:00,68.4,100.0,22.1,4,28,118,17,3,2021,0,0,0
2021-04-28 08:00:00,56.8,100.0,22.6,4,28,118,17,3,2021,0,0,0
2021-04-28 09:00:00,66.5,100.0,22.9,4,28,118,17,3,2021,0,0,0
2021-04-28 10:00:00,68.3,100.0,23.0,4,28,118,17,3,2021,0,0,0
2021-04-28 11:00:00,57.3,100.0,24.0,4,28,118,17,3,2021,0,0,0
2021-04-28 12:00:00,57.4,97.1,24.8,4,28,118,17,3,2021,0,0,0
2021-04-28 13:00:00,57.2,95.4,25.4,4,28,118,17,3,2021,0,0,0
2021-04-28 14:00:00,62.0,94.0,25.9,4,28,118,17,3,2021,0,0,0
2021-04-28 15:00:00,57.7,92.2,26.6,4,28,118,17,3,2021,0,0,0
2021-04-28 16:00:00,62.6,94.4,26.5,4,28,118,17,3,2021,0,0,0
2021-04-28 17:00:00,54.4,96.8,25.8,4,28,118,17,3,2021,0,0,0
2021-04-28 18:00:00,40.6,97.8,25.1,4,28,118,17,3,2021,0,0,0
2021-04-28 19:00:00,38.2,98.4,24.6,4,28,118,17,3,2021,0,0,0
2021-04-28 20:00:00,15.8,96.6,24.1,4,28,118,17,3,2021,0,0,0
2021-04-28 21:00:00,15.8,99.5,23.4,4,28,118,17,3,2021,0,0,0
2021-04-28 22:00:00,14.8,100.0,23.0,4,28,118,17,3,2021,0,0,0
2021-04-28 23:00:00,21.2,99.7,22.9,4,28,118,17,3,2021,0,0,0
2021-04-29 00:00:00,15.55,100.0,22.4,4,29,119,17,4,2021,0,0,0
2021-04-29 01:00:00,9.9,100.0,22.2,4,29,119,17,4,2021,0,0,0
2021-04-29 02:00:00,10.4,100.0,21.0,4,29,119,17,4,2021,0,0,0
2021-04-29 03:00:00,12.95,100.0,20.3,4,29,119,17,4,2021,0,0,0
2021-04-29 04:00:00,15.5,100.0,20.5,4,29,119,17,4,2021,0,0,0
2021-04-29 05:00:00,22.8,100.0,20.8,4,29,119,17,4,2021,0,0,0
2021-04-29 06:00:00,17.3,98.3,20.8,4,29,119,17,4,2021,0,0,0
2021-04-29 07:00:00,25.3,98.8,21.1,4,29,119,17,4,2021,0,0,0
2021-04-29 08:00:00,35.0,97.9,22.0,4,29,119,17,4,2021,0,0,0
2021-04-29 09:00:00,24.6,88.6,24.1,4,29,119,17,4,2021,0,0,0
2021-04-29 10:00:00,17.1,77.7,25.9,4,29,119,17,4,2021,0,0,0
2021-04-29 11:00:00,17.0,75.7,26.2,4,29,119,17,4,2021,0,0,0
2021-04-29 12:00:00,19.2,73.2,27.1,4,29,119,17,4,2021,0,0,0
2021-04-29 13:00:00,19.2,68.3,27.8,4,29,119,17,4,2021,0,0,0
2021-04-29 14:00:00,15.6,66.0,28.0,4,29,119,17,4,2021,0,0,0
2021-04-29 15:00:00,14.7,67.7,28.0,4,29,119,17,4,2021,0,0,0
2021-04-29 16:00:00,14.7,69.7,28.0,4,29,119,17,4,2021,0,0,0
2021-04-29 17:00:00,17.6,71.0,27.9,4,29,119,17,4,2021,0,0,0
2021-04-29 18:00:00,24.6,72.5,27.7,4,29,119,17,4,2021,0,0,0
2021-04-29 19:00:00,29.6,76.1,26.9,4,29,119,17,4,2021,0,0,0
2021-04-29 20:00:00,33.4,77.9,26.2,4,29,119,17,4,2021,0,0,0
2021-04-29 21:00:00,41.9,80.3,26.0,4,29,119,17,4,2021,0,0,0
2021-04-29 22:00:00,50.6,86.9,25.4,4,29,119,17,4,2021,0,0,0
2021-04-29 23:00:00,37.9,91.1,24.8,4,29,119,17,4,2021,0,0,0
2021-04-30 00:00:00,44.9,96.0,24.3,4,30,120,17,5,2021,1,0,1
2021-04-30 01:00:00,61.8,100.0,23.7,4,30,120,17,5,2021,1,0,1
2021-04-30 02:00:00,77.0,100.0,23.1,4,30,120,17,5,2021,1,0,1
2021-04-30 03:00:00,80.3,100.0,22.9,4,30,120,17,5,2021,1,0,1
2021-04-30 04:00:00,85.2,100.0,22.8,4,30,120,17,5,2021,1,0,1
2021-04-30 05:00:00,91.8,100.0,22.8,4,30,120,17,5,2021,1,0,1
2021-04-30 06:00:00,96.3,100.0,22.8,4,30,120,17,5,2021,1,0,1
2021-04-30 07:00:00,109.1,100.0,23.0,4,30,120,17,5,2021,1,0,1
2021-04-30 08:00:00,105.1,99.4,24.3,4,30,120,17,5,2021,1,0,1
2021-04-30 09:00:00,87.2,94.1,25.5,4,30,120,17,5,2021,1,0,1
2021-04-30 10:00:00,75.5,86.5,27.0,4,30,120,17,5,2021,1,0,1
2021-04-30 11:00:00,77.6,81.1,28.3,4,30,120,17,5,2021,1,0,1
2021-04-30 12:00:00,50.5,75.0,29.4,4,30,120,17,5,2021,1,0,1
2021-04-30 13:00:00,32.0,69.7,30.5,4,30,120,17,5,2021,1,0,1
2021-04-30 14:00:00,38.9,71.0,30.4,4,30,120,17,5,2021,1,0,1
2021-04-30 15:00:00,41.6,71.4,30.4,4,30,120,17,5,2021,1,0,1
2021-04-30 16:00:00,41.0,73.2,30.2,4,30,120,17,5,2021,1,0,1
2021-04-30 17:00:00,36.2,75.6,29.5,4,30,120,17,5,2021,1,0,1
2021-04-30 18:00:00,26.6,75.1,29.1,4,30,120,17,5,2021,1,0,1
2021-04-30 19:00:00,30.8,83.4,28.3,4,30,120,17,5,2021,1,0,1
2021-04-30 20:00:00,34.6,87.1,27.4,4,30,120,17,5,2021,1,0,1
2021-04-30 21:00:00,29.8,86.7,26.8,4,30,120,17,5,2021,1,0,1
2021-04-30 22:00:00,41.4,91.9,26.3,4,30,120,17,5,2021,1,0,1
2021-04-30 23:00:00,40.0,96.3,25.7,4,30,120,17,5,2021,1,0,1
2021-01-05 00:00:00,38.6,99.9,25.0,1,5,5,1,2,2021,0,0,0
2021-01-05 01:00:00,51.4,99.7,25.0,1,5,5,1,2,2021,0,0,0
2021-01-05 02:00:00,59.6,99.8,24.9,1,5,5,1,2,2021,0,0,0
2021-01-05 03:00:00,53.4,100.0,24.4,1,5,5,1,2,2021,0,0,0
2021-01-05 04:00:00,51.5,100.0,24.3,1,5,5,1,2,2021,0,0,0
2021-01-05 05:00:00,49.1,100.0,24.4,1,5,5,1,2,2021,0,0,0
2021-01-05 06:00:00,54.9,100.0,24.7,1,5,5,1,2,2021,0,0,0
2021-01-05 07:00:00,79.2,100.0,24.8,1,5,5,1,2,2021,0,0,0
2021-01-05 08:00:00,77.7,98.4,25.2,1,5,5,1,2,2021,0,0,0
2021-01-05 09:00:00,63.2,93.4,26.6,1,5,5,1,2,2021,0,0,0
2021-01-05 10:00:00,76.8,91.4,27.1,1,5,5,1,2,2021,0,0,0
2021-01-05 11:00:00,78.3,91.3,27.4,1,5,5,1,2,2021,0,0,0
2021-01-05 12:00:00,89.7,89.9,27.8,1,5,5,1,2,2021,0,0,0
2021-01-05 13:00:00,80.0,87.8,28.4,1,5,5,1,2,2021,0,0,0
2021-01-05 14:00:00,78.0,90.2,28.1,1,5,5,1,2,2021,0,0,0
2021-01-05 15:00:00,95.5,96.6,27.7,1,5,5,1,2,2021,0,0,0
2021-01-05 16:00:00,79.4,96.8,27.8,1,5,5,1,2,2021,0,0,0
2021-01-05 17:00:00,67.6,92.6,28.5,1,5,5,1,2,2021,0,0,0
2021-01-05 18:00:00,42.7,94.4,28.4,1,5,5,1,2,2021,0,0,0
2021-01-05 19:00:00,34.5,97.9,27.9,1,5,5,1,2,2021,0,0,0
2021-01-05 20:00:00,35.0,100.0,27.4,1,5,5,1,2,2021,0,0,0
2021-01-05 21:00:00,38.0,100.0,27.2,1,5,5,1,2,2021,0,0,0
2021-01-05 22:00:00,42.2,100.0,26.8,1,5,5,1,2,2021,0,0,0
2021-01-05 23:00:00,49.7,100.0,26.5,1,5,5,1,2,2021,0,0,0
2021-02-05 00:00:00,58.5,100.0,25.9,2,5,36,5,5,2021,1,0,0
2021-02-05 01:00:00,63.8,100.0,25.6,2,5,36,5,5,2021,1,0,0
2021-02-05 02:00:00,72.8,100.0,25.3,2,5,36,5,5,2021,1,0,0
2021-02-05 03:00:00,85.3,100.0,25.1,2,5,36,5,5,2021,1,0,0
2021-02-05 04:00:00,80.8,100.0,25.1,2,5,36,5,5,2021,1,0,0
2021-02-05 05:00:00,79.2,100.0,25.1,2,5,36,5,5,2021,1,0,0
2021-02-05 06:00:00,73.0,100.0,25.1,2,5,36,5,5,2021,1,0,0
2021-02-05 07:00:00,73.8,100.0,25.4,2,5,36,5,5,2021,1,0,0
2021-02-05 08:00:00,79.5,100.0,25.8,2,5,36,5,5,2021,1,0,0
2021-02-05 09:00:00,97.8,100.0,26.3,2,5,36,5,5,2021,1,0,0
2021-02-05 10:00:00,99.6,100.0,27.0,2,5,36,5,5,2021,1,0,0
2021-02-05 11:00:00,74.9,99.6,28.2,2,5,36,5,5,2021,1,0,0
2021-02-05 12:00:00,37.7,93.6,29.8,2,5,36,5,5,2021,1,0,0
2021-02-05 13:00:00,20.5,85.3,30.9,2,5,36,5,5,2021,1,0,0
2021-02-05 14:00:00,14.5,81.1,31.6,2,5,36,5,5,2021,1,0,0
2021-02-05 15:00:00,20.0,81.9,31.7,2,5,36,5,5,2021,1,0,0
2021-02-05 16:00:00,34.6,88.0,31.2,2,5,36,5,5,2021,1,0,0
2021-02-05 17:00:00,30.1,87.7,31.2,2,5,36,5,5,2021,1,0,0
2021-02-05 18:00:00,30.5,91.1,30.6,2,5,36,5,5,2021,1,0,0
2021-02-05 19:00:00,28.6,93.5,29.7,2,5,36,5,5,2021,1,0,0
2021-02-05 20:00:00,26.6,97.2,28.8,2,5,36,5,5,2021,1,0,0
2021-02-05 21:00:00,31.4,100.0,28.2,2,5,36,5,5,2021,1,0,0
2021-02-05 22:00:00,35.1,100.0,28.0,2,5,36,5,5,2021,1,0,0
2021-02-05 23:00:00,33.7,100.0,27.7,2,5,36,5,5,2021,1,0,0
2021-03-05 00:00:00,33.4,100.0,27.5,3,5,64,9,5,2021,1,0,0
2021-03-05 01:00:00,37.4,100.0,27.5,3,5,64,9,5,2021,1,0,0
2021-03-05 02:00:00,41.8,100.0,27.4,3,5,64,9,5,2021,1,0,0
2021-03-05 03:00:00,32.0,100.0,27.3,3,5,64,9,5,2021,1,0,0
2021-03-05 04:00:00,25.7,100.0,27.3,3,5,64,9,5,2021,1,0,0
2021-03-05 05:00:00,25.5,100.0,27.3,3,5,64,9,5,2021,1,0,0
2021-03-05 06:00:00,23.7,100.0,27.3,3,5,64,9,5,2021,1,0,0
2021-03-05 07:00:00,25.0,100.0,27.6,3,5,64,9,5,2021,1,0,0
2021-03-05 08:00:00,22.9,99.9,28.6,3,5,64,9,5,2021,1,0,0
2021-03-05 09:00:00,30.3,97.5,29.2,3,5,64,9,5,2021,1,0,0
2021-03-05 10:00:00,30.2,92.7,30.2,3,5,64,9,5,2021,1,0,0
2021-03-05 11:00:00,31.7,87.8,31.1,3,5,64,9,5,2021,1,0,0
2021-03-05 12:00:00,30.0,83.2,32.2,3,5,64,9,5,2021,1,0,0
2021-03-05 13:00:00,21.5,80.5,32.7,3,5,64,9,5,2021,1,0,0
2021-03-05 14:00:00,21.2,80.2,32.8,3,5,64,9,5,2021,1,0,0
2021-03-05 15:00:00,23.7,81.5,32.7,3,5,64,9,5,2021,1,0,0
2021-03-05 16:00:00,20.8,85.1,32.2,3,5,64,9,5,2021,1,0,0
2021-03-05 17:00:00,20.2,89.7,31.2,3,5,64,9,5,2021,1,0,0
2021-03-05 18:00:00,20.8,92.4,30.3,3,5,64,9,5,2021,1,0,0
2021-03-05 19:00:00,19.9,94.6,29.5,3,5,64,9,5,2021,1,0,0
2021-03-05 20:00:00,23.7,96.7,28.9,3,5,64,9,5,2021,1,0,0
2021-03-05 21:00:00,21.2,98.0,28.6,3,5,64,9,5,2021,1,0,0
2021-03-05 22:00:00,18.8,99.9,28.3,3,5,64,9,5,2021,1,0,0
2021-03-05 23:00:00,20.4,100.0,28.1,3,5,64,9,5,2021,1,0,0
2021-04-05 00:00:00,19.6,100.0,28.1,4,5,95,14,1,2021,0,0,0
2021-04-05 01:00:00,19.7,100.0,27.8,4,5,95,14,1,2021,0,0,0
2021-04-05 02:00:00,19.2,100.0,27.7,4,5,95,14,1,2021,0,0,0
2021-04-05 03:00:00,19.9,100.0,27.4,4,5,95,14,1,2021,0,0,0
2021-04-05 04:00:00,25.9,100.0,27.1,4,5,95,14,1,2021,0,0,0
2021-04-05 05:00:00,21.8,100.0,27.1,4,5,95,14,1,2021,0,0,0
2021-04-05 06:00:00,21.5,100.0,26.8,4,5,95,14,1,2021,0,0,0
2021-04-05 07:00:00,19.9,100.0,26.9,4,5,95,14,1,2021,0,0,0
2021-04-05 08:00:00,22.9,100.0,27.8,4,5,95,14,1,2021,0,0,0
2021-04-05 09:00:00,28.2,95.8,29.0,4,5,95,14,1,2021,0,0,0
2021-04-05 10:00:00,30.0,87.5,30.5,4,5,95,14,1,2021,0,0,0
2021-04-05 11:00:00,25.1,80.5,31.9,4,5,95,14,1,2021,0,0,0
2021-04-05 12:00:00,23.8,76.5,33.3,4,5,95,14,1,2021,0,0,0
2021-04-05 13:00:00,21.5,75.5,33.5,4,5,95,14,1,2021,0,0,0
2021-04-05 14:00:00,21.6,76.6,33.6,4,5,95,14,1,2021,0,0,0
2021-04-05 15:00:00,18.3,76.3,33.5,4,5,95,14,1,2021,0,0,0
2021-04-05 16:00:00,14.2,78.1,33.2,4,5,95,14,1,2021,0,0,0
2021-04-05 17:00:00,10.2,80.7,32.2,4,5,95,14,1,2021,0,0,0
2021-04-05 18:00:00,15.4,84.4,31.5,4,5,95,14,1,2021,0,0,0
2021-04-05 19:00:00,24.6,89.1,30.7,4,5,95,14,1,2021,0,0,0
2021-04-05 20:00:00,28.1,93.1,29.9,4,5,95,14,1,2021,0,0,0
2021-04-05 21:00:00,32.4,97.0,29.2,4,5,95,14,1,2021,0,0,0
2021-04-05 22:00:00,37.5,99.8,28.8,4,5,95,14,1,2021,0,0,0
2021-04-05 23:00:00,36.4,100.0,28.4,4,5,95,14,1,2021,0,0,0
2021-05-05 00:00:00,43.3,100.0,28.4,5,5,125,18,3,2021,0,0,0
2021-05-05 01:00:00,49.2,100.0,28.2,5,5,125,18,3,2021,0,0,0
2021-05-05 02:00:00,51.9,100.0,28.2,5,5,125,18,3,2021,0,0,0
2021-05-05 03:00:00,44.7,100.0,28.2,5,5,125,18,3,2021,0,0,0
2021-05-05 04:00:00,41.1,100.0,28.1,5,5,125,18,3,2021,0,0,0
2021-05-05 05:00:00,39.9,100.0,28.0,5,5,125,18,3,2021,0,0,0
2021-05-05 06:00:00,40.1,100.0,28.0,5,5,125,18,3,2021,0,0,0
2021-05-05 07:00:00,23.6,99.2,26.4,5,5,125,18,3,2021,0,0,0
2021-05-05 08:00:00,7.5,100.0,24.1,5,5,125,18,3,2021,0,0,0
2021-05-05 09:00:00,12.25,100.0,24.5,5,5,125,18,3,2021,0,0,0
2021-05-05 10:00:00,17.0,100.0,23.9,5,5,125,18,3,2021,0,0,0
2021-05-05 11:00:00,14.8,100.0,23.4,5,5,125,18,3,2021,0,0,0
2021-05-05 12:00:00,12.6,100.0,23.4,5,5,125,18,3,2021,0,0,0
2021-05-05 13:00:00,9.6,100.0,23.9,5,5,125,18,3,2021,0,0,0
2021-05-05 14:00:00,9.7,100.0,24.9,5,5,125,18,3,2021,0,0,0
2021-05-05 15:00:00,16.6,99.8,25.2,5,5,125,18,3,2021,0,0,0
2021-05-05 16:00:00,27.2,100.0,25.2,5,5,125,18,3,2021,0,0,0
2021-05-05 17:00:00,37.8,100.0,24.8,5,5,125,18,3,2021,0,0,0
2021-05-05 18:00:00,23.3,100.0,24.3,5,5,125,18,3,2021,0,0,0
2021-05-05 19:00:00,20.0,100.0,24.4,5,5,125,18,3,2021,0,0,0
2021-05-05 20:00:00,17.2,100.0,24.1,5,5,125,18,3,2021,0,0,0
2021-05-05 21:00:00,25.3,100.0,24.3,5,5,125,18,3,2021,0,0,0
2021-05-05 22:00:00,26.7,100.0,24.3,5,5,125,18,3,2021,0,0,0
2021-05-05 23:00:00,27.7,100.0,24.5,5,5,125,18,3,2021,0,0,0
2021-06-05 00:00:00,42.5,100.0,24.7,6,5,156,22,6,2021,1,0,0
2021-06-05 01:00:00,78.4,100.0,24.7,6,5,156,22,6,2021,1,0,0
2021-06-05 02:00:00,75.5,100.0,24.4,6,5,156,22,6,2021,1,0,0
2021-06-05 03:00:00,77.8,100.0,24.4,6,5,156,22,6,2021,1,0,0
2021-06-05 04:00:00,73.8,100.0,24.5,6,5,156,22,6,2021,1,0,0
2021-06-05 05:00:00,69.8,100.0,24.3,6,5,156,22,6,2021,1,0,0
2021-06-05 06:00:00,68.8,100.0,24.4,6,5,156,22,6,2021,1,0,0
2021-06-05 07:00:00,74.8,100.0,24.8,6,5,156,22,6,2021,1,0,0
2021-06-05 08:00:00,70.0,100.0,25.3,6,5,156,22,6,2021,1,0,0
2021-06-05 09:00:00,65.6,99.4,26.0,6,5,156,22,6,2021,1,0,0
2021-06-05 10:00:00,59.1,93.1,27.4,6,5,156,22,6,2021,1,0,0
2021-06-05 11:00:00,43.6,83.8,29.3,6,5,156,22,6,2021,1,0,0
2021-06-05 12:00:00,21.3,76.3,30.9,6,5,156,22,6,2021,1,0,0
2021-06-05 13:00:00,47.92669639671784,88.37511055336446,26.37755945978244,6,5,156,22,6,2021,1,0,0
2021-06-05 14:00:00,47.92669639671784,88.37511055336446,26.37755945978244,6,5,156,22,6,2021,1,0,0
2021-06-05 15:00:00,47.92669639671784,88.37511055336446,26.37755945978244,6,5,156,22,6,2021,1,0,0
2021-06-05 16:00:00,47.92669639671784,88.37511055336446,26.37755945978244,6,5,156,22,6,2021,1,0,0
2021-06-05 17:00:00,47.92669639671784,88.37511055336446,26.37755945978244,6,5,156,22,6,2021,1,0,0
2021-06-05 18:00:00,47.92669639671784,88.37511055336446,26.37755945978244,6,5,156,22,6,2021,1,0,0
2021-06-05 19:00:00,47.92669639671784,88.37511055336446,26.37755945978244,6,5,156,22,6,2021,1,0,0
2021-06-05 20:00:00,47.92669639671784,88.37511055336446,26.37755945978244,6,5,156,22,6,2021,1,0,0
2021-06-05 21:00:00,47.92669639671784,88.37511055336446,26.37755945978244,6,5,156,22,6,2021,1,0,0
2021-06-05 22:00:00,47.92669639671784,88.37511055336446,26.37755945978244,6,5,156,22,6,2021,1,0,0
2021-06-05 23:00:00,75.5,100.0,27.4,6,5,156,22,6,2021,1,0,0
2021-07-05 00:00:00,84.8,100.0,27.1,7,5,186,27,1,2021,0,0,0
2021-07-05 01:00:00,96.8,100.0,26.9,7,5,186,27,1,2021,0,0,0
2021-07-05 02:00:00,98.8,100.0,26.7,7,5,186,27,1,2021,0,0,0
2021-07-05 03:00:00,87.5,100.0,26.6,7,5,186,27,1,2021,0,0,0
2021-07-05 04:00:00,104.9,100.0,26.5,7,5,186,27,1,2021,0,0,0
2021-07-05 05:00:00,95.6,100.0,26.4,7,5,186,27,1,2021,0,0,0
2021-07-05 06:00:00,103.0,100.0,26.4,7,5,186,27,1,2021,0,0,0
2021-07-05 07:00:00,100.1,100.0,26.6,7,5,186,27,1,2021,0,0,0
2021-07-05 08:00:00,85.7,100.0,27.5,7,5,186,27,1,2021,0,0,0
2021-07-05 09:00:00,76.8,98.0,28.6,7,5,186,27,1,2021,0,0,0
2021-07-05 10:00:00,49.9,90.1,30.3,7,5,186,27,1,2021,0,0,0
2021-07-05 11:00:00,29.3,83.9,31.2,7,5,186,27,1,2021,0,0,0
2021-07-05 12:00:00,24.4,80.3,31.7,7,5,186,27,1,2021,0,0,0
2021-07-05 13:00:00,22.9,80.1,32.1,7,5,186,27,1,2021,0,0,0
2021-07-05 14:00:00,21.7,79.4,32.1,7,5,186,27,1,2021,0,0,0
2021-07-05 15:00:00,21.7,78.3,32.2,7,5,186,27,1,2021,0,0,0
2021-07-05 16:00:00,19.2,79.0,31.9,7,5,186,27,1,2021,0,0,0
2021-07-05 17:00:00,15.4,80.5,31.4,7,5,186,27,1,2021,0,0,0
2021-07-05 18:00:00,17.4,80.3,30.8,7,5,186,27,1,2021,0,0,0
2021-07-05 19:00:00,15.4,85.1,29.9,7,5,186,27,1,2021,0,0,0
2021-07-05 20:00:00,20.6,92.9,29.0,7,5,186,27,1,2021,0,0,0
2021-07-05 21:00:00,22.0,95.5,28.5,7,5,186,27,1,2021,0,0,0
2021-07-05 22:00:00,21.6,98.4,28.2,7,5,186,27,1,2021,0,0,0
2021-07-05 23:00:00,24.1,100.0,27.8,7,5,186,27,1,2021,0,0,0
2021-08-05 00:00:00,24.9,100.0,27.6,8,5,217,31,4,2021,0,0,0
2021-08-05 01:00:00,26.6,100.0,27.3,8,5,217,31,4,2021,0,0,0
2021-08-05 02:00:00,29.3,100.0,26.9,8,5,217,31,4,2021,0,0,0
2021-08-05 03:00:00,34.1,100.0,26.6,8,5,217,31,4,2021,0,0,0
2021-08-05 04:00:00,37.3,100.0,26.4,8,5,217,31,4,2021,0,0,0
2021-08-05 05:00:00,29.9,100.0,26.5,8,5,217,31,4,2021,0,0,0
2021-08-05 06:00:00,29.2,100.0,26.8,8,5,217,31,4,2021,0,0,0
2021-08-05 07:00:00,35.6,100.0,27.3,8,5,217,31,4,2021,0,0,0
2021-08-05 08:00:00,38.6,100.0,27.9,8,5,217,31,4,2021,0,0,0
2021-08-05 09:00:00,47.0,97.5,28.5,8,5,217,31,4,2021,0,0,0
2021-08-05 10:00:00,46.8,94.2,29.2,8,5,217,31,4,2021,0,0,0
2021-08-05 11:00:00,61.2,92.8,29.7,8,5,217,31,4,2021,0,0,0
2021-08-05 12:00:00,51.6,91.0,30.1,8,5,217,31,4,2021,0,0,0
2021-08-05 13:00:00,45.0,84.8,31.4,8,5,217,31,4,2021,0,0,0
2021-08-05 14:00:00,47.0,85.9,31.5,8,5,217,31,4,2021,0,0,0
2021-08-05 15:00:00,42.8,87.3,31.4,8,5,217,31,4,2021,0,0,0
2021-08-05 16:00:00,43.1,87.6,31.6,8,5,217,31,4,2021,0,0,0
2021-08-05 17:00:00,43.8,93.9,30.8,8,5,217,31,4,2021,0,0,0
2021-08-05 18:00:00,39.1,95.3,30.3,8,5,217,31,4,2021,0,0,0
2021-08-05 19:00:00,26.6,97.5,29.7,8,5,217,31,4,2021,0,0,0
2021-08-05 20:00:00,23.6,98.8,29.0,8,5,217,31,4,2021,0,0,0
2021-08-05 21:00:00,22.6,100.0,28.6,8,5,217,31,4,2021,0,0,0
2021-08-05 22:00:00,21.9,100.0,28.3,8,5,217,31,4,2021,0,0,0
2021-08-05 23:00:00,19.1,100.0,27.9,8,5,217,31,4,2021,0,0,0
2021-09-05 00:00:00,20.3,100.0,27.6,9,5,248,35,7,2021,1,0,0
2021-09-05 01:00:00,24.1,100.0,27.4,9,5,248,35,7,2021,1,0,0
2021-09-05 02:00:00,20.5,100.0,27.2,9,5,248,35,7,2021,1,0,0
2021-09-05 03:00:00,18.0,100.0,27.2,9,5,248,35,7,2021,1,0,0
2021-09-05 04:00:00,18.0,100.0,27.3,9,5,248,35,7,2021,1,0,0
2021-09-05 05:00:00,19.6,100.0,27.4,9,5,248,35,7,2021,1,0,0
2021-09-05 06:00:00,18.8,100.0,27.3,9,5,248,35,7,2021,1,0,0
2021-09-05 07:00:00,18.6,100.0,27.4,9,5,248,35,7,2021,1,0,0
2021-09-05 08:00:00,19.6,100.0,27.9,9,5,248,35,7,2021,1,0,0
2021-09-05 09:00:00,35.6,99.9,28.8,9,5,248,35,7,2021,1,0,0
2021-09-05 10:00:00,45.0,98.4,29.6,9,5,248,35,7,2021,1,0,0
2021-09-05 11:00:00,55.9,94.8,30.4,9,5,248,35,7,2021,1,0,0
2021-09-05 12:00:00,56.2,90.4,31.4,9,5,248,35,7,2021,1,0,0
2021-09-05 13:00:00,44.5,86.1,32.1,9,5,248,35,7,2021,1,0,0
2021-09-05 14:00:00,35.6,81.9,32.8,9,5,248,35,7,2021,1,0,0
2021-09-05 15:00:00,25.7,82.2,33.0,9,5,248,35,7,2021,1,0,0
2021-09-05 16:00:00,21.9,84.3,32.7,9,5,248,35,7,2021,1,0,0
2021-09-05 17:00:00,17.1,86.0,32.3,9,5,248,35,7,2021,1,0,0
2021-09-05 18:00:00,15.6,88.8,31.5,9,5,248,35,7,2021,1,0,0
2021-09-05 19:00:00,24.4,91.5,30.7,9,5,248,35,7,2021,1,0,0
2021-09-05 20:00:00,33.4,96.3,29.9,9,5,248,35,7,2021,1,0,0
2021-09-05 21:00:00,29.3,99.2,29.4,9,5,248,35,7,2021,1,0,0
2021-09-05 22:00:00,22.4,100.0,28.9,9,5,248,35,7,2021,1,0,0
2021-09-05 23:00:00,26.3,100.0,28.6,9,5,248,35,7,2021,1,0,0
2021-10-05 00:00:00,31.6,100.0,28.3,10,5,278,40,2,2021,0,0,0
2021-10-05 01:00:00,37.4,100.0,28.3,10,5,278,40,2,2021,0,0,0
2021-10-05 02:00:00,42.6,100.0,28.4,10,5,278,40,2,2021,0,0,0
2021-10-05 03:00:00,50.9,100.0,28.2,10,5,278,40,2,2021,0,0,0
2021-10-05 04:00:00,37.8,100.0,28.0,10,5,278,40,2,2021,0,0,0
2021-10-05 05:00:00,27.9,100.0,27.8,10,5,278,40,2,2021,0,0,0
2021-10-05 06:00:00,31.7,100.0,27.8,10,5,278,40,2,2021,0,0,0
2021-10-05 07:00:00,32.3,100.0,28.1,10,5,278,40,2,2021,0,0,0
2021-10-05 08:00:00,37.1,99.6,29.1,10,5,278,40,2,2021,0,0,0
2021-10-05 09:00:00,27.2,92.9,30.8,10,5,278,40,2,2021,0,0,0
2021-10-05 10:00:00,17.3,85.5,32.2,10,5,278,40,2,2021,0,0,0
2021-10-05 11:00:00,19.9,81.5,33.5,10,5,278,40,2,2021,0,0,0
2021-10-05 12:00:00,22.3,78.0,34.5,10,5,278,40,2,2021,0,0,0
2021-10-05 13:00:00,20.2,75.9,35.1,10,5,278,40,2,2021,0,0,0
2021-10-05 14:00:00,17.4,76.7,34.9,10,5,278,40,2,2021,0,0,0
2021-10-05 15:00:00,15.9,76.5,35.0,10,5,278,40,2,2021,0,0,0
2021-10-05 16:00:00,13.6,81.6,34.3,10,5,278,40,2,2021,0,0,0
2021-10-05 17:00:00,11.4,87.0,33.3,10,5,278,40,2,2021,0,0,0
2021-10-05 18:00:00,8.5,94.7,31.9,10,5,278,40,2,2021,0,0,0
2021-10-05 19:00:00,10.8,100.0,30.5,10,5,278,40,2,2021,0,0,0
2021-10-05 20:00:00,11.1,99.8,30.1,10,5,278,40,2,2021,0,0,0
2021-10-05 21:00:00,9.2,100.0,29.8,10,5,278,40,2,2021,0,0,0
2021-10-05 22:00:00,7.8,100.0,29.8,10,5,278,40,2,2021,0,0,0
2021-10-05 23:00:00,7.3,100.0,29.5,10,5,278,40,2,2021,0,0,0
2021-11-05 00:00:00,7.6,100.0,29.2,11,5,309,44,5,2021,1,0,0
2021-11-05 01:00:00,7.4,100.0,28.9,11,5,309,44,5,2021,1,0,0
2021-11-05 02:00:00,6.5,100.0,28.6,11,5,309,44,5,2021,1,0,0
2021-11-05 03:00:00,6.2,100.0,28.4,11,5,309,44,5,2021,1,0,0
2021-11-05 04:00:00,8.9,100.0,28.3,11,5,309,44,5,2021,1,0,0
2021-11-05 05:00:00,13.0,100.0,28.2,11,5,309,44,5,2021,1,0,0
2021-11-05 06:00:00,15.1,100.0,28.2,11,5,309,44,5,2021,1,0,0
2021-11-05 07:00:00,15.2,100.0,28.5,11,5,309,44,5,2021,1,0,0
2021-11-05 08:00:00,16.3,100.0,29.2,11,5,309,44,5,2021,1,0,0
2021-11-05 09:00:00,18.3,99.1,29.9,11,5,309,44,5,2021,1,0,0
2021-11-05 10:00:00,29.3,91.4,31.5,11,5,309,44,5,2021,1,0,0
2021-11-05 11:00:00,34.4,85.3,32.8,11,5,309,44,5,2021,1,0,0
2021-11-05 12:00:00,28.5,77.1,34.3,11,5,309,44,5,2021,1,0,0
2021-11-05 13:00:00,20.7,71.6,35.2,11,5,309,44,5,2021,1,0,0
2021-11-05 14:00:00,16.7,70.1,35.4,11,5,309,44,5,2021,1,0,0
2021-11-05 15:00:00,17.5,71.3,35.6,11,5,309,44,5,2021,1,0,0
2021-11-05 16:00:00,15.6,81.3,34.8,11,5,309,44,5,2021,1,0,0
2021-11-05 17:00:00,11.5,87.9,33.4,11,5,309,44,5,2021,1,0,0
2021-11-05 18:00:00,47.92669639671784,88.37511055336446,26.37755945978244,11,5,309,44,5,2021,1,0,0
2021-11-05 19:00:00,47.92669639671784,88.37511055336446,26.37755945978244,11,5,309,44,5,2021,1,0,0
2021-11-05 20:00:00,47.92669639671784,88.37511055336446,26.37755945978244,11,5,309,44,5,2021,1,0,0
2021-11-05 21:00:00,2.8,100.0,25.9,11,5,309,44,5,2021,1,0,0
2021-11-05 22:00:00,2.0,100.0,26.2,11,5,309,44,5,2021,1,0,0
2021-11-05 23:00:00,2.2,100.0,26.2,11,5,309,44,5,2021,1,0,0
2021-12-05 00:00:00,3.0,100.0,26.4,12,5,339,48,7,2021,1,0,0
2021-12-05 01:00:00,4.8,100.0,26.8,12,5,339,48,7,2021,1,0,0
2021-12-05 02:00:00,5.0,100.0,26.3,12,5,339,48,7,2021,1,0,0
2021-12-05 03:00:00,10.6,100.0,26.2,12,5,339,48,7,2021,1,0,0
2021-12-05 04:00:00,11.9,100.0,26.5,12,5,339,48,7,2021,1,0,0
2021-12-05 05:00:00,12.0,100.0,26.3,12,5,339,48,7,2021,1,0,0
2021-12-05 06:00:00,11.1,100.0,26.5,12,5,339,48,7,2021,1,0,0
2021-12-05 07:00:00,8.2,100.0,27.0,12,5,339,48,7,2021,1,0,0
2021-12-05 08:00:00,8.5,100.0,27.9,12,5,339,48,7,2021,1,0,0
2021-12-05 09:00:00,14.7,99.9,29.3,12,5,339,48,7,2021,1,0,0
2021-12-05 10:00:00,19.4,94.1,31.0,12,5,339,48,7,2021,1,0,0
2021-12-05 11:00:00,20.8,86.9,32.5,12,5,339,48,7,2021,1,0,0
2021-12-05 12:00:00,19.8,82.1,33.8,12,5,339,48,7,2021,1,0,0
2021-12-05 13:00:00,16.4,79.7,34.5,12,5,339,48,7,2021,1,0,0
2021-12-05 14:00:00,12.9,76.4,34.6,12,5,339,48,7,2021,1,0,0
2021-12-05 15:00:00,15.9,76.4,34.7,12,5,339,48,7,2021,1,0,0
2021-12-05 16:00:00,15.8,81.5,34.2,12,5,339,48,7,2021,1,0,0
2021-12-05 17:00:00,14.6,87.9,33.7,12,5,339,48,7,2021,1,0,0
2021-12-05 18:00:00,11.6,92.2,33.0,12,5,339,48,7,2021,1,0,0
2021-12-05 19:00:00,8.9,96.7,31.8,12,5,339,48,7,2021,1,0,0
2021-12-05 20:00:00,10.4,98.8,30.8,12,5,339,48,7,2021,1,0,0
2021-12-05 21:00:00,8.3,100.0,30.4,12,5,339,48,7,2021,1,0,0
2021-12-05 22:00:00,8.3,100.0,30.0,12,5,339,48,7,2021,1,0,0
2021-12-05 23:00:00,7.9,100.0,29.7,12,5,339,48,7,2021,1,0,0
2021-05-13 00:00:00,9.7,100.0,29.1,5,13,133,19,4,2021,0,0,0
2021-05-13 01:00:00,10.3,100.0,28.8,5,13,133,19,4,2021,0,0,0
2021-05-13 02:00:00,10.9,100.0,28.9,5,13,133,19,4,2021,0,0,0
2021-05-13 03:00:00,10.9,100.0,29.1,5,13,133,19,4,2021,0,0,0
2021-05-13 04:00:00,11.0,100.0,28.8,5,13,133,19,4,2021,0,0,0
2021-05-13 05:00:00,8.9,100.0,27.6,5,13,133,19,4,2021,0,0,0
2021-05-13 06:00:00,8.0,100.0,26.9,5,13,133,19,4,2021,0,0,0
2021-05-13 07:00:00,7.1,100.0,26.6,5,13,133,19,4,2021,0,0,0
2021-05-13 08:00:00,5.1,100.0,27.0,5,13,133,19,4,2021,0,0,0
2021-05-13 09:00:00,6.0,99.8,27.6,5,13,133,19,4,2021,0,0,0
2021-05-13 10:00:00,15.7,95.4,29.4,5,13,133,19,4,2021,0,0,0
2021-05-13 11:00:00,27.1,93.9,30.3,5,13,133,19,4,2021,0,0,0
2021-05-13 12:00:00,32.1,91.7,31.5,5,13,133,19,4,2021,0,0,0
2021-05-13 13:00:00,35.0,88.9,32.6,5,13,133,19,4,2021,0,0,0
2021-05-13 14:00:00,25.4,89.3,32.7,5,13,133,19,4,2021,0,0,0
2021-05-13 15:00:00,7.6,95.8,31.1,5,13,133,19,4,2021,0,0,0
2021-05-13 16:00:00,4.2,97.7,29.5,5,13,133,19,4,2021,0,0,0
2021-05-13 17:00:00,6.2,100.0,28.0,5,13,133,19,4,2021,0,0,0
2021-05-13 18:00:00,7.4,100.0,27.7,5,13,133,19,4,2021,0,0,0
2021-05-13 19:00:00,8.1,100.0,27.7,5,13,133,19,4,2021,0,0,0
2021-05-13 20:00:00,5.9,100.0,27.7,5,13,133,19,4,2021,0,0,0
2021-05-13 21:00:00,2.9,99.5,27.3,5,13,133,19,4,2021,0,0,0
2021-05-13 22:00:00,3.9,98.9,27.4,5,13,133,19,4,2021,0,0,0
2021-05-13 23:00:00,3.5,98.9,27.4,5,13,133,19,4,2021,0,0,0
2021-05-14 00:00:00,3.7,99.0,27.4,5,14,134,19,5,2021,1,0,0
2021-05-14 01:00:00,9.8,100.0,26.8,5,14,134,19,5,2021,1,0,0
2021-05-14 02:00:00,11.0,100.0,26.4,5,14,134,19,5,2021,1,0,0
2021-05-14 03:00:00,8.5,100.0,26.6,5,14,134,19,5,2021,1,0,0
2021-05-14 04:00:00,9.2,100.0,26.5,5,14,134,19,5,2021,1,0,0
2021-05-14 05:00:00,9.7,100.0,26.4,5,14,134,19,5,2021,1,0,0
2021-05-14 06:00:00,9.9,100.0,26.4,5,14,134,19,5,2021,1,0,0
2021-05-14 07:00:00,7.9,100.0,27.3,5,14,134,19,5,2021,1,0,0
2021-05-14 08:00:00,9.3,98.1,28.7,5,14,134,19,5,2021,1,0,0
2021-05-14 09:00:00,11.9,94.8,29.7,5,14,134,19,5,2021,1,0,0
2021-05-14 10:00:00,13.5,95.5,30.2,5,14,134,19,5,2021,1,0,0
2021-05-14 11:00:00,47.92669639671784,88.37511055336446,26.37755945978244,5,14,134,19,5,2021,1,0,0
2021-05-14 12:00:00,47.92669639671784,88.37511055336446,26.37755945978244,5,14,134,19,5,2021,1,0,0
2021-05-14 13:00:00,47.92669639671784,88.37511055336446,26.37755945978244,5,14,134,19,5,2021,1,0,0
2021-05-14 14:00:00,47.92669639671784,88.37511055336446,26.37755945978244,5,14,134,19,5,2021,1,0,0
2021-05-14 15:00:00,47.92669639671784,88.37511055336446,26.37755945978244,5,14,134,19,5,2021,1,0,0
2021-05-14 16:00:00,47.92669639671784,88.37511055336446,26.37755945978244,5,14,134,19,5,2021,1,0,0
2021-05-14 17:00:00,8.9,86.4,32.8,5,14,134,19,5,2021,1,0,0
2021-05-14 18:00:00,7.0,91.3,31.8,5,14,134,19,5,2021,1,0,0
2021-05-14 19:00:00,6.0,95.2,30.9,5,14,134,19,5,2021,1,0,0
2021-05-14 20:00:00,5.7,97.8,30.2,5,14,134,19,5,2021,1,0,0
2021-05-14 21:00:00,4.9,98.8,30.1,5,14,134,19,5,2021,1,0,0
2021-05-14 22:00:00,3.7,99.9,29.9,5,14,134,19,5,2021,1,0,0
2021-05-14 23:00:00,3.5,100.0,29.5,5,14,134,19,5,2021,1,0,0
2021-05-15 00:00:00,3.3,100.0,29.2,5,15,135,19,6,2021,1,0,0
2021-05-15 01:00:00,3.8,100.0,29.1,5,15,135,19,6,2021,1,0,0
2021-05-15 02:00:00,3.2,100.0,28.8,5,15,135,19,6,2021,1,0,0
2021-05-15 03:00:00,3.8,100.0,28.6,5,15,135,19,6,2021,1,0,0
2021-05-15 04:00:00,4.3,100.0,28.5,5,15,135,19,6,2021,1,0,0
2021-05-15 05:00:00,4.0,100.0,28.5,5,15,135,19,6,2021,1,0,0
2021-05-15 06:00:00,4.0,100.0,28.5,5,15,135,19,6,2021,1,0,0
2021-05-15 07:00:00,5.0,100.0,28.8,5,15,135,19,6,2021,1,0,0
2021-05-15 08:00:00,6.0,99.8,29.6,5,15,135,19,6,2021,1,0,0
2021-05-15 09:00:00,9.1,97.9,30.3,5,15,135,19,6,2021,1,0,0
2021-05-15 10:00:00,14.2,93.7,31.2,5,15,135,19,6,2021,1,0,0
2021-05-15 11:00:00,18.2,89.2,32.2,5,15,135,19,6,2021,1,0,0
2021-05-15 12:00:00,17.6,85.4,33.2,5,15,135,19,6,2021,1,0,0
2021-05-15 13:00:00,16.2,84.3,33.6,5,15,135,19,6,2021,1,0,0
2021-05-15 14:00:00,13.9,82.9,34.0,5,15,135,19,6,2021,1,0,0
2021-05-15 15:00:00,12.3,86.4,33.1,5,15,135,19,6,2021,1,0,0
2021-05-15 16:00:00,9.4,89.6,32.6,5,15,135,19,6,2021,1,0,0
2021-05-15 17:00:00,8.8,91.1,32.3,5,15,135,19,6,2021,1,0,0
2021-05-15 18:00:00,8.8,93.9,31.8,5,15,135,19,6,2021,1,0,0
2021-05-15 19:00:00,8.3,96.8,30.9,5,15,135,19,6,2021,1,0,0
2021-05-15 20:00:00,7.9,99.6,30.4,5,15,135,19,6,2021,1,0,0
2021-05-15 21:00:00,8.0,100.0,30.0,5,15,135,19,6,2021,1,0,0
2021-05-15 22:00:00,7.8,100.0,29.5,5,15,135,19,6,2021,1,0,0
2021-05-15 23:00:00,8.1,100.0,29.6,5,15,135,19,6,2021,1,0,0
2021-05-16 00:00:00,8.8,100.0,29.3,5,16,136,19,7,2021,1,0,0
2021-05-16 01:00:00,9.6,100.0,29.1,5,16,136,19,7,2021,1,0,0
2021-05-16 02:00:00,7.8,100.0,28.9,5,16,136,19,7,2021,1,0,0
2021-05-16 03:00:00,7.5,100.0,28.8,5,16,136,19,7,2021,1,0,0
2021-05-16 04:00:00,9.3,100.0,28.5,5,16,136,19,7,2021,1,0,0
2021-05-16 05:00:00,8.7,100.0,28.3,5,16,136,19,7,2021,1,0,0
2021-05-16 06:00:00,8.5,100.0,28.2,5,16,136,19,7,2021,1,0,0
2021-05-16 07:00:00,9.1,100.0,28.5,5,16,136,19,7,2021,1,0,0
2021-05-16 08:00:00,10.7,100.0,29.1,5,16,136,19,7,2021,1,0,0
2021-05-16 09:00:00,14.1,97.4,30.3,5,16,136,19,7,2021,1,0,0
2021-05-16 10:00:00,18.1,92.9,31.3,5,16,136,19,7,2021,1,0,0
2021-05-16 11:00:00,23.2,89.4,32.4,5,16,136,19,7,2021,1,0,0
2021-05-16 12:00:00,17.2,86.2,33.1,5,16,136,19,7,2021,1,0,0
2021-05-16 13:00:00,14.1,84.0,33.7,5,16,136,19,7,2021,1,0,0
2021-05-16 14:00:00,12.8,82.0,34.3,5,16,136,19,7,2021,1,0,0
2021-05-16 15:00:00,10.4,82.6,34.4,5,16,136,19,7,2021,1,0,0
2021-05-16 16:00:00,8.9,84.9,34.0,5,16,136,19,7,2021,1,0,0
2021-05-16 17:00:00,7.9,88.2,33.2,5,16,136,19,7,2021,1,0,0
2021-05-16 18:00:00,7.3,92.1,32.1,5,16,136,19,7,2021,1,0,0
2021-05-16 19:00:00,8.2,93.7,31.4,5,16,136,19,7,2021,1,0,0
2021-05-16 20:00:00,8.4,96.4,30.8,5,16,136,19,7,2021,1,0,0
2021-05-16 21:00:00,6.8,99.1,30.4,5,16,136,19,7,2021,1,0,0
2021-05-16 22:00:00,7.3,99.8,30.2,5,16,136,19,7,2021,1,0,0
2021-05-16 23:00:00,6.8,100.0,29.9,5,16,136,19,7,2021,1,0,0
2021-05-17 00:00:00,6.7,100.0,29.5,5,17,137,20,1,2021,0,0,0
2021-05-17 01:00:00,6.5,100.0,29.3,5,17,137,20,1,2021,0,0,0
2021-05-17 02:00:00,5.9,100.0,29.0,5,17,137,20,1,2021,0,0,0
2021-05-17 03:00:00,5.6,100.0,29.0,5,17,137,20,1,2021,0,0,0
2021-05-17 04:00:00,5.9,100.0,28.3,5,17,137,20,1,2021,0,0,0
2021-05-17 05:00:00,4.5,100.0,28.4,5,17,137,20,1,2021,0,0,0
2021-05-17 06:00:00,3.5,100.0,28.2,5,17,137,20,1,2021,0,0,0
2021-05-17 07:00:00,4.0,100.0,28.2,5,17,137,20,1,2021,0,0,0
2021-05-17 08:00:00,3.9,100.0,28.6,5,17,137,20,1,2021,0,0,0
2021-05-17 09:00:00,3.7,100.0,29.4,5,17,137,20,1,2021,0,0,0
2021-05-17 10:00:00,4.7,99.6,30.1,5,17,137,20,1,2021,0,0,0
2021-05-17 11:00:00,8.2,97.2,31.0,5,17,137,20,1,2021,0,0,0
2021-05-17 12:00:00,11.7,92.1,32.2,5,17,137,20,1,2021,0,0,0
2021-05-17 13:00:00,12.2,88.8,32.8,5,17,137,20,1,2021,0,0,0
2021-05-17 14:00:00,11.7,87.0,33.2,5,17,137,20,1,2021,0,0,0
2021-05-17 15:00:00,9.6,85.9,33.2,5,17,137,20,1,2021,0,0,0
2021-05-17 16:00:00,8.0,86.5,33.1,5,17,137,20,1,2021,0,0,0
2021-05-17 17:00:00,7.4,85.9,33.0,5,17,137,20,1,2021,0,0,0
2021-05-17 18:00:00,6.0,88.0,32.4,5,17,137,20,1,2021,0,0,0
2021-05-17 19:00:00,7.0,93.2,31.5,5,17,137,20,1,2021,0,0,0
2021-05-17 20:00:00,6.2,97.9,30.8,5,17,137,20,1,2021,0,0,0
2021-05-17 21:00:00,4.3,100.0,30.2,5,17,137,20,1,2021,0,0,0
2021-05-17 22:00:00,3.8,100.0,30.0,5,17,137,20,1,2021,0,0,0
2021-05-17 23:00:00,3.9,100.0,29.7,5,17,137,20,1,2021,0,0,0
2021-05-18 00:00:00,4.0,100.0,29.5,5,18,138,20,2,2021,0,0,0
2021-05-18 01:00:00,4.2,100.0,29.4,5,18,138,20,2,2021,0,0,0
2021-05-18 02:00:00,3.9,100.0,29.3,5,18,138,20,2,2021,0,0,0
2021-05-18 03:00:00,3.3,100.0,29.1,5,18,138,20,2,2021,0,0,0
2021-05-18 04:00:00,3.0,100.0,29.0,5,18,138,20,2,2021,0,0,0
2021-05-18 05:00:00,3.3,100.0,28.8,5,18,138,20,2,2021,0,0,0
2021-05-18 06:00:00,2.9,100.0,28.7,5,18,138,20,2,2021,0,0,0
2021-05-18 07:00:00,2.9,100.0,28.8,5,18,138,20,2,2021,0,0,0
2021-05-18 08:00:00,3.4,100.0,29.2,5,18,138,20,2,2021,0,0,0
2021-05-18 09:00:00,5.9,97.8,30.4,5,18,138,20,2,2021,0,0,0
2021-05-18 10:00:00,9.0,92.4,31.2,5,18,138,20,2,2021,0,0,0
2021-05-18 11:00:00,10.6,89.5,32.0,5,18,138,20,2,2021,0,0,0
2021-05-18 12:00:00,8.8,87.2,32.6,5,18,138,20,2,2021,0,0,0
2021-05-18 13:00:00,9.2,84.7,33.2,5,18,138,20,2,2021,0,0,0
2021-05-18 14:00:00,5.3,86.8,33.0,5,18,138,20,2,2021,0,0,0
2021-05-18 15:00:00,4.7,86.0,33.0,5,18,138,20,2,2021,0,0,0
2021-05-18 16:00:00,4.8,86.7,33.0,5,18,138,20,2,2021,0,0,0
2021-05-18 17:00:00,5.0,88.7,32.5,5,18,138,20,2,2021,0,0,0
2021-05-18 18:00:00,4.9,93.2,31.7,5,18,138,20,2,2021,0,0,0
2021-05-18 19:00:00,4.6,97.4,31.0,5,18,138,20,2,2021,0,0,0
2021-05-18 20:00:00,5.7,98.7,30.7,5,18,138,20,2,2021,0,0,0
2021-05-18 21:00:00,6.5,98.6,30.5,5,18,138,20,2,2021,0,0,0
2021-05-18 22:00:00,5.7,99.8,30.0,5,18,138,20,2,2021,0,0,0
2021-05-18 23:00:00,5.2,100.0,29.5,5,18,138,20,2,2021,0,0,0
2021-05-19 00:00:00,4.7,100.0,29.4,5,19,139,20,3,2021,0,0,0
2021-05-19 01:00:00,5.5,100.0,29.2,5,19,139,20,3,2021,0,0,0
2021-05-19 02:00:00,6.2,95.5,29.1,5,19,139,20,3,2021,0,0,0
2021-05-19 03:00:00,5.2,96.4,28.6,5,19,139,20,3,2021,0,0,0
2021-05-19 04:00:00,6.5,100.0,28.1,5,19,139,20,3,2021,0,0,0
2021-05-19 05:00:00,3.6,100.0,28.4,5,19,139,20,3,2021,0,0,0
2021-05-19 06:00:00,3.5,100.0,28.6,5,19,139,20,3,2021,0,0,0
2021-05-19 07:00:00,5.1,100.0,28.9,5,19,139,20,3,2021,0,0,0
2021-05-19 08:00:00,6.5,99.8,29.4,5,19,139,20,3,2021,0,0,0
2021-05-19 09:00:00,10.1,95.5,30.7,5,19,139,20,3,2021,0,0,0
2021-05-19 10:00:00,11.6,91.4,31.7,5,19,139,20,3,2021,0,0,0
2021-05-19 11:00:00,12.0,89.0,32.5,5,19,139,20,3,2021,0,0,0
2021-05-19 12:00:00,11.8,84.3,34.0,5,19,139,20,3,2021,0,0,0
2021-05-19 13:00:00,11.5,80.9,34.7,5,19,139,20,3,2021,0,0,0
2021-05-19 14:00:00,12.2,81.1,34.9,5,19,139,20,3,2021,0,0,0
2021-05-19 15:00:00,10.3,83.0,34.8,5,19,139,20,3,2021,0,0,0
2021-05-19 16:00:00,8.3,84.4,34.6,5,19,139,20,3,2021,0,0,0
2021-05-19 17:00:00,7.5,87.5,34.1,5,19,139,20,3,2021,0,0,0
2021-05-19 18:00:00,8.0,89.7,33.1,5,19,139,20,3,2021,0,0,0
2021-05-19 19:00:00,8.3,92.2,32.5,5,19,139,20,3,2021,0,0,0
2021-05-19 20:00:00,8.3,94.7,31.6,5,19,139,20,3,2021,0,0,0
2021-05-19 21:00:00,6.5,98.5,30.8,5,19,139,20,3,2021,0,0,0
2021-05-19 22:00:00,6.0,100.0,30.4,5,19,139,20,3,2021,0,0,0
2021-05-19 23:00:00,5.8,99.9,30.3,5,19,139,20,3,2021,0,0,0
2021-05-20 00:00:00,5.0,100.0,30.1,5,20,140,20,4,2021,0,0,0
2021-05-20 01:00:00,5.4,98.2,30.0,5,20,140,20,4,2021,0,0,0
2021-05-20 02:00:00,7.4,93.8,29.8,5,20,140,20,4,2021,0,0,0
2021-05-20 03:00:00,7.4,90.2,29.6,5,20,140,20,4,2021,0,0,0
2021-05-20 04:00:00,7.1,92.4,29.3,5,20,140,20,4,2021,0,0,0
2021-05-20 05:00:00,7.0,95.4,29.1,5,20,140,20,4,2021,0,0,0
2021-05-20 06:00:00,5.5,99.6,28.7,5,20,140,20,4,2021,0,0,0
2021-05-20 07:00:00,5.0,100.0,28.9,5,20,140,20,4,2021,0,0,0
2021-05-20 08:00:00,5.2,99.2,29.6,5,20,140,20,4,2021,0,0,0
2021-05-20 09:00:00,7.2,94.3,30.8,5,20,140,20,4,2021,0,0,0
2021-05-20 10:00:00,9.1,91.7,31.3,5,20,140,20,4,2021,0,0,0
2021-05-20 11:00:00,11.5,84.5,32.9,5,20,140,20,4,2021,0,0,0
2021-05-20 12:00:00,13.5,81.7,33.9,5,20,140,20,4,2021,0,0,0
2021-05-20 13:00:00,13.8,77.2,34.8,5,20,140,20,4,2021,0,0,0
2021-05-20 14:00:00,13.8,73.9,35.4,5,20,140,20,4,2021,0,0,0
2021-05-20 15:00:00,13.1,76.4,35.4,5,20,140,20,4,2021,0,0,0
2021-05-20 16:00:00,13.0,76.7,35.3,5,20,140,20,4,2021,0,0,0
2021-05-20 17:00:00,11.7,82.9,34.8,5,20,140,20,4,2021,0,0,0
2021-05-20 18:00:00,10.6,87.8,33.8,5,20,140,20,4,2021,0,0,0
2021-05-20 19:00:00,10.2,91.4,32.9,5,20,140,20,4,2021,0,0,0
2021-05-20 20:00:00,10.2,93.7,31.9,5,20,140,20,4,2021,0,0,0
2021-05-20 21:00:00,8.7,97.7,31.4,5,20,140,20,4,2021,0,0,0
2021-05-20 22:00:00,7.3,100.0,30.8,5,20,140,20,4,2021,0,0,0
2021-05-20 23:00:00,6.5,100.0,30.3,5,20,140,20,4,2021,0,0,0
2021-05-21 00:00:00,6.0,100.0,30.1,5,21,141,20,5,2021,1,0,0
2021-05-21 01:00:00,5.6,100.0,30.0,5,21,141,20,5,2021,1,0,0
2021-05-21 02:00:00,5.3,100.0,29.9,5,21,141,20,5,2021,1,0,0
2021-05-21 03:00:00,4.4,100.0,29.8,5,21,141,20,5,2021,1,0,0
2021-05-21 04:00:00,3.9,100.0,29.6,5,21,141,20,5,2021,1,0,0
2021-05-21 05:00:00,3.9,100.0,29.0,5,21,141,20,5,2021,1,0,0
2021-05-21 06:00:00,4.5,100.0,28.9,5,21,141,20,5,2021,1,0,0
2021-05-21 07:00:00,5.0,100.0,28.9,5,21,141,20,5,2021,1,0,0
2021-05-21 08:00:00,5.6,100.0,29.2,5,21,141,20,5,2021,1,0,0
2021-05-21 09:00:00,5.5,100.0,29.5,5,21,141,20,5,2021,1,0,0
2021-05-21 10:00:00,5.7,98.9,30.2,5,21,141,20,5,2021,1,0,0
2021-05-21 11:00:00,10.9,90.3,31.8,5,21,141,20,5,2021,1,0,0
2021-05-21 12:00:00,14.6,84.0,33.3,5,21,141,20,5,2021,1,0,0
2021-05-21 13:00:00,16.5,81.2,34.1,5,21,141,20,5,2021,1,0,0
2021-05-21 14:00:00,16.2,81.0,34.4,5,21,141,20,5,2021,1,0,0
2021-05-21 15:00:00,13.3,82.0,34.7,5,21,141,20,5,2021,1,0,0
2021-05-21 16:00:00,11.4,86.4,34.2,5,21,141,20,5,2021,1,0,0
2021-05-21 17:00:00,11.4,87.1,34.1,5,21,141,20,5,2021,1,0,0
2021-05-21 18:00:00,12.1,89.8,33.6,5,21,141,20,5,2021,1,0,0
2021-05-21 19:00:00,11.6,92.4,32.6,5,21,141,20,5,2021,1,0,0
2021-05-21 20:00:00,11.4,94.4,31.9,5,21,141,20,5,2021,1,0,0
2021-05-21 21:00:00,12.0,97.0,31.2,5,21,141,20,5,2021,1,0,0
2021-05-21 22:00:00,11.8,98.3,30.9,5,21,141,20,5,2021,1,0,0
2021-05-21 23:00:00,7.5,99.6,30.5,5,21,141,20,5,2021,1,0,0
2021-05-22 00:00:00,6.1,100.0,30.1,5,22,142,20,6,2021,1,0,0
2021-05-22 01:00:00,5.5,100.0,29.8,5,22,142,20,6,2021,1,0,0
2021-05-22 02:00:00,4.2,100.0,29.7,5,22,142,20,6,2021,1,0,0
2021-05-22 03:00:00,3.4,100.0,29.3,5,22,142,20,6,2021,1,0,0
2021-05-22 04:00:00,3.9,100.0,29.1,5,22,142,20,6,2021,1,0,0
2021-05-22 05:00:00,4.6,100.0,28.9,5,22,142,20,6,2021,1,0,0
2021-05-22 06:00:00,4.8,100.0,28.9,5,22,142,20,6,2021,1,0,0
2021-05-22 07:00:00,4.9,99.9,29.3,5,22,142,20,6,2021,1,0,0
2021-05-22 08:00:00,7.1,96.1,30.4,5,22,142,20,6,2021,1,0,0
2021-05-22 09:00:00,11.6,89.2,32.0,5,22,142,20,6,2021,1,0,0
2021-05-22 10:00:00,12.5,84.8,33.2,5,22,142,20,6,2021,1,0,0
2021-05-22 11:00:00,14.7,80.2,34.4,5,22,142,20,6,2021,1,0,0
2021-05-22 12:00:00,15.8,78.0,35.4,5,22,142,20,6,2021,1,0,0
2021-05-22 13:00:00,12.8,78.0,35.8,5,22,142,20,6,2021,1,0,0
2021-05-22 14:00:00,11.7,76.1,36.2,5,22,142,20,6,2021,1,0,0
2021-05-22 15:00:00,11.2,76.4,36.2,5,22,142,20,6,2021,1,0,0
2021-05-22 16:00:00,9.2,80.3,35.8,5,22,142,20,6,2021,1,0,0
2021-05-22 17:00:00,8.6,83.8,34.8,5,22,142,20,6,2021,1,0,0
2021-05-22 18:00:00,8.2,86.0,33.9,5,22,142,20,6,2021,1,0,0
2021-05-22 19:00:00,8.0,89.7,33.0,5,22,142,20,6,2021,1,0,0
2021-05-22 20:00:00,10.3,91.8,32.5,5,22,142,20,6,2021,1,0,0
2021-05-22 21:00:00,10.9,98.9,30.5,5,22,142,20,6,2021,1,0,0
2021-05-22 22:00:00,13.0,100.0,30.6,5,22,142,20,6,2021,1,0,0
2021-05-22 23:00:00,9.2,100.0,30.6,5,22,142,20,6,2021,1,0,0
2021-05-23 00:00:00,7.2,100.0,30.3,5,23,143,20,7,2021,1,0,0
2021-05-23 01:00:00,5.6,100.0,30.3,5,23,143,20,7,2021,1,0,0
2021-05-23 02:00:00,5.3,100.0,30.1,5,23,143,20,7,2021,1,0,0
2021-05-23 03:00:00,5.3,100.0,30.0,5,23,143,20,7,2021,1,0,0
2021-05-23 04:00:00,4.6,100.0,29.7,5,23,143,20,7,2021,1,0,0
2021-05-23 05:00:00,3.7,100.0,29.6,5,23,143,20,7,2021,1,0,0
2021-05-23 06:00:00,3.7,100.0,29.4,5,23,143,20,7,2021,1,0,0
2021-05-23 07:00:00,4.3,100.0,29.6,5,23,143,20,7,2021,1,0,0
2021-05-23 08:00:00,5.0,99.9,30.3,5,23,143,20,7,2021,1,0,0
2021-05-23 09:00:00,6.7,96.2,31.2,5,23,143,20,7,2021,1,0,0
2021-05-23 10:00:00,8.3,94.6,31.7,5,23,143,20,7,2021,1,0,0
2021-05-23 11:00:00,8.9,91.3,32.5,5,23,143,20,7,2021,1,0,0
2021-05-23 12:00:00,11.4,84.7,34.0,5,23,143,20,7,2021,1,0,0
2021-05-23 13:00:00,10.2,83.0,34.4,5,23,143,20,7,2021,1,0,0
2021-05-23 14:00:00,8.6,82.9,34.7,5,23,143,20,7,2021,1,0,0
2021-05-23 15:00:00,7.6,83.5,34.7,5,23,143,20,7,2021,1,0,0
2021-05-23 16:00:00,6.9,84.7,34.3,5,23,143,20,7,2021,1,0,0
2021-05-23 17:00:00,6.3,87.1,33.5,5,23,143,20,7,2021,1,0,0
2021-05-23 18:00:00,6.6,90.0,32.9,5,23,143,20,7,2021,1,0,0
2021-05-23 19:00:00,6.4,93.5,32.0,5,23,143,20,7,2021,1,0,0
2021-05-23 20:00:00,7.3,97.3,31.3,5,23,143,20,7,2021,1,0,0
2021-05-23 21:00:00,6.4,100.0,30.8,5,23,143,20,7,2021,1,0,0
2021-05-23 22:00:00,5.2,99.9,30.6,5,23,143,20,7,2021,1,0,0
2021-05-23 23:00:00,3.8,96.6,30.6,5,23,143,20,7,2021,1,0,0
2021-05-24 00:00:00,3.2,95.1,30.4,5,24,144,21,1,2021,0,0,0
2021-05-24 01:00:00,2.8,97.4,30.3,5,24,144,21,1,2021,0,0,0
2021-05-24 02:00:00,2.5,97.9,30.2,5,24,144,21,1,2021,0,0,0
2021-05-24 03:00:00,1.9,99.0,29.1,5,24,144,21,1,2021,0,0,0
2021-05-24 04:00:00,1.11,100.0,26.7,5,24,144,21,1,2021,0,0,0
2021-05-24 05:00:00,1.1,100.0,26.7,5,24,144,21,1,2021,0,0,0
2021-05-24 06:00:00,1.9,100.0,27.0,5,24,144,21,1,2021,0,0,0
2021-05-24 07:00:00,3.2,100.0,27.7,5,24,144,21,1,2021,0,0,0
2021-05-24 08:00:00,3.9,99.3,28.1,5,24,144,21,1,2021,0,0,0
2021-05-24 09:00:00,6.6,99.0,28.2,5,24,144,21,1,2021,0,0,0
2021-05-24 10:00:00,8.8,99.3,28.1,5,24,144,21,1,2021,0,0,0
2021-05-24 11:00:00,10.5,97.5,28.8,5,24,144,21,1,2021,0,0,0
2021-05-24 12:00:00,5.6,89.5,29.7,5,24,144,21,1,2021,0,0,0
2021-05-24 13:00:00,5.0,87.1,29.8,5,24,144,21,1,2021,0,0,0
2021-05-24 14:00:00,5.8,87.3,29.9,5,24,144,21,1,2021,0,0,0
2021-05-24 15:00:00,5.0,86.9,29.8,5,24,144,21,1,2021,0,0,0
2021-05-24 16:00:00,5.4,85.8,29.9,5,24,144,21,1,2021,0,0,0
2021-05-24 17:00:00,5.1,85.9,29.9,5,24,144,21,1,2021,0,0,0
2021-05-24 18:00:00,6.1,84.1,29.7,5,24,144,21,1,2021,0,0,0
2021-05-24 19:00:00,7.2,85.1,29.2,5,24,144,21,1,2021,0,0,0
2021-05-24 20:00:00,6.5,85.6,28.7,5,24,144,21,1,2021,0,0,0
2021-05-24 21:00:00,8.3,86.4,28.4,5,24,144,21,1,2021,0,0,0
2021-05-24 22:00:00,9.5,88.4,28.2,5,24,144,21,1,2021,0,0,0
2021-05-24 23:00:00,8.2,89.0,28.0,5,24,144,21,1,2021,0,0,0
2021-05-25 00:00:00,6.9,89.4,27.8,5,25,145,21,2,2021,0,0,0
2021-05-25 01:00:00,7.5,90.4,27.6,5,25,145,21,2,2021,0,0,0
2021-05-25 02:00:00,5.5,89.5,27.5,5,25,145,21,2,2021,0,0,0
2021-05-25 03:00:00,10.0,88.4,27.4,5,25,145,21,2,2021,0,0,0
2021-05-25 04:00:00,11.4,89.9,27.0,5,25,145,21,2,2021,0,0,0
2021-05-25 05:00:00,6.0,90.6,26.7,5,25,145,21,2,2021,0,0,0
2021-05-25 06:00:00,6.1,99.6,24.4,5,25,145,21,2,2021,0,0,0
2021-05-25 07:00:00,6.95,100.0,23.7,5,25,145,21,2,2021,0,0,0
2021-05-25 08:00:00,7.8,100.0,24.2,5,25,145,21,2,2021,0,0,0
2021-05-25 09:00:00,6.4,100.0,24.9,5,25,145,21,2,2021,0,0,0
2021-05-25 10:00:00,4.2,100.0,25.3,5,25,145,21,2,2021,0,0,0
2021-05-25 11:00:00,4.0,99.4,25.9,5,25,145,21,2,2021,0,0,0
2021-05-25 12:00:00,4.3,97.1,26.8,5,25,145,21,2,2021,0,0,0
2021-05-25 13:00:00,4.9,92.8,28.0,5,25,145,21,2,2021,0,0,0
2021-05-25 14:00:00,5.2,96.0,27.5,5,25,145,21,2,2021,0,0,0
2021-05-25 15:00:00,6.4,98.6,27.2,5,25,145,21,2,2021,0,0,0
2021-05-25 16:00:00,6.0,96.0,27.7,5,25,145,21,2,2021,0,0,0
2021-05-25 17:00:00,8.2,94.8,27.9,5,25,145,21,2,2021,0,0,0
2021-05-25 18:00:00,6.9,93.6,28.2,5,25,145,21,2,2021,0,0,0
2021-05-25 19:00:00,8.4,99.3,27.2,5,25,145,21,2,2021,0,0,0
2021-05-25 20:00:00,15.1,100.0,26.5,5,25,145,21,2,2021,0,0,0
2021-05-25 21:00:00,19.9,100.0,26.8,5,25,145,21,2,2021,0,0,0
2021-05-25 22:00:00,18.6,100.0,26.7,5,25,145,21,2,2021,0,0,0
2021-05-25 23:00:00,15.5,100.0,26.6,5,25,145,21,2,2021,0,0,0
2021-05-26 00:00:00,14.9,100.0,26.7,5,26,146,21,3,2021,0,0,0
2021-05-26 01:00:00,17.1,100.0,26.6,5,26,146,21,3,2021,0,0,0
2021-05-26 02:00:00,19.2,100.0,26.5,5,26,146,21,3,2021,0,0,0
2021-05-26 03:00:00,17.5,100.0,26.6,5,26,146,21,3,2021,0,0,0
2021-05-26 04:00:00,22.2,100.0,26.5,5,26,146,21,3,2021,0,0,0
2021-05-26 05:00:00,27.3,100.0,26.3,5,26,146,21,3,2021,0,0,0
2021-05-26 06:00:00,26.1,100.0,26.5,5,26,146,21,3,2021,0,0,0
2021-05-26 07:00:00,34.7,100.0,26.7,5,26,146,21,3,2021,0,0,0
2021-05-26 08:00:00,38.9,100.0,27.3,5,26,146,21,3,2021,0,0,0
2021-05-26 09:00:00,28.5,99.4,28.7,5,26,146,21,3,2021,0,0,0
2021-05-26 10:00:00,28.5,95.3,30.0,5,26,146,21,3,2021,0,0,0
2021-05-26 11:00:00,21.5,89.5,31.2,5,26,146,21,3,2021,0,0,0
2021-05-26 12:00:00,17.4,83.2,32.5,5,26,146,21,3,2021,0,0,0
2021-05-26 13:00:00,18.4,79.7,33.3,5,26,146,21,3,2021,0,0,0
2021-05-26 14:00:00,15.6,78.5,33.3,5,26,146,21,3,2021,0,0,0
2021-05-26 15:00:00,13.7,78.2,33.7,5,26,146,21,3,2021,0,0,0
2021-05-26 16:00:00,7.8,85.6,32.9,5,26,146,21,3,2021,0,0,0
2021-05-26 17:00:00,6.2,87.1,32.1,5,26,146,21,3,2021,0,0,0
2021-05-26 18:00:00,4.0,90.3,31.7,5,26,146,21,3,2021,0,0,0
2021-05-26 19:00:00,3.2,93.1,30.8,5,26,146,21,3,2021,0,0,0
2021-05-26 20:00:00,4.9,95.3,30.3,5,26,146,21,3,2021,0,0,0
2021-05-26 21:00:00,5.1,99.3,29.8,5,26,146,21,3,2021,0,0,0
2021-05-26 22:00:00,4.3,100.0,29.4,5,26,146,21,3,2021,0,0,0
2021-05-26 23:00:00,3.7,100.0,29.2,5,26,146,21,3,2021,0,0,0
2021-05-27 00:00:00,3.9,100.0,28.9,5,27,147,21,4,2021,0,0,0
2021-05-27 01:00:00,4.7,100.0,28.6,5,27,147,21,4,2021,0,0,0
2021-05-27 02:00:00,6.0,100.0,28.4,5,27,147,21,4,2021,0,0,0
2021-05-27 03:00:00,5.9,100.0,28.1,5,27,147,21,4,2021,0,0,0
2021-05-27 04:00:00,7.5,100.0,28.0,5,27,147,21,4,2021,0,0,0
2021-05-27 05:00:00,8.3,100.0,27.8,5,27,147,21,4,2021,0,0,0
2021-05-27 06:00:00,7.6,100.0,27.8,5,27,147,21,4,2021,0,0,0
2021-05-27 07:00:00,9.7,100.0,28.2,5,27,147,21,4,2021,0,0,0
2021-05-27 08:00:00,8.6,99.6,29.2,5,27,147,21,4,2021,0,0,0
2021-05-27 09:00:00,6.1,93.0,30.8,5,27,147,21,4,2021,0,0,0
2021-05-27 10:00:00,7.5,91.2,31.0,5,27,147,21,4,2021,0,0,0
2021-05-27 11:00:00,8.5,87.2,32.0,5,27,147,21,4,2021,0,0,0
2021-05-27 12:00:00,5.9,82.5,33.2,5,27,147,21,4,2021,0,0,0
2021-05-27 13:00:00,5.6,82.0,33.3,5,27,147,21,4,2021,0,0,0
2021-05-27 14:00:00,5.1,86.1,31.9,5,27,147,21,4,2021,0,0,0
2021-05-27 15:00:00,4.2,91.6,30.7,5,27,147,21,4,2021,0,0,0
2021-05-27 16:00:00,2.7,84.0,32.7,5,27,147,21,4,2021,0,0,0
2021-05-27 17:00:00,3.2,83.3,32.7,5,27,147,21,4,2021,0,0,0
2021-05-27 18:00:00,7.3,82.2,32.3,5,27,147,21,4,2021,0,0,0
2021-05-27 19:00:00,7.8,87.5,31.7,5,27,147,21,4,2021,0,0,0
2021-05-27 20:00:00,11.5,89.4,30.9,5,27,147,21,4,2021,0,0,0
2021-05-27 21:00:00,8.9,94.1,30.3,5,27,147,21,4,2021,0,0,0
2021-05-27 22:00:00,5.7,96.5,29.9,5,27,147,21,4,2021,0,0,0
2021-05-27 23:00:00,5.3,99.3,29.5,5,27,147,21,4,2021,0,0,0
2021-05-28 00:00:00,6.0,100.0,29.2,5,28,148,21,5,2021,1,0,0
2021-05-28 01:00:00,5.5,100.0,28.8,5,28,148,21,5,2021,1,0,0
2021-05-28 02:00:00,5.7,100.0,28.8,5,28,148,21,5,2021,1,0,0
2021-05-28 03:00:00,6.7,100.0,28.3,5,28,148,21,5,2021,1,0,0
2021-05-28 04:00:00,8.4,100.0,28.2,5,28,148,21,5,2021,1,0,0
2021-05-28 05:00:00,9.5,100.0,28.3,5,28,148,21,5,2021,1,0,0
2021-05-28 06:00:00,13.9,100.0,28.4,5,28,148,21,5,2021,1,0,0
2021-05-28 07:00:00,11.9,100.0,28.5,5,28,148,21,5,2021,1,0,0
2021-05-28 08:00:00,9.0,100.0,29.2,5,28,148,21,5,2021,1,0,0
2021-05-28 09:00:00,6.1,96.1,30.4,5,28,148,21,5,2021,1,0,0
2021-05-28 10:00:00,4.9,86.0,32.0,5,28,148,21,5,2021,1,0,0
2021-05-28 11:00:00,8.5,83.8,32.4,5,28,148,21,5,2021,1,0,0
2021-05-28 12:00:00,10.0,76.8,33.8,5,28,148,21,5,2021,1,0,0
2021-05-28 13:00:00,9.0,74.3,34.4,5,28,148,21,5,2021,1,0,0
2021-05-28 14:00:00,6.0,73.6,34.5,5,28,148,21,5,2021,1,0,0
2021-05-28 15:00:00,5.2,72.7,34.4,5,28,148,21,5,2021,1,0,0
2021-05-28 16:00:00,6.7,81.3,33.6,5,28,148,21,5,2021,1,0,0
2021-05-28 17:00:00,10.2,85.0,33.0,5,28,148,21,5,2021,1,0,0
2021-05-28 18:00:00,9.0,85.2,32.9,5,28,148,21,5,2021,1,0,0
2021-05-28 19:00:00,9.5,87.9,32.2,5,28,148,21,5,2021,1,0,0
2021-05-28 20:00:00,15.9,89.6,31.4,5,28,148,21,5,2021,1,0,0
2021-05-28 21:00:00,14.3,92.1,30.9,5,28,148,21,5,2021,1,0,0
2021-05-28 22:00:00,8.3,97.4,30.4,5,28,148,21,5,2021,1,0,0
2021-05-28 23:00:00,7.7,100.0,29.9,5,28,148,21,5,2021,1,0,0
2021-05-29 00:00:00,10.6,100.0,29.5,5,29,149,21,6,2021,1,0,0
2021-05-29 01:00:00,13.3,100.0,29.0,5,29,149,21,6,2021,1,0,0
2021-05-29 02:00:00,10.8,100.0,29.0,5,29,149,21,6,2021,1,0,0
2021-05-29 03:00:00,12.9,100.0,29.0,5,29,149,21,6,2021,1,0,0
2021-05-29 04:00:00,13.3,100.0,28.9,5,29,149,21,6,2021,1,0,0
2021-05-29 05:00:00,11.5,100.0,28.8,5,29,149,21,6,2021,1,0,0
2021-05-29 06:00:00,12.4,100.0,29.0,5,29,149,21,6,2021,1,0,0
2021-05-29 07:00:00,10.4,100.0,29.5,5,29,149,21,6,2021,1,0,0
2021-05-29 08:00:00,9.2,99.8,30.3,5,29,149,21,6,2021,1,0,0
2021-05-29 09:00:00,8.2,95.3,31.2,5,29,149,21,6,2021,1,0,0
2021-05-29 10:00:00,12.3,90.9,32.2,5,29,149,21,6,2021,1,0,0
2021-05-29 11:00:00,12.3,86.5,33.3,5,29,149,21,6,2021,1,0,0
2021-05-29 12:00:00,10.3,82.3,34.2,5,29,149,21,6,2021,1,0,0
2021-05-29 13:00:00,10.0,78.8,34.9,5,29,149,21,6,2021,1,0,0
2021-05-29 14:00:00,9.6,76.8,35.1,5,29,149,21,6,2021,1,0,0
2021-05-29 15:00:00,9.4,74.6,35.6,5,29,149,21,6,2021,1,0,0
2021-05-29 16:00:00,9.3,73.4,35.8,5,29,149,21,6,2021,1,0,0
2021-05-29 17:00:00,10.4,82.4,34.8,5,29,149,21,6,2021,1,0,0
2021-05-29 18:00:00,13.8,83.4,34.3,5,29,149,21,6,2021,1,0,0
2021-05-29 19:00:00,20.9,83.2,33.6,5,29,149,21,6,2021,1,0,0
2021-05-29 20:00:00,28.1,88.9,32.6,5,29,149,21,6,2021,1,0,0
2021-05-29 21:00:00,35.3,93.7,31.8,5,29,149,21,6,2021,1,0,0
2021-05-29 22:00:00,22.7,97.3,31.1,5,29,149,21,6,2021,1,0,0
2021-05-29 23:00:00,13.2,99.4,30.6,5,29,149,21,6,2021,1,0,0
2021-05-30 00:00:00,9.3,100.0,30.2,5,30,150,21,7,2021,1,0,0
2021-05-30 01:00:00,6.7,100.0,30.0,5,30,150,21,7,2021,1,0,0
2021-05-30 02:00:00,5.8,100.0,30.1,5,30,150,21,7,2021,1,0,0
2021-05-30 03:00:00,5.7,100.0,29.9,5,30,150,21,7,2021,1,0,0
2021-05-30 04:00:00,5.7,100.0,29.7,5,30,150,21,7,2021,1,0,0
2021-05-30 05:00:00,6.2,100.0,29.6,5,30,150,21,7,2021,1,0,0
2021-05-30 06:00:00,7.3,100.0,29.7,5,30,150,21,7,2021,1,0,0
2021-05-30 07:00:00,8.6,100.0,29.8,5,30,150,21,7,2021,1,0,0
2021-05-30 08:00:00,8.4,99.4,30.7,5,30,150,21,7,2021,1,0,0
2021-05-30 09:00:00,12.0,93.0,32.0,5,30,150,21,7,2021,1,0,0
2021-05-30 10:00:00,13.8,79.7,34.1,5,30,150,21,7,2021,1,0,0
2021-05-30 11:00:00,11.3,72.2,35.5,5,30,150,21,7,2021,1,0,0
2021-05-30 12:00:00,13.9,71.9,36.1,5,30,150,21,7,2021,1,0,0
2021-05-30 13:00:00,14.5,68.7,36.8,5,30,150,21,7,2021,1,0,0
2021-05-30 14:00:00,13.5,66.0,37.0,5,30,150,21,7,2021,1,0,0
2021-05-30 15:00:00,9.7,63.6,37.3,5,30,150,21,7,2021,1,0,0
2021-05-30 16:00:00,8.5,62.8,37.4,5,30,150,21,7,2021,1,0,0
2021-05-30 17:00:00,8.3,62.5,37.1,5,30,150,21,7,2021,1,0,0
2021-05-30 18:00:00,8.0,63.8,37.2,5,30,150,21,7,2021,1,0,0
2021-05-30 19:00:00,22.1,75.1,35.8,5,30,150,21,7,2021,1,0,0
2021-05-30 20:00:00,40.1,82.4,34.4,5,30,150,21,7,2021,1,0,0
2021-05-30 21:00:00,50.2,84.5,33.4,5,30,150,21,7,2021,1,0,0
2021-05-30 22:00:00,47.1,89.7,32.4,5,30,150,21,7,2021,1,0,0
2021-05-30 23:00:00,35.2,92.4,31.8,5,30,150,21,7,2021,1,0,0
2021-05-31 00:00:00,26.6,94.4,31.6,5,31,151,22,1,2021,0,0,1
2021-05-31 01:00:00,18.7,97.1,31.2,5,31,151,22,1,2021,0,0,1
2021-05-31 02:00:00,12.8,98.4,30.9,5,31,151,22,1,2021,0,0,1
2021-05-31 03:00:00,7.7,100.0,30.6,5,31,151,22,1,2021,0,0,1
2021-05-31 04:00:00,7.0,100.0,30.4,5,31,151,22,1,2021,0,0,1
2021-05-31 05:00:00,6.8,100.0,30.2,5,31,151,22,1,2021,0,0,1
2021-05-31 06:00:00,9.05,100.0,30.1,5,31,151,22,1,2021,0,0,1
2021-05-31 07:00:00,11.3,100.0,30.3,5,31,151,22,1,2021,0,0,1
2021-05-31 08:00:00,12.2,96.7,31.5,5,31,151,22,1,2021,0,0,1
2021-05-31 09:00:00,15.3,87.2,33.1,5,31,151,22,1,2021,0,0,1
2021-05-31 10:00:00,14.4,72.1,35.3,5,31,151,22,1,2021,0,0,1
2021-05-31 11:00:00,13.6,64.6,36.3,5,31,151,22,1,2021,0,0,1
2021-05-31 12:00:00,11.2,60.1,37.7,5,31,151,22,1,2021,0,0,1
2021-05-31 13:00:00,7.4,56.6,38.5,5,31,151,22,1,2021,0,0,1
2021-05-31 14:00:00,4.2,55.2,38.7,5,31,151,22,1,2021,0,0,1
2021-05-31 15:00:00,4.8,55.0,38.8,5,31,151,22,1,2021,0,0,1
2021-05-31 16:00:00,4.3,57.7,38.1,5,31,151,22,1,2021,0,0,1
2021-05-31 17:00:00,5.8,56.9,37.8,5,31,151,22,1,2021,0,0,1
2021-05-31 18:00:00,6.4,57.1,37.5,5,31,151,22,1,2021,0,0,1
2021-05-31 19:00:00,8.2,60.2,36.7,5,31,151,22,1,2021,0,0,1
2021-05-31 20:00:00,33.4,73.1,35.6,5,31,151,22,1,2021,0,0,1
2021-05-31 21:00:00,57.1,80.6,34.6,5,31,151,22,1,2021,0,0,1
2021-05-31 22:00:00,56.8,82.0,34.0,5,31,151,22,1,2021,0,0,1
2021-05-31 23:00:00,44.1,87.5,32.9,5,31,151,22,1,2021,0,0,1
2021-01-06 00:00:00,25.2,90.6,32.3,1,6,6,1,3,2021,0,0,0
2021-01-06 01:00:00,12.7,91.6,32.2,1,6,6,1,3,2021,0,0,0
2021-01-06 02:00:00,9.2,93.7,31.9,1,6,6,1,3,2021,0,0,0
2021-01-06 03:00:00,9.4,95.8,31.7,1,6,6,1,3,2021,0,0,0
2021-01-06 04:00:00,7.6,96.8,31.6,1,6,6,1,3,2021,0,0,0
2021-01-06 05:00:00,6.0,99.8,31.2,1,6,6,1,3,2021,0,0,0
2021-01-06 06:00:00,6.5,100.0,31.0,1,6,6,1,3,2021,0,0,0
2021-01-06 07:00:00,8.0,100.0,30.8,1,6,6,1,3,2021,0,0,0
2021-01-06 08:00:00,11.3,98.4,32.0,1,6,6,1,3,2021,0,0,0
2021-01-06 09:00:00,18.7,84.0,33.9,1,6,6,1,3,2021,0,0,0
2021-01-06 10:00:00,14.2,68.9,35.6,1,6,6,1,3,2021,0,0,0
2021-01-06 11:00:00,7.8,62.0,37.4,1,6,6,1,3,2021,0,0,0
2021-01-06 12:00:00,6.9,58.4,38.3,1,6,6,1,3,2021,0,0,0
2021-01-06 13:00:00,5.5,55.4,38.8,1,6,6,1,3,2021,0,0,0
2021-01-06 14:00:00,3.9,55.3,39.1,1,6,6,1,3,2021,0,0,0
2021-01-06 15:00:00,4.3,56.7,39.1,1,6,6,1,3,2021,0,0,0
2021-01-06 16:00:00,4.4,56.1,38.8,1,6,6,1,3,2021,0,0,0
2021-01-06 17:00:00,7.3,58.6,38.3,1,6,6,1,3,2021,0,0,0
2021-01-06 18:00:00,6.4,60.3,37.6,1,6,6,1,3,2021,0,0,0
2021-01-06 19:00:00,8.7,60.4,37.3,1,6,6,1,3,2021,0,0,0
2021-01-06 20:00:00,30.6,68.7,36.7,1,6,6,1,3,2021,0,0,0
2021-01-06 21:00:00,51.3,77.6,35.4,1,6,6,1,3,2021,0,0,0
2021-01-06 22:00:00,60.3,80.2,34.8,1,6,6,1,3,2021,0,0,0
2021-01-06 23:00:00,34.6,83.6,34.0,1,6,6,1,3,2021,0,0,0
2021-02-06 00:00:00,17.4,86.5,33.4,2,6,37,5,6,2021,1,0,0
2021-02-06 01:00:00,9.6,88.8,32.9,2,6,37,5,6,2021,1,0,0
2021-02-06 02:00:00,7.7,90.2,32.5,2,6,37,5,6,2021,1,0,0
2021-02-06 03:00:00,6.5,83.6,32.4,2,6,37,5,6,2021,1,0,0
2021-02-06 04:00:00,6.2,85.6,32.2,2,6,37,5,6,2021,1,0,0
2021-02-06 05:00:00,5.4,92.5,31.8,2,6,37,5,6,2021,1,0,0
2021-02-06 06:00:00,5.3,98.8,31.3,2,6,37,5,6,2021,1,0,0
2021-02-06 07:00:00,5.7,99.9,31.6,2,6,37,5,6,2021,1,0,0
2021-02-06 08:00:00,10.8,97.8,32.3,2,6,37,5,6,2021,1,0,0
2021-02-06 09:00:00,18.2,92.5,33.3,2,6,37,5,6,2021,1,0,0
2021-02-06 10:00:00,24.5,86.4,34.6,2,6,37,5,6,2021,1,0,0
2021-02-06 11:00:00,18.2,71.3,36.4,2,6,37,5,6,2021,1,0,0
2021-02-06 12:00:00,17.6,64.2,37.3,2,6,37,5,6,2021,1,0,0
2021-02-06 13:00:00,13.8,60.4,38.4,2,6,37,5,6,2021,1,0,0
2021-02-06 14:00:00,9.5,59.2,38.6,2,6,37,5,6,2021,1,0,0
2021-02-06 15:00:00,7.4,62.0,38.2,2,6,37,5,6,2021,1,0,0
2021-02-06 16:00:00,7.3,61.7,38.4,2,6,37,5,6,2021,1,0,0
2021-02-06 17:00:00,7.9,62.5,37.8,2,6,37,5,6,2021,1,0,0
2021-02-06 18:00:00,19.8,73.5,36.5,2,6,37,5,6,2021,1,0,0
2021-02-06 19:00:00,47.2,80.7,35.3,2,6,37,5,6,2021,1,0,0
2021-02-06 20:00:00,57.7,84.1,34.4,2,6,37,5,6,2021,1,0,0
2021-02-06 21:00:00,64.1,86.4,33.6,2,6,37,5,6,2021,1,0,0
2021-02-06 22:00:00,55.5,87.2,33.1,2,6,37,5,6,2021,1,0,0
2021-02-06 23:00:00,33.6,91.1,32.5,2,6,37,5,6,2021,1,0,0
2021-03-06 00:00:00,18.4,93.9,32.3,3,6,65,9,6,2021,1,0,0
2021-03-06 01:00:00,10.2,96.9,32.1,3,6,65,9,6,2021,1,0,0
2021-03-06 02:00:00,7.7,99.5,31.7,3,6,65,9,6,2021,1,0,0
2021-03-06 03:00:00,6.2,100.0,31.4,3,6,65,9,6,2021,1,0,0
2021-03-06 04:00:00,5.6,100.0,31.0,3,6,65,9,6,2021,1,0,0
2021-03-06 05:00:00,6.4,100.0,30.9,3,6,65,9,6,2021,1,0,0
2021-03-06 06:00:00,7.6,100.0,30.7,3,6,65,9,6,2021,1,0,0
2021-03-06 07:00:00,8.8,100.0,30.8,3,6,65,9,6,2021,1,0,0
2021-03-06 08:00:00,11.0,99.9,31.8,3,6,65,9,6,2021,1,0,0
2021-03-06 09:00:00,21.0,92.7,33.6,3,6,65,9,6,2021,1,0,0
2021-03-06 10:00:00,20.3,81.2,35.2,3,6,65,9,6,2021,1,0,0
2021-03-06 11:00:00,19.2,68.3,36.7,3,6,65,9,6,2021,1,0,0
2021-03-06 12:00:00,15.1,61.5,38.2,3,6,65,9,6,2021,1,0,0
2021-03-06 13:00:00,12.8,59.8,38.4,3,6,65,9,6,2021,1,0,0
2021-03-06 14:00:00,11.7,57.2,38.9,3,6,65,9,6,2021,1,0,0
2021-03-06 15:00:00,12.3,57.8,38.9,3,6,65,9,6,2021,1,0,0
2021-03-06 16:00:00,13.0,59.5,38.8,3,6,65,9,6,2021,1,0,0
2021-03-06 17:00:00,47.92669639671784,88.37511055336446,26.37755945978244,3,6,65,9,6,2021,1,0,0
2021-03-06 18:00:00,47.92669639671784,88.37511055336446,26.37755945978244,3,6,65,9,6,2021,1,0,0
2021-03-06 19:00:00,47.92669639671784,88.37511055336446,26.37755945978244,3,6,65,9,6,2021,1,0,0
2021-03-06 20:00:00,119.2,75.9,35.9,3,6,65,9,6,2021,1,0,0
2021-03-06 21:00:00,139.4,83.4,34.4,3,6,65,9,6,2021,1,0,0
2021-03-06 22:00:00,88.8,85.9,33.7,3,6,65,9,6,2021,1,0,0
2021-03-06 23:00:00,65.0,87.5,33.2,3,6,65,9,6,2021,1,0,0
2021-04-06 00:00:00,44.0,92.2,32.6,4,6,96,14,2,2021,0,0,0
2021-04-06 01:00:00,27.9,94.9,32.3,4,6,96,14,2,2021,0,0,0
2021-04-06 02:00:00,16.4,94.7,32.3,4,6,96,14,2,2021,0,0,0
2021-04-06 03:00:00,5.3,90.3,30.0,4,6,96,14,2,2021,0,0,0
2021-04-06 04:00:00,4.4,93.4,28.8,4,6,96,14,2,2021,0,0,0
2021-04-06 05:00:00,2.2,93.1,28.7,4,6,96,14,2,2021,0,0,0
2021-04-06 06:00:00,3.4,98.7,28.0,4,6,96,14,2,2021,0,0,0
2021-04-06 07:00:00,3.8,98.7,28.1,4,6,96,14,2,2021,0,0,0
2021-04-06 08:00:00,4.5,93.2,28.5,4,6,96,14,2,2021,0,0,0
2021-04-06 09:00:00,5.5,85.8,28.7,4,6,96,14,2,2021,0,0,0
2021-04-06 10:00:00,7.2,78.7,28.8,4,6,96,14,2,2021,0,0,0
2021-04-06 11:00:00,5.4,73.9,29.1,4,6,96,14,2,2021,0,0,0
2021-04-06 12:00:00,5.4,71.1,29.6,4,6,96,14,2,2021,0,0,0
2021-04-06 13:00:00,5.0,69.6,29.9,4,6,96,14,2,2021,0,0,0
2021-04-06 14:00:00,5.3,67.0,30.3,4,6,96,14,2,2021,0,0,0
2021-04-06 15:00:00,4.6,64.4,30.5,4,6,96,14,2,2021,0,0,0
2021-04-06 16:00:00,8.5,71.9,30.1,4,6,96,14,2,2021,0,0,0
2021-04-06 17:00:00,13.6,81.4,29.6,4,6,96,14,2,2021,0,0,0
2021-04-06 18:00:00,12.3,81.1,29.2,4,6,96,14,2,2021,0,0,0
2021-04-06 19:00:00,15.9,81.8,28.8,4,6,96,14,2,2021,0,0,0
2021-04-06 20:00:00,25.1,81.9,28.6,4,6,96,14,2,2021,0,0,0
2021-04-06 21:00:00,20.4,81.6,28.6,4,6,96,14,2,2021,0,0,0
2021-04-06 22:00:00,21.2,81.1,28.8,4,6,96,14,2,2021,0,0,0
2021-04-06 23:00:00,18.9,82.0,28.7,4,6,96,14,2,2021,0,0,0
2021-05-06 00:00:00,19.1,83.8,28.6,5,6,126,18,4,2021,0,0,0
2021-05-06 01:00:00,17.8,88.3,28.1,5,6,126,18,4,2021,0,0,0
2021-05-06 02:00:00,17.1,88.8,28.0,5,6,126,18,4,2021,0,0,0
2021-05-06 03:00:00,15.3,85.2,28.0,5,6,126,18,4,2021,0,0,0
2021-05-06 04:00:00,22.2,84.3,27.9,5,6,126,18,4,2021,0,0,0
2021-05-06 05:00:00,18.9,84.8,27.7,5,6,126,18,4,2021,0,0,0
2021-05-06 06:00:00,15.6,86.3,27.5,5,6,126,18,4,2021,0,0,0
2021-05-06 07:00:00,19.4,85.6,27.6,5,6,126,18,4,2021,0,0,0
2021-05-06 08:00:00,28.7,85.7,27.7,5,6,126,18,4,2021,0,0,0
2021-05-06 09:00:00,26.7,80.9,28.4,5,6,126,18,4,2021,0,0,0
2021-05-06 10:00:00,33.2,79.3,28.8,5,6,126,18,4,2021,0,0,0
2021-05-06 11:00:00,35.2,78.8,29.0,5,6,126,18,4,2021,0,0,0
2021-05-06 12:00:00,23.7,73.6,29.8,5,6,126,18,4,2021,0,0,0
2021-05-06 13:00:00,28.3,69.0,30.8,5,6,126,18,4,2021,0,0,0
2021-05-06 14:00:00,28.8,65.8,31.2,5,6,126,18,4,2021,0,0,0
2021-05-06 15:00:00,22.9,63.7,31.6,5,6,126,18,4,2021,0,0,0
2021-05-06 16:00:00,18.0,63.4,31.8,5,6,126,18,4,2021,0,0,0
2021-05-06 17:00:00,13.6,61.9,31.9,5,6,126,18,4,2021,0,0,0
2021-05-06 18:00:00,17.8,62.6,31.8,5,6,126,18,4,2021,0,0,0
2021-05-06 19:00:00,21.1,63.3,31.5,5,6,126,18,4,2021,0,0,0
2021-05-06 20:00:00,27.1,67.7,30.9,5,6,126,18,4,2021,0,0,0
2021-05-06 21:00:00,38.0,72.0,30.8,5,6,126,18,4,2021,0,0,0
2021-05-06 22:00:00,42.2,74.2,30.7,5,6,126,18,4,2021,0,0,0
2021-05-06 23:00:00,73.55,87.3,29.9,5,6,126,18,4,2021,0,0,0
2021-06-06 00:00:00,104.9,95.9,29.3,6,6,157,22,7,2021,1,0,0
2021-06-06 01:00:00,71.7,94.9,29.3,6,6,157,22,7,2021,1,0,0
2021-06-06 02:00:00,62.0,95.7,29.2,6,6,157,22,7,2021,1,0,0
2021-06-06 03:00:00,42.0,99.8,28.7,6,6,157,22,7,2021,1,0,0
2021-06-06 04:00:00,45.9,100.0,28.5,6,6,157,22,7,2021,1,0,0
2021-06-06 05:00:00,54.0,100.0,28.2,6,6,157,22,7,2021,1,0,0
2021-06-06 06:00:00,56.1,100.0,28.2,6,6,157,22,7,2021,1,0,0
2021-06-06 07:00:00,55.7,100.0,28.5,6,6,157,22,7,2021,1,0,0
2021-06-06 08:00:00,52.7,99.1,29.2,6,6,157,22,7,2021,1,0,0
2021-06-06 09:00:00,64.0,98.0,29.6,6,6,157,22,7,2021,1,0,0
2021-06-06 10:00:00,60.4,97.6,29.5,6,6,157,22,7,2021,1,0,0
2021-06-06 11:00:00,55.6,95.4,29.6,6,6,157,22,7,2021,1,0,0
